Benh,TrieuChung_1,TrieuChung_2,TrieuChung_3,TrieuChung_4,TrieuChung_5,TrieuChung_6,TrieuChung_7,TrieuChung_8
Cảm cúm,sốt cao,mệt mỏi,,,,,,
Hen suyễn,thở khò khè,đau ngực,khó thở,,,,,
Viêm họng,đau họng,khó nuốt,,,,,,
Viêm dạ dày,buồn nôn,đau bụng,ợ chua,đầy hơi,,,,
Hen suyễn,đau ngực,thở khò khè,ho,khó thở,,,,
Thủy đậu,phát ban,sốt,ngứa,mệt mỏi,,,,
Dị ứng,phát ban,hắt hơi,ngứa,nghẹt mũi,,,,
Thủy đậu,phát ban,ngứa,mệt mỏi,,,,,
Sốt xuất huyết,đau sau hốc mắt,sốt cao,phát ban,thở khò khè,buồn nôn,đau khớp,,
Cảm cúm,ho,đau đầu,mệt mỏi,sốt cao,đau họng,đau nhức cơ,,
Viêm họng,đau họng,sưng hạch,ho,khó nuốt,,,,
Sốt xuất huyết,đau sau hốc mắt,buồn nôn,phát ban,sốt cao,khó nuốt,,,
Viêm phế quản,ho có đờm,sốt nhẹ,khó thở,mệt mỏi,,,,
Sốt rét,mệt mỏi,sốt cao,ớn lạnh,đổ mồ hôi,,,,
Dị ứng,hắt hơi,ngứa,nghẹt mũi,phát ban,,,,
Viêm xoang,đau đầu,nghẹt mũi,đau mặt,,,,,
Sốt xuất huyết,chảy máu cam,đau đầu,sốt cao,đau sau hốc mắt,phát ban,,,
Tiêu chảy cấp,buồn nôn,tiêu chảy,đau bụng,mất nước,nôn,,,
Sốt rét,sốt cao,đổ mồ hôi,,,,,,
Thủy đậu,ngứa,mệt mỏi,phát ban,hắt hơi,,,,
Viêm phổi,đau ngực,khó thở,sốt cao,ho có đờm,ớn lạnh,,,
Cảm cúm,ớn lạnh,ho,mệt mỏi,đau nhức cơ,đau họng,,,
Viêm dạ dày,mất nước,đau bụng,đầy hơi,ợ chua,nôn,,,
Viêm xoang,đau mặt,đau đầu,nghẹt mũi,,,,,
Viêm phổi,đau ngực,sốt cao,khó thở,ớn lạnh,,,,
Viêm dạ dày,buồn nôn,ợ chua,đau bụng,nôn,,,,
Viêm họng,ho,sốt,khó nuốt,đau họng,,,,
Cảm lạnh,hắt hơi,đau họng,ho,sổ mũi,nghẹt mũi,,,
Viêm họng,ho,khó nuốt,đau họng,,,,,
Cảm cúm,mệt mỏi,ớn lạnh,đau nhức cơ,sốt cao,ho,đau đầu,đau họng,
Viêm phế quản,ho có đờm,đau ngực,khó thở,,,,,
Viêm họng,đau họng,sốt,sưng hạch,khó nuốt,ho,,,
Viêm phế quản,ho có đờm,khó thở,mệt mỏi,sốt nhẹ,,,,
Hen suyễn,thở khò khè,đau ngực,khó thở,ho,nôn,,,
Cảm lạnh,hắt hơi,sổ mũi,nghẹt mũi,,,,,
Viêm họng,khó nuốt,sốt,,,,,,
Viêm dạ dày,ợ chua,đầy hơi,chán ăn,nôn,,,,
Viêm họng,khó nuốt,sốt,đau họng,sưng hạch,,,,
Viêm dạ dày,nôn,đau bụng,,,,,,
Viêm dạ dày,chán ăn,buồn nôn,ợ chua,,,,,
Viêm dạ dày,ợ chua,nôn,,,,,,
Đau nửa đầu,đau đầu,buồn nôn,nhạy cảm ánh sáng,,,,,
Sốt xuất huyết,sốt cao,phát ban,đau sau hốc mắt,buồn nôn,ợ chua,đau đầu,,
Sốt xuất huyết,sốt cao,đau đầu,phát ban,đau sau hốc mắt,,,,
Cảm cúm,ho,sốt cao,mệt mỏi,đau nhức cơ,đau đầu,,,
Cảm lạnh,sổ mũi,mệt mỏi,ho,đau họng,nghẹt mũi,,,
Viêm phế quản,khó thở,ho có đờm,,,,,,
Sốt xuất huyết,đau sau hốc mắt,phát ban,chảy máu cam,sốt cao,đau khớp,,,
Viêm xoang,đau đầu,nghẹt mũi,đau mặt,sổ mũi,,,,
Sốt rét,mệt mỏi,đau đầu,sốt cao,ớn lạnh,đổ mồ hôi,,,
Sốt xuất huyết,phát ban,sốt cao,đau sau hốc mắt,,,,,
Đau nửa đầu,nhạy cảm ánh sáng,sốt cao,nôn,đau đầu,,,,
Cảm cúm,sốt cao,mệt mỏi,đau nhức cơ,ớn lạnh,ho,,,
Viêm họng,khó nuốt,đau họng,sưng hạch,,,,,
Viêm phế quản,mệt mỏi,ho có đờm,đau ngực,khó thở,,,,
Viêm dạ dày,nôn,đau bụng,ợ chua,buồn nôn,,,,
Tiêu chảy cấp,nôn,buồn nôn,tiêu chảy,,,,,
Cảm lạnh,ớn lạnh,mệt mỏi,nghẹt mũi,sổ mũi,hắt hơi,ho,,
Viêm xoang,đau mặt,sổ mũi,nghẹt mũi,,,,,
Cảm lạnh,ho,hắt hơi,sổ mũi,mệt mỏi,đau họng,nghẹt mũi,,
Sốt xuất huyết,đau đầu,phát ban,đau sau hốc mắt,khó thở,đau khớp,sốt cao,,
Đau nửa đầu,chóng mặt,đau đầu,nhạy cảm ánh sáng,nôn,,,,
Viêm phế quản,mệt mỏi,ho có đờm,,,,,,
Viêm phổi,đau ngực,ho có đờm,sốt cao,khó thở,,,,
Viêm dạ dày,ợ chua,đau bụng,nôn,,,,,
Thủy đậu,ngứa,mệt mỏi,sốt,phát ban,,,,
Đau nửa đầu,đau đầu,nhạy cảm ánh sáng,chóng mặt,nôn,,,,
Viêm phổi,ho có đờm,sốt cao,khó thở,ớn lạnh,mệt mỏi,,,
Viêm dạ dày,đau bụng,buồn nôn,nôn,ợ chua,,,,
Đau nửa đầu,nhạy cảm ánh sáng,đau đầu,chóng mặt,,,,,
Tiêu chảy cấp,tiêu chảy,đau bụng,mệt mỏi,mất nước,sốt,buồn nôn,,
Viêm xoang,đau đầu,nghẹt mũi,giảm khứu giác,đau mặt,,,,
Viêm xoang,sổ mũi,đau mặt,giảm khứu giác,nghẹt mũi,,,,
Tiêu chảy cấp,đau bụng,mất nước,tiêu chảy,nôn,,,,
Sốt rét,đổ mồ hôi,mệt mỏi,ớn lạnh,,,,,
Viêm họng,khó nuốt,đau họng,,,,,,
Tiêu chảy cấp,buồn nôn,đau bụng,nôn,tiêu chảy,sốt,,,
Viêm dạ dày,đầy hơi,ợ chua,buồn nôn,chán ăn,nôn,đau bụng,,
Viêm họng,sốt,đau họng,khó nuốt,,,,,
Viêm họng,sưng hạch,khó nuốt,sốt,đau họng,,,,
Cảm lạnh,sổ mũi,hắt hơi,ho,nghẹt mũi,,,,
Viêm dạ dày,chán ăn,đau bụng,đầy hơi,khó nuốt,nôn,ợ chua,,
Đau nửa đầu,buồn nôn,chóng mặt,đau đầu,nhạy cảm ánh sáng,,,,
Viêm dạ dày,nôn,đau bụng,,,,,,
Cảm cúm,đau nhức cơ,sốt cao,mệt mỏi,ho,,,,
Hen suyễn,ho,thở khò khè,khó thở,,,,,
Viêm dạ dày,đầy hơi,chán ăn,ợ chua,đau bụng,buồn nôn,,,
Tiêu chảy cấp,sốt,tiêu chảy,đau bụng,nôn,,,,
Cảm lạnh,sổ mũi,nghẹt mũi,hắt hơi,mệt mỏi,,,,
Thủy đậu,ngứa,sốt,mệt mỏi,phát ban,,,,
Dị ứng,nghẹt mũi,hắt hơi,,,,,,
Đau nửa đầu,buồn nôn,nhạy cảm ánh sáng,đau đầu,nôn,,,,
Thủy đậu,phát ban,đau mặt,sốt,,,,,
Thủy đậu,phát ban,ngứa,,,,,,
Sốt rét,đổ mồ hôi,sốt cao,đau đầu,ớn lạnh,,,,
Tiêu chảy cấp,sốt,nôn,tiêu chảy,đau bụng,buồn nôn,chảy máu cam,,
Đau nửa đầu,nhạy cảm ánh sáng,đau đầu,buồn nôn,chóng mặt,,,,
Tiêu chảy cấp,sốt,buồn nôn,tiêu chảy,,,,,
Tiêu chảy cấp,đau bụng,tiêu chảy,,,,,,
Viêm phổi,ớn lạnh,ho có đờm,khó thở,sốt cao,,,,
Thủy đậu,chán ăn,phát ban,,,,,,
Dị ứng,hắt hơi,chảy nước mắt,,,,,,
Dị ứng,chảy nước mắt,hắt hơi,,,,,,
Viêm họng,khó nuốt,đau họng,sưng hạch,,,,,
Thủy đậu,phát ban,ngứa,,,,,,
Viêm xoang,nghẹt mũi,đau đầu,đau mặt,,,,,
Viêm phế quản,khó thở,mệt mỏi,ho có đờm,sốt nhẹ,,,,
Viêm phế quản,khó thở,ho có đờm,,,,,,
Hen suyễn,ho,đau ngực,khó thở,thở khò khè,,,,
Tiêu chảy cấp,tiêu chảy,đau bụng,buồn nôn,,,,,
Cảm cúm,ớn lạnh,sốt cao,đau đầu,mệt mỏi,ho,,,
Tiêu chảy cấp,tiêu chảy,nôn,buồn nôn,mất nước,,,,
Hen suyễn,thở khò khè,khó thở,ho,,,,,
Cảm lạnh,sổ mũi,hắt hơi,ho,nghẹt mũi,,,,
Viêm xoang,đau mặt,nghẹt mũi,giảm khứu giác,sổ mũi,,,,
Sốt xuất huyết,buồn nôn,phát ban,sốt cao,chảy máu cam,đau sau hốc mắt,,,
Tiêu chảy cấp,đau bụng,tiêu chảy,buồn nôn,,,,,
Viêm phế quản,sốt nhẹ,khó thở,,,,,,
Hen suyễn,thở khò khè,khó thở,đau ngực,,,,,
Sốt xuất huyết,đau sau hốc mắt,đau khớp,phát ban,,,,,
Đau nửa đầu,đau đầu,chóng mặt,nôn,nhạy cảm ánh sáng,,,,
Cảm cúm,đau đầu,sốt cao,đau nhức cơ,ho,,,,
Viêm phổi,khó thở,ho có đờm,ớn lạnh,sốt cao,mệt mỏi,,,
Cảm cúm,đau họng,mệt mỏi,đau nhức cơ,sốt cao,ớn lạnh,đau đầu,,
Dị ứng,phát ban,ngứa,hắt hơi,,,,,
Thủy đậu,mệt mỏi,ngứa,sốt,phát ban,chán ăn,,,
Hen suyễn,thở khò khè,khó thở,,,,,,
Đau nửa đầu,nhạy cảm ánh sáng,đau đầu,,,,,,
Sốt xuất huyết,sốt cao,phát ban,đau sau hốc mắt,,,,,
Đau nửa đầu,nhạy cảm ánh sáng,buồn nôn,nôn,chóng mặt,,,,
Viêm phổi,ho có đờm,mệt mỏi,khó thở,sốt cao,,,,
Sốt rét,đổ mồ hôi,mệt mỏi,sốt cao,,,,,
Đau nửa đầu,chóng mặt,nhạy cảm ánh sáng,buồn nôn,đau đầu,,,,
Dị ứng,nghẹt mũi,hắt hơi,chảy nước mắt,ngứa,,,,
Tiêu chảy cấp,buồn nôn,đau bụng,nôn,,,,,
Hen suyễn,khó thở,ho,thở khò khè,,,,,
Sốt rét,sốt cao,buồn nôn,đổ mồ hôi,ớn lạnh,mệt mỏi,,,
Viêm dạ dày,ợ chua,nôn,ho có đờm,đau bụng,buồn nôn,,,
Viêm xoang,đau mặt,sổ mũi,nghẹt mũi,,,,,
Sốt xuất huyết,chảy máu cam,buồn nôn,sốt cao,đau sau hốc mắt,đau đầu,,,
Viêm họng,sốt,ho,khó nuốt,ớn lạnh,,,,
Sốt rét,đổ mồ hôi,ớn lạnh,buồn nôn,sốt cao,đau đầu,,,
Hen suyễn,thở khò khè,đau ngực,khó thở,,,,,
Viêm xoang,nghẹt mũi,sổ mũi,,,,,,
Hen suyễn,khó thở,đau bụng,,,,,,
Viêm họng,sốt,đau họng,sưng hạch,khó nuốt,,,,
Hen suyễn,thở khò khè,khó thở,,,,,,
Sốt rét,sốt cao,ớn lạnh,buồn nôn,mệt mỏi,đổ mồ hôi,,,
Viêm dạ dày,ợ chua,chán ăn,đau bụng,,,,,
Sốt xuất huyết,đau sau hốc mắt,đau khớp,phát ban,sốt cao,,,,
Dị ứng,chảy nước mắt,phát ban,ngứa,,,,,
Đau nửa đầu,nhạy cảm ánh sáng,chóng mặt,,,,,,
Cảm cúm,sốt cao,đau nhức cơ,mệt mỏi,,,,,
Viêm phế quản,khó thở,ho có đờm,đau ngực,,,,,
Sốt rét,ớn lạnh,đổ mồ hôi,sốt cao,đau đầu,,,,
Cảm cúm,đau mặt,ho,đau nhức cơ,sốt cao,mệt mỏi,ớn lạnh,,
Viêm xoang,ợ chua,giảm khứu giác,đau đầu,đau mặt,nghẹt mũi,,,
Dị ứng,phát ban,hắt hơi,nghẹt mũi,ngứa,giảm khứu giác,chảy nước mắt,,
Viêm phế quản,khó thở,mệt mỏi,đau ngực,ho có đờm,,,,
Cảm cúm,đau đầu,đau nhức cơ,ớn lạnh,sốt cao,đau họng,,,
Cảm lạnh,sổ mũi,mệt mỏi,nghẹt mũi,hắt hơi,,,,
Viêm họng,đau họng,khó nuốt,,,,,,
Hen suyễn,khó thở,đau ngực,thở khò khè,,,,,
Dị ứng,ngứa,phát ban,chảy nước mắt,hắt hơi,,,,
Thủy đậu,ngứa,phát ban,sốt,ho,,,,
Cảm cúm,sốt cao,đau nhức cơ,mệt mỏi,đau họng,,,,
Hen suyễn,khó thở,thở khò khè,,,,,,
Thủy đậu,ngứa,sốt,phát ban,,,,,
Viêm phổi,đau ngực,ớn lạnh,khó thở,ho có đờm,mất nước,sốt cao,,
Cảm cúm,sốt cao,ho,mệt mỏi,đau họng,đau nhức cơ,,,
Đau nửa đầu,nôn,buồn nôn,đau đầu,nhạy cảm ánh sáng,,,,
Sốt xuất huyết,chảy máu cam,đau sau hốc mắt,buồn nôn,sốt cao,phát ban,,,
Viêm phế quản,sốt nhẹ,đau ngực,khó thở,ho có đờm,,,,
Viêm phế quản,đau ngực,khó thở,sốt nhẹ,ho có đờm,,,,
Sốt xuất huyết,đau khớp,sốt cao,chảy máu cam,đau đầu,phát ban,đau sau hốc mắt,,
Cảm lạnh,mệt mỏi,sổ mũi,ho,nghẹt mũi,đau họng,hắt hơi,,
Cảm cúm,mệt mỏi,đau nhức cơ,sốt cao,đau đầu,,,,
Viêm dạ dày,buồn nôn,ợ chua,nôn,đau bụng,,,,
Đau nửa đầu,buồn nôn,nhạy cảm ánh sáng,,,,,,
Viêm xoang,nghẹt mũi,đau đầu,giảm khứu giác,đau mặt,,,,
Sốt rét,đổ mồ hôi,sốt cao,đau đầu,ớn lạnh,buồn nôn,mệt mỏi,,
Tiêu chảy cấp,buồn nôn,nôn,tiêu chảy,sốt,đau bụng,,,
Sốt rét,ớn lạnh,đổ mồ hôi,mệt mỏi,đau đầu,sốt cao,,,
Dị ứng,ngứa,nghẹt mũi,hắt hơi,,,,,
Đau nửa đầu,nhạy cảm ánh sáng,thở khò khè,buồn nôn,,,,,
Hen suyễn,thở khò khè,khó thở,đau ngực,,,,,
Dị ứng,chảy nước mắt,mệt mỏi,phát ban,ngứa,hắt hơi,nghẹt mũi,,
Sốt rét,mệt mỏi,sốt cao,đổ mồ hôi,,,,,
Viêm phế quản,khó thở,ho có đờm,sốt nhẹ,đau ngực,,,,
Dị ứng,phát ban,hắt hơi,ngứa,nghẹt mũi,,,,
Viêm phế quản,khó thở,mệt mỏi,ho có đờm,,,,,
Viêm phổi,ho có đờm,ớn lạnh,đau ngực,sốt cao,khó thở,,,
Đau nửa đầu,nhạy cảm ánh sáng,chóng mặt,đau đầu,,,,,
Sốt rét,mệt mỏi,ớn lạnh,sốt cao,,,,,
Sốt rét,đổ mồ hôi,sốt cao,ớn lạnh,,,,,
Viêm họng,khó nuốt,đau họng,,,,,,
Sốt rét,ớn lạnh,sốt cao,đau đầu,đổ mồ hôi,,,,
Đau nửa đầu,nôn,chóng mặt,đau đầu,nhạy cảm ánh sáng,,,,
Viêm dạ dày,nôn,đầy hơi,đau bụng,ợ chua,,,,
Hen suyễn,khó thở,đau ngực,thở khò khè,,,,,
Đau nửa đầu,nôn,đau đầu,buồn nôn,đau họng,nhạy cảm ánh sáng,,,
Viêm họng,khó nuốt,đau họng,sốt,ho,,,,
Viêm xoang,nghẹt mũi,,,,,,,
Thủy đậu,phát ban,ngứa,sốt,,,,,
Viêm dạ dày,ợ chua,đau bụng,chán ăn,,,,,
Sốt rét,đau đầu,đổ mồ hôi,ớn lạnh,sốt cao,,,,
Cảm lạnh,nghẹt mũi,ho,sổ mũi,hắt hơi,đau họng,,,
Viêm phổi,sốt cao,đau ngực,ho có đờm,mệt mỏi,khó thở,,,
Thủy đậu,chán ăn,sốt,mệt mỏi,ngứa,phát ban,,,
Đau nửa đầu,nhạy cảm ánh sáng,đau đầu,,,,,,
Cảm cúm,mệt mỏi,sốt cao,đau đầu,đau họng,đau nhức cơ,,,
Viêm phế quản,khó thở,ho có đờm,đau ngực,,,,,
Dị ứng,hắt hơi,ngứa,chảy nước mắt,,,,,
Thủy đậu,mệt mỏi,phát ban,sốt,ngứa,,,,
Sốt xuất huyết,ngứa,chảy máu cam,đau khớp,đau đầu,phát ban,buồn nôn,sốt cao,đau sau hốc mắt
Viêm dạ dày,chán ăn,nôn,đau bụng,,,,,
Tiêu chảy cấp,sốt,đau bụng,tiêu chảy,nôn,mất nước,buồn nôn,,
Viêm họng,đau họng,ho,sốt,khó nuốt,,,,
Viêm phổi,ớn lạnh,ho có đờm,đau ngực,sốt cao,khó thở,,,
Viêm họng,khó nuốt,sốt,sưng hạch,đau họng,,,,
Thủy đậu,phát ban,sốt,ngứa,,,,,
Dị ứng,ngứa,hắt hơi,,,,,,
Cảm cúm,sốt cao,ớn lạnh,mệt mỏi,đau nhức cơ,đau đầu,,,
Tiêu chảy cấp,sốt,mất nước,đau bụng,,,,,
Sốt xuất huyết,đau đầu,đau khớp,sốt cao,đau sau hốc mắt,,,,
Hen suyễn,đau họng,thở khò khè,khó thở,,,,,
Viêm dạ dày,đau bụng,buồn nôn,chán ăn,ợ chua,,,,
Cảm lạnh,hắt hơi,nghẹt mũi,ho,sổ mũi,đau họng,mệt mỏi,,
Viêm dạ dày,nôn,buồn nôn,đau bụng,ợ chua,đầy hơi,,,
Hen suyễn,khó thở,thở khò khè,,,,,,
Dị ứng,chảy nước mắt,ngứa,hắt hơi,nghẹt mũi,,,,
Viêm dạ dày,ợ chua,đau bụng,nôn,,,,,
Tiêu chảy cấp,tiêu chảy,sốt,đau bụng,nôn,buồn nôn,mất nước,,
Sốt xuất huyết,chảy máu cam,đau sau hốc mắt,phát ban,sốt cao,,,,
Viêm dạ dày,ợ chua,buồn nôn,đau bụng,chán ăn,,,,
Dị ứng,ngứa,chảy nước mắt,hắt hơi,nghẹt mũi,,,,
Hen suyễn,ho,thở khò khè,khó thở,,,,,
Viêm phế quản,ho có đờm,khó thở,đau ngực,sốt nhẹ,,,,
Hen suyễn,khó thở,đau ngực,thở khò khè,buồn nôn,,,,
Tiêu chảy cấp,tiêu chảy,sốt,đau bụng,mất nước,,,,
Sốt xuất huyết,phát ban,đau khớp,đau sau hốc mắt,đau đầu,buồn nôn,sốt cao,,
Viêm dạ dày,đầy hơi,ợ chua,đau bụng,chán ăn,,,,
Dị ứng,hắt hơi,nghẹt mũi,chảy nước mắt,ngứa,phát ban,,,
Hen suyễn,đau ngực,thở khò khè,khó thở,,,,,
Viêm họng,đau họng,ho,khó nuốt,,,,,
Thủy đậu,phát ban,sốt,,,,,,
Cảm cúm,sốt cao,mệt mỏi,đau nhức cơ,đau đầu,ớn lạnh,,,
Tiêu chảy cấp,tiêu chảy,đau bụng,,,,,,
Thủy đậu,mệt mỏi,phát ban,ngứa,chán ăn,sốt,,,
Đau nửa đầu,nhạy cảm ánh sáng,sốt nhẹ,đau đầu,,,,,
Viêm phế quản,ho có đờm,mệt mỏi,,,,,,
Cảm lạnh,nghẹt mũi,sổ mũi,hắt hơi,mệt mỏi,đau họng,,,
Dị ứng,chảy nước mắt,ngứa,hắt hơi,,,,,
Viêm dạ dày,buồn nôn,đau bụng,ợ chua,,,,,
Hen suyễn,thở khò khè,khó thở,đau ngực,ho,,,,
Sốt xuất huyết,đau sau hốc mắt,sốt cao,phát ban,,,,,
Viêm dạ dày,đau bụng,nôn,ợ chua,,,,,
Sốt rét,buồn nôn,sốt cao,đổ mồ hôi,mệt mỏi,,,,
Dị ứng,nghẹt mũi,phát ban,ngứa,hắt hơi,,,,
Viêm dạ dày,đầy hơi,ợ chua,chán ăn,buồn nôn,đau bụng,,,
Dị ứng,chảy nước mắt,ngứa,phát ban,hắt hơi,,,,
Sốt xuất huyết,sốt cao,đau sau hốc mắt,phát ban,buồn nôn,đau khớp,chảy máu cam,,
Dị ứng,ngứa,chảy nước mắt,hắt hơi,,,,,
Sốt xuất huyết,phát ban,đau đầu,sốt cao,,,,,
Đau nửa đầu,nôn,đau đầu,nhạy cảm ánh sáng,,,,,
Sốt rét,ớn lạnh,sốt cao,mệt mỏi,đau đầu,đổ mồ hôi,buồn nôn,,
Hen suyễn,đau ngực,thở khò khè,khó thở,,,,,
Đau nửa đầu,nôn,nhạy cảm ánh sáng,buồn nôn,đau đầu,,,,
Viêm xoang,nghẹt mũi,đau mặt,,,,,,
Viêm dạ dày,đau bụng,,,,,,,
Sốt rét,sốt cao,đổ mồ hôi,ớn lạnh,,,,,
Cảm lạnh,đau họng,sổ mũi,hắt hơi,nghẹt mũi,,,,
Thủy đậu,mệt mỏi,phát ban,sốt,ngứa,,,,
Cảm lạnh,hắt hơi,ho,mệt mỏi,nghẹt mũi,sổ mũi,,,
Thủy đậu,sốt,ngứa,mệt mỏi,phát ban,,,,
Cảm cúm,đau nhức cơ,đau đầu,đau họng,sốt cao,ớn lạnh,ho,mệt mỏi,
Viêm họng,ho,sốt,khó nuốt,nhạy cảm ánh sáng,,,,
Dị ứng,hắt hơi,nghẹt mũi,phát ban,ngứa,,,,
Hen suyễn,ho,khó thở,thở khò khè,,,,,
Cảm lạnh,sổ mũi,mệt mỏi,nghẹt mũi,hắt hơi,,,,
Cảm cúm,mệt mỏi,ớn lạnh,sốt cao,chảy máu cam,,,,
Viêm phế quản,khó thở,ho có đờm,,,,,,
Sốt rét,buồn nôn,đổ mồ hôi,ớn lạnh,,,,,
Đau nửa đầu,đau đầu,nôn,nhạy cảm ánh sáng,chóng mặt,,,,
Tiêu chảy cấp,sốt,tiêu chảy,đau bụng,thở khò khè,,,,
Dị ứng,ngứa,hắt hơi,,,,,,
Viêm xoang,đau mặt,đau đầu,nghẹt mũi,giảm khứu giác,sổ mũi,,,
Đau nửa đầu,buồn nôn,nôn,nhạy cảm ánh sáng,đau đầu,,,,
Tiêu chảy cấp,tiêu chảy,sốt,buồn nôn,mất nước,,,,
Tiêu chảy cấp,đau bụng,tiêu chảy,,,,,,
Tiêu chảy cấp,đau bụng,mất nước,tiêu chảy,,,,,
Viêm dạ dày,ợ chua,đau bụng,chán ăn,,,,,
Hen suyễn,khó thở,thở khò khè,đau ngực,,,,,
Dị ứng,nghẹt mũi,hắt hơi,phát ban,ngứa,,,,
Thủy đậu,mệt mỏi,ngứa,phát ban,sốt,,,,
Cảm cúm,đau họng,ho,đau nhức cơ,mệt mỏi,sốt cao,ớn lạnh,,
Sốt xuất huyết,đau sau hốc mắt,sốt cao,phát ban,,,,,
Đau nửa đầu,đau đầu,nhạy cảm ánh sáng,nôn,,,,,
Viêm xoang,nghẹt mũi,đau đầu,giảm khứu giác,đau mặt,,,,
Viêm dạ dày,nôn,ợ chua,đau bụng,chán ăn,buồn nôn,,,
Dị ứng,chảy nước mắt,ngứa,hắt hơi,phát ban,,,,
Viêm dạ dày,đầy hơi,đau bụng,buồn nôn,nôn,ợ chua,,,
Sốt xuất huyết,đau đầu,buồn nôn,sốt cao,phát ban,chảy máu cam,đau sau hốc mắt,,
Dị ứng,nghẹt mũi,ngứa,phát ban,hắt hơi,chảy nước mắt,,,
Thủy đậu,ngứa,sốt,,,,,,
Dị ứng,hắt hơi,nghẹt mũi,ngứa,,,,,
Viêm phế quản,ho có đờm,sốt nhẹ,khó thở,đau ngực,,,,
Hen suyễn,thở khò khè,ho,khó thở,đau ngực,,,,
Sốt xuất huyết,sốt cao,phát ban,đau ngực,đau sau hốc mắt,đau khớp,,,
Cảm lạnh,hắt hơi,nghẹt mũi,đau họng,ho,,,,
Cảm cúm,đau đầu,mệt mỏi,đau họng,sốt cao,đau nhức cơ,,,
Viêm phế quản,khó thở,mệt mỏi,ho có đờm,,,,,
Đau nửa đầu,buồn nôn,đau đầu,nôn,,,,,
Tiêu chảy cấp,nôn,buồn nôn,tiêu chảy,mất nước,sốt,đau bụng,,
Hen suyễn,thở khò khè,đau ngực,khó thở,,,,,
Cảm cúm,mệt mỏi,đau nhức cơ,sốt cao,,,,,
Tiêu chảy cấp,đau bụng,tiêu chảy,,,,,,
Cảm cúm,mệt mỏi,đau nhức cơ,đau họng,sốt cao,,,,
Thủy đậu,mệt mỏi,ngứa,phát ban,chán ăn,,,,
Đau nửa đầu,đau đầu,nôn,buồn nôn,chóng mặt,nhạy cảm ánh sáng,,,
Viêm xoang,đau mặt,đau đầu,giảm khứu giác,nghẹt mũi,,,,
Sốt xuất huyết,đau sau hốc mắt,sốt cao,phát ban,đau khớp,,,,
Viêm phế quản,mệt mỏi,khó thở,ho có đờm,,,,,
Viêm dạ dày,đầy hơi,chán ăn,đau bụng,ợ chua,nôn,,,
Tiêu chảy cấp,tiêu chảy,buồn nôn,nôn,đau bụng,mất nước,,,
Viêm dạ dày,nôn,đau bụng,ợ chua,,,,,
Viêm họng,sốt,khó nuốt,đau họng,ho,,,,
Dị ứng,nghẹt mũi,phát ban,ngứa,hắt hơi,,,,
Viêm phổi,khó thở,đau ngực,sốt cao,thở khò khè,,,,
Dị ứng,ngứa,hắt hơi,,,,,,
Cảm cúm,mệt mỏi,sốt cao,đau nhức cơ,đau đầu,đau họng,,,
Cảm cúm,đau nhức cơ,ho,mệt mỏi,sốt cao,ớn lạnh,,,
Hen suyễn,đau ngực,thở khò khè,khó thở,mệt mỏi,,,,
Sốt rét,đau đầu,sốt cao,ớn lạnh,đổ mồ hôi,buồn nôn,,,
Thủy đậu,sốt,phát ban,ngứa,mệt mỏi,,,,
Sốt rét,đổ mồ hôi,mệt mỏi,ớn lạnh,sốt cao,,,,
Sốt xuất huyết,đau sau hốc mắt,chảy máu cam,phát ban,đau khớp,buồn nôn,sốt cao,,
Cảm lạnh,hắt hơi,ho,sổ mũi,nghẹt mũi,,,,
Sốt xuất huyết,buồn nôn,đau sau hốc mắt,sốt cao,đau đầu,phát ban,,,
Dị ứng,phát ban,ngứa,hắt hơi,nghẹt mũi,,,,
Viêm phế quản,khó thở,đau ngực,ho có đờm,,,,,
Dị ứng,hắt hơi,ngứa,,,,,,
Viêm họng,khó nuốt,sưng hạch,sốt,đau họng,,,,
Viêm dạ dày,chán ăn,đầy hơi,đau bụng,buồn nôn,ợ chua,,,
Dị ứng,ngứa,hắt hơi,ớn lạnh,phát ban,,,,
Đau nửa đầu,buồn nôn,nôn,nhạy cảm ánh sáng,,,,,
Dị ứng,ngứa,nghẹt mũi,hắt hơi,,,,,
Tiêu chảy cấp,sốt,buồn nôn,đau bụng,mất nước,nôn,,,
Sốt rét,mệt mỏi,đổ mồ hôi,ớn lạnh,buồn nôn,,,,
Viêm dạ dày,ợ chua,đau bụng,đầy hơi,,,,,
Sốt xuất huyết,chảy máu cam,buồn nôn,đau sau hốc mắt,sốt cao,phát ban,,,
Viêm phổi,ớn lạnh,khó thở,sốt cao,đau ngực,ho có đờm,mệt mỏi,,
Viêm dạ dày,buồn nôn,ợ chua,đau bụng,,,,,
Hen suyễn,khó thở,thở khò khè,đau ngực,,,,,
Cảm cúm,đau đầu,mệt mỏi,đau họng,đau nhức cơ,ớn lạnh,sốt cao,,
Sốt rét,sốt cao,đổ mồ hôi,mệt mỏi,ớn lạnh,,,,
Cảm cúm,ho,mệt mỏi,sốt cao,đau nhức cơ,,,,
Hen suyễn,ngứa,khó thở,thở khò khè,,,,,
Thủy đậu,ngứa,sốt,chán ăn,phát ban,mệt mỏi,,,
Hen suyễn,thở khò khè,khó thở,ho,,,,,
Đau nửa đầu,nhạy cảm ánh sáng,đau đầu,nôn,,,,,
Tiêu chảy cấp,đau bụng,mất nước,buồn nôn,,,,,
Sốt rét,sốt cao,ớn lạnh,đổ mồ hôi,buồn nôn,,,,
Sốt rét,nhạy cảm ánh sáng,ớn lạnh,sốt cao,đổ mồ hôi,,,,
Sốt rét,đổ mồ hôi,đau đầu,sốt cao,ớn lạnh,mệt mỏi,,,
Viêm họng,đau họng,sốt,ho,sưng hạch,khó nuốt,,,
Sốt xuất huyết,đau sau hốc mắt,sốt cao,buồn nôn,phát ban,,,,
Hen suyễn,khó thở,thở khò khè,,,,,,
Viêm họng,ho,khó nuốt,đau họng,sốt,sưng hạch,,,
Viêm xoang,nghẹt mũi,đau đầu,,,,,,
Viêm dạ dày,ợ chua,buồn nôn,chán ăn,đau bụng,nôn,,,
Viêm dạ dày,đầy hơi,nôn,chán ăn,ợ chua,đau bụng,buồn nôn,,
Viêm xoang,đau mặt,nghẹt mũi,sổ mũi,,,,,
Sốt xuất huyết,chảy máu cam,phát ban,đau sau hốc mắt,đau khớp,,,,
Viêm phổi,ho có đờm,sốt cao,khó thở,,,,,
Sốt rét,đổ mồ hôi,sốt cao,ớn lạnh,buồn nôn,sưng hạch,,,
Viêm phế quản,khó thở,ho có đờm,sốt nhẹ,,,,,
Dị ứng,phát ban,ngứa,hắt hơi,nghẹt mũi,,,,
Viêm họng,khó nuốt,đau họng,sưng hạch,ho,sốt,,,
Sốt rét,ớn lạnh,sốt cao,đổ mồ hôi,,,,,
Cảm cúm,sốt cao,mệt mỏi,đau nhức cơ,,,,,
Cảm cúm,đau đầu,đau họng,ớn lạnh,sốt cao,ho,đau nhức cơ,mệt mỏi,
Cảm lạnh,hắt hơi,sổ mũi,mệt mỏi,đau họng,nghẹt mũi,,,
Viêm họng,đau họng,khó nuốt,sốt,,,,,
Hen suyễn,khó thở,thở khò khè,ho,,,,,
Viêm xoang,sổ mũi,giảm khứu giác,nghẹt mũi,đau mặt,,,,
Thủy đậu,thở khò khè,phát ban,mệt mỏi,chán ăn,ngứa,,,
Viêm phế quản,khó thở,mệt mỏi,ho có đờm,sốt nhẹ,,,,
Tiêu chảy cấp,sốt,tiêu chảy,nôn,đau bụng,mất nước,,,
Thủy đậu,ngứa,phát ban,,,,,,
Cảm lạnh,hắt hơi,sổ mũi,nghẹt mũi,mệt mỏi,,,,
Viêm phổi,sốt cao,đau ngực,ho có đờm,khó thở,,,,
Cảm cúm,ớn lạnh,đau đầu,đau nhức cơ,sốt cao,mệt mỏi,,,
Sốt rét,mệt mỏi,sốt cao,đổ mồ hôi,ớn lạnh,buồn nôn,,,
Hen suyễn,đau ngực,khó thở,thở khò khè,,,,,
Viêm phổi,đau ngực,sốt cao,ho có đờm,khó thở,mệt mỏi,,,
Dị ứng,nghẹt mũi,ngứa,phát ban,hắt hơi,,,,
Cảm cúm,sốt cao,đau nhức cơ,ớn lạnh,,,,,
Viêm phổi,ho có đờm,khó thở,ớn lạnh,,,,,
Cảm lạnh,ho,hắt hơi,sổ mũi,mệt mỏi,,,,
Viêm phế quản,ho có đờm,khó thở,sốt nhẹ,,,,,
Viêm phế quản,ho có đờm,khó thở,mệt mỏi,đau ngực,,,,
Sốt xuất huyết,ho,phát ban,đau đầu,sốt cao,đau sau hốc mắt,,,
Viêm phổi,khó thở,đau ngực,sốt cao,mệt mỏi,ho có đờm,,,
Viêm họng,khó nuốt,đau ngực,sưng hạch,đau họng,ho,,,
Viêm phổi,mệt mỏi,khó thở,đau ngực,ho có đờm,ớn lạnh,sốt cao,,
Viêm xoang,đau mặt,nghẹt mũi,,,,,,
Thủy đậu,ngứa,phát ban,sốt,chán ăn,,,,
Viêm phế quản,đau ngực,sốt nhẹ,ho có đờm,khó thở,,,,
Viêm họng,khó nuốt,sưng hạch,ho,đau họng,,,,
Viêm họng,khó nuốt,đau họng,,,,,,
Viêm họng,đau họng,khó nuốt,ho,,,,,
Sốt xuất huyết,đau đầu,đau sau hốc mắt,sốt cao,phát ban,,,,
Cảm lạnh,hắt hơi,nghẹt mũi,ho,sổ mũi,,,,
Viêm xoang,nghẹt mũi,giảm khứu giác,,,,,,
Tiêu chảy cấp,buồn nôn,đau bụng,sốt,tiêu chảy,,,,
Thủy đậu,phát ban,sốt,,,,,,
Cảm cúm,mệt mỏi,đau nhức cơ,đau đầu,sốt cao,đau họng,,,
Tiêu chảy cấp,buồn nôn,tiêu chảy,nôn,,,,,
Dị ứng,nhạy cảm ánh sáng,hắt hơi,ngứa,nghẹt mũi,phát ban,,,
Hen suyễn,khó thở,ho,thở khò khè,mệt mỏi,,,,
Cảm cúm,ho,ớn lạnh,đau nhức cơ,sốt cao,mệt mỏi,đau đầu,,
Tiêu chảy cấp,đau bụng,buồn nôn,mất nước,tiêu chảy,nôn,,,
Đau nửa đầu,nôn,đau đầu,nhạy cảm ánh sáng,,,,,
Tiêu chảy cấp,nôn,đau bụng,tiêu chảy,mất nước,,,,
Tiêu chảy cấp,buồn nôn,tiêu chảy,đau bụng,sốt,,,,
Thủy đậu,mệt mỏi,phát ban,ngứa,,,,,
Viêm dạ dày,nôn,ợ chua,đau bụng,buồn nôn,đầy hơi,,,
Tiêu chảy cấp,nôn,đau bụng,,,,,,
Viêm phế quản,ho có đờm,khó thở,,,,,,
Hen suyễn,khó thở,ho,thở khò khè,,,,,
Hen suyễn,thở khò khè,đau ngực,khó thở,,,,,
Viêm phổi,ho có đờm,mệt mỏi,ớn lạnh,khó thở,sốt cao,,,
Cảm cúm,mệt mỏi,sốt cao,đau đầu,đau nhức cơ,đau khớp,ớn lạnh,,
Đau nửa đầu,đau đầu,nhạy cảm ánh sáng,chóng mặt,,,,,
Cảm lạnh,hắt hơi,mệt mỏi,nghẹt mũi,sổ mũi,ho,,,
Sốt xuất huyết,đau đầu,đau sau hốc mắt,phát ban,sốt cao,đau khớp,,,
Thủy đậu,sốt,ngứa,phát ban,,,,,
Viêm dạ dày,đau bụng,ợ chua,,,,,,
Đau nửa đầu,chóng mặt,đau đầu,buồn nôn,nhạy cảm ánh sáng,nôn,,,
Sốt rét,đau sau hốc mắt,ớn lạnh,sốt cao,đổ mồ hôi,,,,
Viêm xoang,đau mặt,nghẹt mũi,,,,,,
Viêm phế quản,sốt nhẹ,mệt mỏi,khó thở,ho có đờm,,,,
Thủy đậu,sốt,phát ban,ngứa,,,,,
Viêm xoang,giảm khứu giác,đau mặt,sổ mũi,đau đầu,nghẹt mũi,,,
Tiêu chảy cấp,sốt,buồn nôn,đau bụng,,,,,
Viêm phổi,sốt cao,đau ngực,khó thở,ho có đờm,,,,
Sốt rét,đổ mồ hôi,đau đầu,sốt cao,ớn lạnh,,,,
Hen suyễn,ho,khó thở,thở khò khè,đau ngực,,,,
Hen suyễn,khó thở,ho,thở khò khè,đau ngực,,,,
Sốt xuất huyết,chảy máu cam,sốt cao,đau sau hốc mắt,đau khớp,phát ban,,,
Thủy đậu,phát ban,chán ăn,,,,,,
Viêm phổi,đổ mồ hôi,mệt mỏi,khó thở,ho có đờm,sốt cao,,,
Viêm phổi,ho có đờm,sốt cao,khó thở,,,,,
Viêm xoang,sổ mũi,đau mặt,giảm khứu giác,nghẹt mũi,,,,
Dị ứng,phát ban,ngứa,hắt hơi,chảy nước mắt,nghẹt mũi,,,
Dị ứng,hắt hơi,phát ban,ngứa,,,,,
Dị ứng,hắt hơi,phát ban,đau sau hốc mắt,,,,,
Cảm cúm,mệt mỏi,ớn lạnh,sốt cao,đau đầu,đau nhức cơ,,,
Đau nửa đầu,chóng mặt,đau đầu,buồn nôn,nhạy cảm ánh sáng,,,,
Viêm phổi,ho có đờm,đau ngực,khó thở,sốt cao,,,,
Viêm xoang,đau mặt,đau đầu,sổ mũi,nghẹt mũi,đau nhức cơ,,,
Viêm phế quản,khó thở,ho có đờm,mệt mỏi,đau ngực,,,,
Viêm họng,đau họng,khó nuốt,,,,,,
Dị ứng,chảy nước mắt,hắt hơi,ngứa,,,,,
Dị ứng,hắt hơi,,,,,,,
Viêm họng,đau họng,sưng hạch,ho,khó nuốt,,,,
Hen suyễn,khó thở,ho,thở khò khè,,,,,
Viêm xoang,đau đầu,đau mặt,sổ mũi,nghẹt mũi,giảm khứu giác,,,
Cảm lạnh,mệt mỏi,đau bụng,sổ mũi,nghẹt mũi,hắt hơi,,,
Đau nửa đầu,buồn nôn,đau đầu,nhạy cảm ánh sáng,,,,,
Đau nửa đầu,chóng mặt,nhạy cảm ánh sáng,nôn,đau đầu,,,,
Viêm dạ dày,chán ăn,đau bụng,đầy hơi,nôn,ợ chua,,,
Dị ứng,hắt hơi,ngứa,chảy nước mắt,,,,,
Viêm phế quản,khó thở,ho có đờm,sốt nhẹ,mệt mỏi,,,,
Cảm cúm,mệt mỏi,sốt cao,đau nhức cơ,,,,,
Viêm dạ dày,đau bụng,ợ chua,,,,,,
Dị ứng,ngứa,phát ban,hắt hơi,,,,,
Sốt rét,mệt mỏi,đổ mồ hôi,ớn lạnh,buồn nôn,sốt cao,,,
Viêm họng,đau họng,sốt,khó nuốt,đau ngực,,,,
Cảm cúm,mệt mỏi,sốt cao,,,,,,
Cảm cúm,đau họng,mệt mỏi,ớn lạnh,sốt cao,đau nhức cơ,,,
Viêm phổi,mệt mỏi,đau ngực,sốt cao,khó thở,ho có đờm,,,
Viêm phổi,sốt cao,khó thở,ho có đờm,,,,,
Viêm phổi,sốt cao,ho có đờm,ớn lạnh,khó thở,giảm khứu giác,,,
Dị ứng,chảy nước mắt,hắt hơi,phát ban,nghẹt mũi,ngứa,,,
Thủy đậu,phát ban,mệt mỏi,ngứa,,,,,
Thủy đậu,ngứa,mệt mỏi,sốt,phát ban,,,,
Cảm lạnh,đau họng,hắt hơi,sổ mũi,nghẹt mũi,mệt mỏi,,,
Hen suyễn,khó thở,thở khò khè,,,,,,
Sốt rét,đổ mồ hôi,sốt cao,ớn lạnh,đau đầu,,,,
Đau nửa đầu,đau đầu,chóng mặt,nôn,,,,,
Viêm họng,nôn,khó nuốt,sưng hạch,ho,đau họng,sốt,,
Cảm lạnh,sổ mũi,đau họng,nghẹt mũi,hắt hơi,,,,
Sốt xuất huyết,đau khớp,buồn nôn,phát ban,đau sau hốc mắt,sốt cao,,,
Viêm phổi,ớn lạnh,ho có đờm,sốt cao,khó thở,,,,
Viêm dạ dày,đau bụng,nôn,đầy hơi,ợ chua,,,,
Cảm cúm,sốt cao,đau đầu,đau nhức cơ,,,,,
Viêm phế quản,ho có đờm,khó thở,,,,,,
Viêm họng,đau họng,ho,khó nuốt,,,,,
Viêm xoang,nghẹt mũi,sổ mũi,,,,,,
Sốt rét,buồn nôn,sốt cao,ớn lạnh,đổ mồ hôi,,,,
Thủy đậu,phát ban,ngứa,sốt,,,,,
Đau nửa đầu,đau đầu,chóng mặt,buồn nôn,nhạy cảm ánh sáng,,,,
Cảm lạnh,đau họng,mệt mỏi,nghẹt mũi,sổ mũi,hắt hơi,,,
Hen suyễn,khó thở,thở khò khè,,,,,,
Tiêu chảy cấp,tiêu chảy,sốt,đau bụng,mất nước,,,,
Sốt xuất huyết,đau sau hốc mắt,phát ban,đau đầu,sốt cao,đau khớp,,,
Viêm phổi,ho có đờm,ớn lạnh,khó thở,đau đầu,mệt mỏi,sốt cao,,
Dị ứng,ngứa,hắt hơi,nghẹt mũi,,,,,
Thủy đậu,ngứa,mệt mỏi,sốt,,,,,
Cảm lạnh,nghẹt mũi,mệt mỏi,sổ mũi,hắt hơi,,,,
Hen suyễn,khó thở,thở khò khè,,,,,,
Sốt rét,ớn lạnh,đổ mồ hôi,sốt cao,buồn nôn,mệt mỏi,,,
Sốt xuất huyết,phát ban,buồn nôn,đau sau hốc mắt,sốt cao,,,,
Thủy đậu,chán ăn,phát ban,,,,,,
Hen suyễn,thở khò khè,khó thở,ho,,,,,
Viêm xoang,nghẹt mũi,đau đầu,đau mặt,sổ mũi,,,,
Viêm phổi,sốt cao,ho có đờm,ớn lạnh,khó thở,,,,
Tiêu chảy cấp,sốt,tiêu chảy,đau bụng,nôn,mất nước,,,
Tiêu chảy cấp,tiêu chảy,nôn,buồn nôn,ngứa,mất nước,đau bụng,,
Đau nửa đầu,đau đầu,chóng mặt,nôn,nhạy cảm ánh sáng,,,,
Đau nửa đầu,nôn,đau đầu,nhạy cảm ánh sáng,,,,,
Thủy đậu,sốt,ngứa,phát ban,,,,,
Viêm phế quản,ho có đờm,đau ngực,,,,,,
Viêm dạ dày,ợ chua,buồn nôn,đau bụng,đầy hơi,,,,
Thủy đậu,mệt mỏi,phát ban,sốt,,,,,
Viêm dạ dày,buồn nôn,nôn,đầy hơi,đau bụng,ợ chua,,,
Viêm phổi,ớn lạnh,ho có đờm,nghẹt mũi,khó thở,sốt cao,đau ngực,,
Cảm lạnh,đau họng,nghẹt mũi,ho,hắt hơi,chóng mặt,mệt mỏi,sổ mũi,
Viêm dạ dày,ợ chua,nôn,đau bụng,chán ăn,,,,
Viêm dạ dày,ợ chua,buồn nôn,đau bụng,nôn,,,,
Viêm họng,sưng hạch,khó nuốt,sốt,đau họng,ho,,,
Dị ứng,ngứa,hắt hơi,,,,,,
Cảm lạnh,mệt mỏi,sổ mũi,nghẹt mũi,đau họng,hắt hơi,,,
Viêm phổi,khó thở,ho có đờm,đau mặt,sốt cao,,,,
Viêm phế quản,ho có đờm,đau ngực,sốt nhẹ,mệt mỏi,,,,
Hen suyễn,thở khò khè,ho,đau ngực,khó thở,đau họng,,,
Viêm phế quản,đau ngực,ho có đờm,mệt mỏi,khó thở,,,,
Viêm phế quản,ho có đờm,khó thở,mệt mỏi,sốt nhẹ,đau ngực,,,
Hen suyễn,thở khò khè,khó thở,,,,,,
Viêm họng,đau họng,ho,sốt,sưng hạch,,,,
Hen suyễn,ho,khó thở,thở khò khè,đau ngực,,,,
Sốt rét,ớn lạnh,đổ mồ hôi,sốt cao,,,,,
Viêm họng,khó nuốt,ho,đau họng,sưng hạch,,,,
Viêm dạ dày,đau bụng,ợ chua,nghẹt mũi,nôn,buồn nôn,,,
Đau nửa đầu,buồn nôn,nhạy cảm ánh sáng,đau đầu,,,,,
Tiêu chảy cấp,đau bụng,tiêu chảy,nôn,mất nước,,,,
Viêm phế quản,ho có đờm,sốt nhẹ,,,,,,
Sốt xuất huyết,đau sau hốc mắt,đau đầu,buồn nôn,phát ban,sốt cao,đau khớp,,
Đau nửa đầu,nhạy cảm ánh sáng,đau đầu,buồn nôn,chóng mặt,,,,
Cảm lạnh,nghẹt mũi,hắt hơi,sổ mũi,,,,,
Viêm dạ dày,đau bụng,ợ chua,đầy hơi,buồn nôn,,,,
Tiêu chảy cấp,mất nước,nôn,đau bụng,tiêu chảy,,,,
Dị ứng,nghẹt mũi,ngứa,hắt hơi,,,,,
Dị ứng,nghẹt mũi,ngứa,chảy nước mắt,hắt hơi,,,,
Viêm xoang,đau mặt,nghẹt mũi,,,,,,
Viêm phế quản,khó thở,ho có đờm,sốt nhẹ,mệt mỏi,đau ngực,,,
Dị ứng,hắt hơi,chảy nước mắt,,,,,,
Viêm họng,sốt,khó nuốt,ho,đau họng,chảy nước mắt,,,
Sốt rét,đau đầu,sốt cao,ớn lạnh,mệt mỏi,,,,
Viêm xoang,đau mặt,nghẹt mũi,đau đầu,,,,,
Cảm lạnh,hắt hơi,nghẹt mũi,mệt mỏi,đau họng,sổ mũi,,,
Viêm phổi,khó thở,ho có đờm,mệt mỏi,đau ngực,sốt cao,,,
Dị ứng,phát ban,hắt hơi,ngứa,chảy nước mắt,,,,
Sốt xuất huyết,sốt cao,phát ban,chảy máu cam,buồn nôn,đau sau hốc mắt,,,
Viêm dạ dày,đau bụng,đầy hơi,ợ chua,chán ăn,,,,
Viêm phổi,sốt cao,khó thở,ho có đờm,ớn lạnh,,,,
Cảm cúm,đau đầu,sốt cao,đau nhức cơ,đau họng,mệt mỏi,,,
Viêm phế quản,sốt nhẹ,khó thở,ho có đờm,,,,,
Viêm phế quản,ho có đờm,hắt hơi,khó thở,,,,,
Thủy đậu,ngứa,chán ăn,,,,,,
Hen suyễn,thở khò khè,khó thở,,,,,,
Viêm dạ dày,buồn nôn,đầy hơi,ợ chua,chán ăn,đau bụng,,,
Viêm phế quản,ho có đờm,khó thở,,,,,,
Tiêu chảy cấp,mất nước,tiêu chảy,đau bụng,,,,,
Cảm cúm,đau đầu,sốt cao,đau nhức cơ,ớn lạnh,mệt mỏi,,,
Viêm dạ dày,đau bụng,ợ chua,buồn nôn,chán ăn,,,,
Viêm họng,đau họng,khó nuốt,sốt,,,,,
Sốt rét,ớn lạnh,mệt mỏi,đổ mồ hôi,nhạy cảm ánh sáng,sốt cao,,,
Viêm phế quản,khó thở,ho có đờm,sốt nhẹ,,,,,
Sốt xuất huyết,sốt cao,đau khớp,đổ mồ hôi,chảy máu cam,phát ban,đau sau hốc mắt,buồn nôn,
Viêm dạ dày,ợ chua,đau bụng,nhạy cảm ánh sáng,nôn,,,,
Viêm xoang,đau đầu,đau mặt,nghẹt mũi,giảm khứu giác,sổ mũi,,,
Cảm cúm,sốt cao,ớn lạnh,đau nhức cơ,mệt mỏi,đau họng,,,
Cảm cúm,mệt mỏi,sốt cao,,,,,,
Sốt xuất huyết,đau khớp,đau đầu,đau sau hốc mắt,buồn nôn,phát ban,sốt cao,,
Cảm lạnh,sổ mũi,mệt mỏi,nghẹt mũi,hắt hơi,,,,
Cảm cúm,đau đầu,mệt mỏi,sốt cao,đau nhức cơ,,,,
Tiêu chảy cấp,sốt,đau bụng,mất nước,tiêu chảy,,,,
Sốt xuất huyết,đau khớp,sốt cao,phát ban,buồn nôn,chảy máu cam,đau sau hốc mắt,,
Thủy đậu,phát ban,buồn nôn,sốt,mệt mỏi,ngứa,,,
Viêm xoang,nghẹt mũi,đau mặt,,,,,,
Sốt xuất huyết,đau sau hốc mắt,sốt cao,đau khớp,chảy máu cam,phát ban,,,
Tiêu chảy cấp,mất nước,đau bụng,tiêu chảy,,,,,
Viêm xoang,đau mặt,sổ mũi,giảm khứu giác,nghẹt mũi,,,,
Sốt rét,mệt mỏi,đổ mồ hôi,đau đầu,sốt cao,ớn lạnh,,,
Viêm họng,sưng hạch,khó nuốt,đau họng,,,,,
Viêm họng,đầy hơi,đau họng,khó nuốt,sốt,,,,
Sốt xuất huyết,phát ban,sốt cao,buồn nôn,đau sau hốc mắt,đau đầu,đau khớp,,
Tiêu chảy cấp,đau bụng,nôn,tiêu chảy,,,,,
Viêm phổi,khó thở,ho có đờm,,,,,,
Viêm phế quản,ho có đờm,khó thở,,,,,,
Viêm phổi,ớn lạnh,mệt mỏi,sốt cao,ho có đờm,khó thở,,,
Hen suyễn,khó thở,thở khò khè,,,,,,
Viêm phế quản,ho có đờm,khó thở,sốt nhẹ,,,,,
Hen suyễn,thở khò khè,khó thở,đau ngực,,,,,
Viêm họng,đau họng,sốt,khó nuốt,sưng hạch,,,,
Sốt rét,sốt cao,đau đầu,ớn lạnh,đổ mồ hôi,,,,
Viêm phổi,ho có đờm,khó thở,mệt mỏi,sốt cao,,,,
Cảm cúm,ớn lạnh,mệt mỏi,sốt cao,ho,đau nhức cơ,đau họng,,
Viêm dạ dày,đau bụng,ợ chua,,,,,,
Viêm dạ dày,buồn nôn,ợ chua,chán ăn,đau bụng,,,,
Cảm cúm,đau nhức cơ,mệt mỏi,sốt cao,,,,,
Dị ứng,hắt hơi,ngứa,,,,,,
Sốt rét,ớn lạnh,đổ mồ hôi,đau đầu,sốt cao,,,,
Viêm họng,sốt,đau họng,tiêu chảy,ho,khó nuốt,,,
Sốt rét,ớn lạnh,đổ mồ hôi,sốt cao,,,,,
Thủy đậu,mệt mỏi,ngứa,chán ăn,sốt,phát ban,,,
Viêm phế quản,ho có đờm,khó thở,đau ngực,mệt mỏi,,,,
Hen suyễn,khó thở,thở khò khè,đau ngực,ho,,,,
Đau nửa đầu,chóng mặt,nôn,nhạy cảm ánh sáng,,,,,
Sốt xuất huyết,sốt cao,chảy máu cam,đau sau hốc mắt,phát ban,,,,
Viêm xoang,đau mặt,đau đầu,nghẹt mũi,,,,,
Sốt rét,ớn lạnh,đổ mồ hôi,,,,,,
Cảm cúm,đau nhức cơ,mệt mỏi,đau đầu,sốt cao,ớn lạnh,,,
Hen suyễn,ho,đau sau hốc mắt,thở khò khè,đau ngực,,,,
Viêm xoang,nghẹt mũi,giảm khứu giác,đau mặt,đau đầu,,,,
Viêm phế quản,sốt nhẹ,ho có đờm,khó thở,,,,,
Tiêu chảy cấp,tiêu chảy,nôn,buồn nôn,đau bụng,,,,
Thủy đậu,chán ăn,phát ban,ngứa,,,,,
Thủy đậu,phát ban,sốt,ngứa,,,,,
Viêm phế quản,ho có đờm,khó thở,,,,,,
Thủy đậu,phát ban,ngứa,chán ăn,,,,,
Sốt rét,đổ mồ hôi,buồn nôn,sốt cao,đau đầu,mệt mỏi,ớn lạnh,,
Viêm họng,đau họng,sốt,khó nuốt,,,,,
Thủy đậu,phát ban,ngứa,chán ăn,sốt,,,,
Đau nửa đầu,đau đầu,nôn,nhạy cảm ánh sáng,chóng mặt,buồn nôn,,,
Dị ứng,phát ban,ngứa,hắt hơi,,,,,
Sốt rét,ớn lạnh,buồn nôn,đau đầu,đổ mồ hôi,sốt cao,,,
Sốt xuất huyết,chảy máu cam,phát ban,buồn nôn,đau khớp,sốt cao,đau sau hốc mắt,đau đầu,
Thủy đậu,mệt mỏi,sốt,phát ban,ngứa,chán ăn,,,
Tiêu chảy cấp,tiêu chảy,đau bụng,mất nước,,,,,
Viêm phế quản,ho có đờm,mệt mỏi,khó thở,,,,,
Cảm cúm,sốt cao,ho,ớn lạnh,mệt mỏi,đau nhức cơ,,,
Đau nửa đầu,chóng mặt,nhạy cảm ánh sáng,đau đầu,,,,,
Viêm xoang,nghẹt mũi,,,,,,,
Viêm phổi,sốt cao,khó thở,ho có đờm,ớn lạnh,,,,
Tiêu chảy cấp,đau bụng,buồn nôn,,,,,,
Cảm lạnh,ho,đau họng,sổ mũi,hắt hơi,,,,
Viêm phế quản,khó thở,ho có đờm,,,,,,
Viêm dạ dày,đầy hơi,đau bụng,ợ chua,buồn nôn,nôn,,,
Sốt xuất huyết,sốt cao,phát ban,chảy máu cam,đau đầu,đau sau hốc mắt,,,
Hen suyễn,ho,thở khò khè,đau ngực,khó thở,,,,
Viêm họng,đau họng,sưng hạch,khó nuốt,sốt,,,,
Dị ứng,ngứa,phát ban,hắt hơi,chảy nước mắt,,,,
Viêm họng,ho,sốt,khó nuốt,đau họng,sưng hạch,,,
Viêm họng,sưng hạch,khó nuốt,ho,đau họng,,,,
Tiêu chảy cấp,tiêu chảy,đau bụng,buồn nôn,,,,,
Sốt xuất huyết,đau sau hốc mắt,phát ban,sốt cao,chảy máu cam,,,,
Viêm họng,khó nuốt,đau họng,sốt,,,,,
Viêm phế quản,ho có đờm,khó thở,sốt nhẹ,mệt mỏi,,,,
Viêm xoang,đau mặt,nghẹt mũi,giảm khứu giác,,,,,
Dị ứng,ngứa,hắt hơi,,,,,,
Dị ứng,phát ban,hắt hơi,,,,,,
Viêm xoang,đau đầu,giảm khứu giác,đau mặt,nghẹt mũi,,,,
Viêm xoang,đau đầu,đau mặt,sổ mũi,,,,,
Đau nửa đầu,nôn,buồn nôn,nhạy cảm ánh sáng,đau đầu,,,,
Thủy đậu,ngứa,sốt,mệt mỏi,phát ban,,,,
Thủy đậu,ớn lạnh,ngứa,phát ban,,,,,
Hen suyễn,khó thở,ho,đau ngực,thở khò khè,,,,
Thủy đậu,ngứa,mệt mỏi,phát ban,chán ăn,sốt,,,
Viêm dạ dày,nôn,ợ chua,đau bụng,,,,,
Viêm phổi,ớn lạnh,ho có đờm,khó thở,sốt cao,mệt mỏi,,,
Cảm lạnh,nghẹt mũi,mệt mỏi,hắt hơi,ho,sổ mũi,,,
Viêm xoang,sổ mũi,nghẹt mũi,đau đầu,đau mặt,,,,
Viêm họng,ho,sưng hạch,khó nuốt,đau họng,,,,
Viêm phổi,sốt cao,mệt mỏi,khó thở,ớn lạnh,ho có đờm,,,
Sốt rét,ớn lạnh,đau đầu,đổ mồ hôi,sốt cao,,,,
Viêm xoang,đau mặt,nghẹt mũi,đau đầu,,,,,
Hen suyễn,thở khò khè,đau ngực,khó thở,ho,,,,
Đau nửa đầu,buồn nôn,nhạy cảm ánh sáng,chóng mặt,,,,,
Viêm họng,sốt,ho,đau họng,khó nuốt,sưng hạch,,,
Viêm xoang,sổ mũi,nghẹt mũi,đau mặt,,,,,
Viêm họng,đau họng,sốt,khó nuốt,,,,,
Sốt xuất huyết,đau sau hốc mắt,đau khớp,phát ban,sốt cao,buồn nôn,,,
Viêm phổi,sốt cao,mệt mỏi,đau ngực,khó thở,ho có đờm,,,
Sốt xuất huyết,sốt cao,phát ban,đau sau hốc mắt,,,,,
Sốt rét,sốt cao,ớn lạnh,đổ mồ hôi,mệt mỏi,đau đầu,,,
Viêm xoang,đau đầu,đau mặt,nghẹt mũi,,,,,
Cảm lạnh,ho,hắt hơi,nghẹt mũi,sổ mũi,nhạy cảm ánh sáng,,,
Cảm cúm,đau nhức cơ,ho,đau đầu,mệt mỏi,sốt cao,,,
Thủy đậu,phát ban,ngứa,sốt,mệt mỏi,,,,
Cảm lạnh,đau họng,sổ mũi,hắt hơi,ho,nghẹt mũi,,,
Viêm dạ dày,chán ăn,đau bụng,ợ chua,,,,,
Thủy đậu,nôn,mệt mỏi,phát ban,sốt,ngứa,chán ăn,,
Cảm cúm,sốt cao,đau họng,mệt mỏi,đau nhức cơ,ớn lạnh,,,
Viêm xoang,phát ban,nghẹt mũi,giảm khứu giác,đau mặt,,,,
Viêm phổi,ớn lạnh,đau ngực,mệt mỏi,sốt cao,khó thở,,,
Hen suyễn,khó thở,thở khò khè,,,,,,
Viêm dạ dày,buồn nôn,đầy hơi,đau bụng,nôn,,,,
Hen suyễn,ho,khó thở,thở khò khè,,,,,
Cảm cúm,sốt cao,mệt mỏi,đau họng,đau nhức cơ,,,,
Hen suyễn,thở khò khè,khó thở,,,,,,
Tiêu chảy cấp,tiêu chảy,nôn,sốt,đau bụng,,,,
Thủy đậu,ngứa,phát ban,sốt,,,,,
Viêm xoang,nghẹt mũi,đau mặt,đau đầu,,,,,
Viêm phế quản,khó thở,đau ngực,mệt mỏi,đau mặt,ho có đờm,,,
Cảm cúm,ho,sốt cao,ớn lạnh,đau nhức cơ,đau đầu,đau họng,mệt mỏi,
Thủy đậu,phát ban,ngứa,,,,,,
Hen suyễn,sốt,đau ngực,thở khò khè,khó thở,,,,
Viêm họng,sưng hạch,sốt,khó nuốt,đau họng,,,,
Viêm phế quản,khó thở,đau ngực,ho có đờm,sốt nhẹ,,,,
Sốt rét,ớn lạnh,đau đầu,sốt cao,đổ mồ hôi,,,,
Thủy đậu,mệt mỏi,ngứa,phát ban,,,,,
Viêm họng,sưng hạch,đau họng,khó nuốt,,,,,
Viêm họng,thở khò khè,khó nuốt,sưng hạch,,,,,
Viêm họng,sưng hạch,đau họng,khó nuốt,sốt,,,,
Sốt xuất huyết,đau khớp,đau sau hốc mắt,buồn nôn,phát ban,sốt cao,,,
Viêm phế quản,ho có đờm,mất nước,,,,,,
Đau nửa đầu,buồn nôn,đau đầu,nôn,nhạy cảm ánh sáng,,,,
Viêm phổi,ho có đờm,sốt cao,khó thở,đau ngực,mệt mỏi,,,
Sốt xuất huyết,sốt cao,đau khớp,đau đầu,phát ban,chảy máu cam,,,
Viêm họng,sưng hạch,khó nuốt,đau họng,ho,,,,
Viêm xoang,đau mặt,nghẹt mũi,,,,,,
Tiêu chảy cấp,đau bụng,sốt,tiêu chảy,nôn,mất nước,,,
Viêm họng,khó nuốt,đau họng,sưng hạch,,,,,
Tiêu chảy cấp,tiêu chảy,đau bụng,,,,,,
Viêm dạ dày,ợ chua,đau bụng,nôn,,,,,
Viêm dạ dày,đau bụng,ợ chua,buồn nôn,nôn,,,,
Sốt xuất huyết,sốt cao,chảy máu cam,phát ban,đau đầu,nghẹt mũi,đau sau hốc mắt,,
Dị ứng,phát ban,ngứa,hắt hơi,,,,,
Viêm xoang,đau mặt,nghẹt mũi,đau đầu,,,,,
Dị ứng,ngứa,hắt hơi,,,,,,
Thủy đậu,mệt mỏi,sốt,chán ăn,ngứa,phát ban,,,
Tiêu chảy cấp,buồn nôn,tiêu chảy,đau bụng,sốt,mất nước,,,
Sốt rét,mệt mỏi,ớn lạnh,sốt cao,đổ mồ hôi,,,,
Đau nửa đầu,chóng mặt,nhạy cảm ánh sáng,nôn,đau đầu,,,,
Sốt xuất huyết,chán ăn,sốt cao,phát ban,đau sau hốc mắt,,,,
Viêm dạ dày,đầy hơi,buồn nôn,đau bụng,ợ chua,,,,
Sốt xuất huyết,phát ban,đau sau hốc mắt,đau đầu,đau khớp,buồn nôn,sốt cao,,
Viêm phế quản,sốt nhẹ,ho có đờm,khó thở,,,,,
Đau nửa đầu,nhạy cảm ánh sáng,đau đầu,,,,,,
Đau nửa đầu,buồn nôn,nhạy cảm ánh sáng,đau đầu,,,,,
Tiêu chảy cấp,tiêu chảy,buồn nôn,sốt,,,,,
Hen suyễn,thở khò khè,khó thở,đau ngực,,,,,
Viêm xoang,giảm khứu giác,nghẹt mũi,đau đầu,sổ mũi,đau mặt,,,
Cảm lạnh,nghẹt mũi,sổ mũi,đau họng,,,,,
Thủy đậu,ngứa,mệt mỏi,khó thở,phát ban,,,,
Thủy đậu,ngứa,chán ăn,sốt,mệt mỏi,phát ban,,,
Đau nửa đầu,đau đầu,chóng mặt,nhạy cảm ánh sáng,nôn,,,,
Viêm họng,đau họng,sưng hạch,khó nuốt,ho,,,,
Cảm lạnh,sổ mũi,hắt hơi,ho,nghẹt mũi,đau họng,,,
Dị ứng,ngứa,nghẹt mũi,hắt hơi,,,,,
Đau nửa đầu,đau đầu,nhạy cảm ánh sáng,chóng mặt,buồn nôn,,,,
Viêm xoang,đau mặt,đau đầu,nghẹt mũi,,,,,
Sốt xuất huyết,sốt cao,đau sau hốc mắt,buồn nôn,phát ban,chảy máu cam,,,
Viêm xoang,giảm khứu giác,nghẹt mũi,sổ mũi,đau mặt,,,,
Viêm xoang,nghẹt mũi,đau mặt,sổ mũi,,,,,
Dị ứng,ngứa,chảy nước mắt,hắt hơi,phát ban,đau khớp,,,
Dị ứng,hắt hơi,phát ban,ngứa,,,,,
Hen suyễn,đau ngực,khó thở,thở khò khè,,,,,
Thủy đậu,phát ban,ngứa,sốt,chán ăn,,,,
Sốt rét,buồn nôn,phát ban,đổ mồ hôi,sốt cao,ớn lạnh,,,
Đau nửa đầu,chóng mặt,đau đầu,nôn,buồn nôn,,,,
Cảm lạnh,nghẹt mũi,hắt hơi,sổ mũi,ho,,,,
Tiêu chảy cấp,mất nước,đau bụng,buồn nôn,tiêu chảy,,,,
Viêm phế quản,khó thở,ho có đờm,mệt mỏi,,,,,
Viêm phổi,ớn lạnh,ho có đờm,đau ngực,sốt cao,khó thở,,,
Sốt xuất huyết,đau sau hốc mắt,đau khớp,phát ban,sốt cao,chảy máu cam,buồn nôn,,
Viêm dạ dày,nôn,đau bụng,ợ chua,,,,,
Sốt xuất huyết,buồn nôn,sốt cao,đau sau hốc mắt,đau đầu,phát ban,,,
Cảm lạnh,mệt mỏi,sổ mũi,nghẹt mũi,hắt hơi,ho,,,
Dị ứng,phát ban,hắt hơi,nghẹt mũi,chảy nước mắt,ngứa,,,
Viêm dạ dày,đầy hơi,đau bụng,ợ chua,,,,,
Đau nửa đầu,đau đầu,nôn,chóng mặt,nhạy cảm ánh sáng,,,,
Cảm lạnh,nghẹt mũi,hắt hơi,sổ mũi,ho,mệt mỏi,,,
Viêm phế quản,đau ngực,ho có đờm,,,,,,
Sốt rét,sốt,đau đầu,đổ mồ hôi,sốt cao,ớn lạnh,buồn nôn,mệt mỏi,
Viêm phổi,sốt cao,khó thở,đau ngực,mệt mỏi,ho có đờm,,,
Viêm dạ dày,nôn,ợ chua,đau bụng,chán ăn,,,,
Viêm dạ dày,đầy hơi,ợ chua,buồn nôn,đau bụng,,,,
Sốt rét,đổ mồ hôi,mệt mỏi,sốt cao,ớn lạnh,đau đầu,,,
Viêm xoang,nghẹt mũi,đau đầu,đau mặt,sổ mũi,,,,
Thủy đậu,phát ban,ngứa,,,,,,
Đau nửa đầu,nhạy cảm ánh sáng,khó nuốt,,,,,,
Đau nửa đầu,nhạy cảm ánh sáng,đau đầu,,,,,,
Viêm xoang,đau mặt,nghẹt mũi,,,,,,
Cảm lạnh,nghẹt mũi,hắt hơi,sổ mũi,ho,,,,
Thủy đậu,phát ban,sổ mũi,sốt,ngứa,,,,
Dị ứng,phát ban,hắt hơi,nghẹt mũi,ngứa,,,,
Tiêu chảy cấp,đau bụng,mất nước,nôn,tiêu chảy,buồn nôn,sốt,,
Viêm phổi,khó thở,sốt cao,đau ngực,ớn lạnh,ho có đờm,,,
Viêm dạ dày,đau bụng,buồn nôn,đầy hơi,chán ăn,,,,
Đau nửa đầu,sốt,đau đầu,nhạy cảm ánh sáng,buồn nôn,,,,
Hen suyễn,ho,thở khò khè,khó thở,,,,,
Viêm xoang,nghẹt mũi,đau mặt,đau đầu,,,,,
Viêm xoang,nghẹt mũi,đau mặt,sổ mũi,đau đầu,,,,
Viêm dạ dày,chán ăn,đau bụng,ợ chua,buồn nôn,đầy hơi,,,
Thủy đậu,sốt,phát ban,ngứa,mệt mỏi,,,,
Viêm phế quản,sốt nhẹ,khó thở,ho có đờm,,,,,
Sốt rét,sốt cao,ớn lạnh,buồn nôn,mệt mỏi,đổ mồ hôi,,,
Viêm phổi,ớn lạnh,sốt cao,ho có đờm,khó thở,,,,
Viêm phổi,ho có đờm,khó thở,sốt cao,ớn lạnh,mệt mỏi,ho,,
Cảm lạnh,sổ mũi,nghẹt mũi,hắt hơi,mệt mỏi,,,,
Viêm dạ dày,ợ chua,chán ăn,đầy hơi,đau bụng,,,,
Viêm dạ dày,chán ăn,đau bụng,đầy hơi,ợ chua,,,,
Đau nửa đầu,nhạy cảm ánh sáng,buồn nôn,đau đầu,chóng mặt,,,,
Hen suyễn,thở khò khè,khó thở,,,,,,
Đau nửa đầu,buồn nôn,nôn,nhạy cảm ánh sáng,đau đầu,,,,
Viêm phế quản,sốt nhẹ,đau ngực,mệt mỏi,ho có đờm,khó thở,,,
Sốt rét,mệt mỏi,ớn lạnh,sốt cao,buồn nôn,đổ mồ hôi,,,
Tiêu chảy cấp,đau bụng,buồn nôn,tiêu chảy,nôn,,,,
Viêm phế quản,khó thở,ho có đờm,,,,,,
Cảm cúm,đau nhức cơ,ớn lạnh,ho,sốt cao,,,,
Sốt rét,mệt mỏi,sốt cao,ớn lạnh,đổ mồ hôi,,,,
Thủy đậu,chán ăn,sốt,phát ban,ngứa,,,,
Viêm phế quản,khó thở,đau ngực,ho có đờm,,,,,
Cảm lạnh,đau họng,mệt mỏi,sổ mũi,nghẹt mũi,,,,
Cảm lạnh,hắt hơi,sổ mũi,mệt mỏi,ho,nghẹt mũi,,,
Viêm dạ dày,buồn nôn,ho có đờm,ợ chua,đau bụng,,,,
Viêm phổi,ho có đờm,khó thở,sốt cao,sốt,mệt mỏi,,,
Sốt rét,buồn nôn,mệt mỏi,đổ mồ hôi,ớn lạnh,sốt cao,đau đầu,,
Viêm phổi,sốt cao,khó thở,ho có đờm,đau ngực,,,,
Hen suyễn,thở khò khè,đau ngực,ho,khó thở,,,,
Hen suyễn,ho,khó thở,thở khò khè,khó nuốt,,,,
Tiêu chảy cấp,nôn,sốt,tiêu chảy,mất nước,,,,
Viêm phổi,ớn lạnh,đau ngực,khó thở,ho có đờm,sốt cao,mệt mỏi,,
Tiêu chảy cấp,tiêu chảy,đau bụng,mất nước,,,,,
Hen suyễn,ho,khó thở,thở khò khè,,,,,
Viêm dạ dày,ợ chua,đau bụng,,,,,,
Sốt rét,buồn nôn,sốt cao,đổ mồ hôi,ớn lạnh,,,,
Cảm lạnh,nghẹt mũi,mệt mỏi,sổ mũi,hắt hơi,đau họng,,,
Đau nửa đầu,chóng mặt,nhạy cảm ánh sáng,đau đầu,buồn nôn,,,,
Đau nửa đầu,đau đầu,nôn,nhạy cảm ánh sáng,,,,,
Thủy đậu,mệt mỏi,ngứa,phát ban,,,,,
Viêm phổi,ho có đờm,sốt cao,khó thở,,,,,
Viêm phế quản,sốt nhẹ,khó thở,mệt mỏi,ho có đờm,,,,
Viêm họng,sưng hạch,khó nuốt,,,,,,
Sốt rét,buồn nôn,đau đầu,sốt cao,đổ mồ hôi,mệt mỏi,ớn lạnh,,
Hen suyễn,ho,đau ngực,thở khò khè,khó thở,,,,
Hen suyễn,thở khò khè,đau ngực,khó thở,,,,,
Cảm lạnh,hắt hơi,mệt mỏi,nghẹt mũi,sổ mũi,đau họng,,,
Viêm phế quản,ho có đờm,khó thở,,,,,,
Cảm lạnh,nghẹt mũi,mệt mỏi,sổ mũi,ho,hắt hơi,,,
Cảm lạnh,sổ mũi,hắt hơi,nghẹt mũi,mệt mỏi,,,,
Cảm cúm,đau nhức cơ,đau đầu,ho,mệt mỏi,sốt cao,đau họng,,
Viêm dạ dày,ợ chua,đau bụng,buồn nôn,,,,,
Dị ứng,hắt hơi,ngứa,phát ban,,,,,
Viêm phế quản,giảm khứu giác,ho có đờm,khó thở,mệt mỏi,sốt nhẹ,,,
Viêm dạ dày,ợ chua,chán ăn,đau bụng,,,,,
Viêm phế quản,ho có đờm,đau ngực,khó thở,,,,,
Viêm xoang,đau mặt,nghẹt mũi,giảm khứu giác,,,,,
Viêm họng,đau họng,ho,sưng hạch,,,,,
Sốt xuất huyết,buồn nôn,phát ban,đau đầu,đau sau hốc mắt,chảy máu cam,sốt cao,nhạy cảm ánh sáng,đau khớp
Tiêu chảy cấp,đau bụng,tiêu chảy,sốt,,,,,
Viêm xoang,nghẹt mũi,giảm khứu giác,đau mặt,đau đầu,,,,
Sốt rét,đổ mồ hôi,ớn lạnh,đau đầu,sốt cao,,,,
Dị ứng,nghẹt mũi,phát ban,chảy nước mắt,ngứa,hắt hơi,,,
Sốt rét,sốt cao,ớn lạnh,mệt mỏi,,,,,
Dị ứng,hắt hơi,phát ban,,,,,,
Sốt xuất huyết,sốt cao,buồn nôn,phát ban,đau sau hốc mắt,,,,
Viêm xoang,đau đầu,phát ban,nghẹt mũi,đau mặt,,,,
Tiêu chảy cấp,buồn nôn,đau bụng,tiêu chảy,nôn,,,,
Tiêu chảy cấp,đau bụng,tiêu chảy,,,,,,
Thủy đậu,phát ban,chán ăn,ngứa,,,,,
Viêm họng,đau họng,ho,khó nuốt,,,,,
Dị ứng,ngứa,nghẹt mũi,hắt hơi,,,,,
Viêm phổi,ho có đờm,ớn lạnh,sốt cao,khó thở,mệt mỏi,,,
Hen suyễn,sốt,thở khò khè,khó thở,đau ngực,,,,
Viêm phổi,ho có đờm,ớn lạnh,khó thở,sốt cao,,,,
Viêm họng,sốt,đau họng,khó nuốt,,,,,
Viêm phổi,mệt mỏi,đau ngực,sốt cao,ớn lạnh,khó thở,ho có đờm,,
Hen suyễn,khó thở,thở khò khè,,,,,,
Viêm dạ dày,chán ăn,đầy hơi,đau bụng,ợ chua,,,,
Thủy đậu,mệt mỏi,ngứa,phát ban,,,,,
Tiêu chảy cấp,nhạy cảm ánh sáng,buồn nôn,đau bụng,tiêu chảy,nôn,,,
Hen suyễn,khó thở,đau ngực,ho,thở khò khè,,,,
Viêm dạ dày,đau bụng,ợ chua,,,,,,
Thủy đậu,phát ban,ngứa,mệt mỏi,chán ăn,,,,
Thủy đậu,sốt,ngứa,,,,,,
Sốt xuất huyết,sốt cao,đau khớp,đau sau hốc mắt,phát ban,,,,
Dị ứng,hắt hơi,ngứa,phát ban,,,,,
Cảm cúm,sốt cao,đau nhức cơ,mệt mỏi,ho,đau đầu,ớn lạnh,,
Viêm họng,sưng hạch,khó nuốt,đau họng,,,,,
Cảm cúm,mệt mỏi,ho,đau đầu,sốt cao,đau nhức cơ,,,
Viêm xoang,đau mặt,nghẹt mũi,giảm khứu giác,,,,,
Đau nửa đầu,đau đầu,đau khớp,,,,,,
Sốt xuất huyết,đau sau hốc mắt,sốt cao,đau đầu,đau khớp,phát ban,buồn nôn,khó nuốt,
Viêm xoang,giảm khứu giác,đau mặt,đau đầu,nghẹt mũi,,,,
Tiêu chảy cấp,tiêu chảy,buồn nôn,đau bụng,mất nước,,,,
Tiêu chảy cấp,tiêu chảy,nôn,buồn nôn,đau bụng,,,,
Sốt rét,buồn nôn,đổ mồ hôi,ớn lạnh,mệt mỏi,sốt cao,,,
Tiêu chảy cấp,mất nước,tiêu chảy,đau bụng,,,,,
Hen suyễn,khó thở,thở khò khè,ho,đau ngực,,,,
Thủy đậu,ngứa,phát ban,chán ăn,sổ mũi,sốt,,,
Viêm phế quản,ho có đờm,đau ngực,khó thở,sốt nhẹ,,,,
Viêm phế quản,khó thở,ho có đờm,sốt nhẹ,,,,,
Viêm họng,ho,sốt,sưng hạch,đau họng,khó nuốt,,,
Thủy đậu,mệt mỏi,phát ban,ngứa,,,,,
Sốt xuất huyết,sốt cao,đau sau hốc mắt,phát ban,,,,,
Viêm phế quản,khó thở,ho có đờm,,,,,,
Viêm phế quản,sốt nhẹ,mệt mỏi,khó thở,ho có đờm,,,,
Viêm phế quản,ho có đờm,mệt mỏi,khó thở,,,,,
Viêm họng,ho,đau họng,khó nuốt,sốt,,,,
Viêm họng,đau họng,sốt,sưng hạch,khó nuốt,,,,
Viêm dạ dày,ợ chua,chán ăn,nôn,đầy hơi,đau bụng,,,
Hen suyễn,thở khò khè,khó thở,buồn nôn,,,,,
Sốt xuất huyết,đau đầu,đau sau hốc mắt,sốt cao,chảy máu cam,buồn nôn,đau khớp,,
Viêm họng,khó nuốt,đau họng,,,,,,
Viêm xoang,giảm khứu giác,đau mặt,sổ mũi,,,,,
Sốt xuất huyết,đau đầu,sốt cao,đau sau hốc mắt,chán ăn,phát ban,,,
Viêm phế quản,mệt mỏi,ho có đờm,khó thở,,,,,
Hen suyễn,thở khò khè,đau ngực,khó thở,,,,,
Thủy đậu,ngứa,mệt mỏi,phát ban,chán ăn,,,,
Viêm xoang,sổ mũi,nghẹt mũi,đau mặt,,,,,
Hen suyễn,đau ngực,khó thở,,,,,,
Cảm cúm,sốt cao,mệt mỏi,đau đầu,đau nhức cơ,đau họng,,,
Sốt rét,buồn nôn,sốt cao,ớn lạnh,,,,,
Sốt rét,đổ mồ hôi,sốt cao,ớn lạnh,mệt mỏi,sốt,,,
Đau nửa đầu,đau đầu,buồn nôn,nhạy cảm ánh sáng,chóng mặt,,,,
Viêm xoang,giảm khứu giác,nghẹt mũi,đau mặt,sổ mũi,,,,
Viêm phế quản,đau đầu,đau ngực,ho có đờm,khó thở,mệt mỏi,sốt nhẹ,,
Tiêu chảy cấp,sốt,buồn nôn,mất nước,đau bụng,tiêu chảy,,,
Hen suyễn,thở khò khè,khó thở,ho,,,,,
Tiêu chảy cấp,tiêu chảy,buồn nôn,mất nước,giảm khứu giác,,,,
Viêm dạ dày,nôn,ợ chua,đau bụng,,,,,
Viêm phổi,sốt cao,mệt mỏi,ho có đờm,khó thở,,,,
Viêm họng,sưng hạch,đau họng,khó nuốt,ho,,,,
Tiêu chảy cấp,buồn nôn,nôn,mất nước,đau bụng,tiêu chảy,,,
Dị ứng,hắt hơi,chảy nước mắt,ngứa,,,,,
Cảm lạnh,sổ mũi,ho,nghẹt mũi,hắt hơi,mệt mỏi,,,
Viêm xoang,nghẹt mũi,đau mặt,sổ mũi,,,,,
Cảm lạnh,mệt mỏi,sổ mũi,đau họng,hắt hơi,nghẹt mũi,ho,,
Thủy đậu,sốt,ngứa,phát ban,,,,,
Viêm phổi,sốt cao,khó thở,ho có đờm,,,,,
Viêm họng,ho,khó nuốt,sưng hạch,đau họng,sốt,,,
Viêm dạ dày,đau bụng,buồn nôn,chán ăn,ợ chua,,,,
Viêm xoang,sổ mũi,giảm khứu giác,đau mặt,đau đầu,nghẹt mũi,,,
Thủy đậu,mệt mỏi,phát ban,ngứa,,,,,
Viêm phổi,mệt mỏi,sốt cao,đau ngực,ớn lạnh,ho có đờm,khó thở,,
Viêm phế quản,đau ngực,khó thở,sốt nhẹ,ho có đờm,,,,
Viêm xoang,đau đầu,đau mặt,giảm khứu giác,sổ mũi,nghẹt mũi,,,
Viêm xoang,nghẹt mũi,sổ mũi,đau mặt,,,,,
Viêm phế quản,khó thở,ho có đờm,mệt mỏi,sốt nhẹ,,,,
Viêm phổi,sốt cao,ho có đờm,khó nuốt,khó thở,ớn lạnh,mệt mỏi,,
Viêm phổi,mệt mỏi,ho có đờm,sốt cao,ớn lạnh,đau ngực,,,
Cảm lạnh,hắt hơi,ho,nghẹt mũi,đau họng,sổ mũi,,,
Hen suyễn,thở khò khè,khó thở,,,,,,
Viêm phế quản,ho có đờm,đau ngực,mệt mỏi,khó thở,,,,
Thủy đậu,mệt mỏi,phát ban,chán ăn,ngứa,,,,
Viêm dạ dày,đau bụng,nôn,ợ chua,,,,,
Cảm lạnh,nghẹt mũi,sổ mũi,hắt hơi,mệt mỏi,,,,
Sốt rét,sốt cao,mệt mỏi,đau đầu,đổ mồ hôi,,,,
Viêm phổi,ho có đờm,sốt cao,khó thở,,,,,
Viêm dạ dày,ợ chua,chán ăn,đầy hơi,nôn,đau bụng,,,
Sốt rét,ớn lạnh,sốt cao,buồn nôn,đổ mồ hôi,đau đầu,,,
Thủy đậu,sốt,phát ban,ngứa,,,,,
Sốt rét,đổ mồ hôi,mệt mỏi,ớn lạnh,sốt cao,đau đầu,,,
Viêm xoang,sổ mũi,đau mặt,,,,,,
Viêm phế quản,khó thở,ho có đờm,mệt mỏi,,,,,
Viêm phổi,đau ngực,khó thở,ớn lạnh,sốt cao,ho có đờm,,,
Sốt rét,sốt cao,mệt mỏi,đau đầu,đổ mồ hôi,ớn lạnh,buồn nôn,,
Sốt xuất huyết,đau họng,đau khớp,sốt cao,đau sau hốc mắt,,,,
Cảm lạnh,ho,hắt hơi,nghẹt mũi,sổ mũi,,,,
Thủy đậu,ngứa,mệt mỏi,phát ban,,,,,
Viêm họng,khó nuốt,đau họng,sưng hạch,ho,,,,
Tiêu chảy cấp,tiêu chảy,mất nước,sốt,nôn,đau bụng,,,
Viêm phổi,ho có đờm,sốt cao,khó thở,đau ngực,,,,
Viêm phổi,ho có đờm,mệt mỏi,khó thở,sốt cao,,,,
Viêm xoang,đau mặt,nghẹt mũi,sổ mũi,giảm khứu giác,đau đầu,,,
Viêm dạ dày,ợ chua,nôn,chán ăn,đau bụng,buồn nôn,,,
Viêm phổi,sốt cao,ho có đờm,khó thở,đau ngực,,,,
Viêm phế quản,ho có đờm,đau ngực,khó thở,,,,,
Viêm dạ dày,nôn,ợ chua,đau bụng,chán ăn,,,,
Sốt rét,sốt cao,đổ mồ hôi,ớn lạnh,đau đầu,,,,
Hen suyễn,thở khò khè,đau ngực,ho,khó thở,,,,
Thủy đậu,sốt,ngứa,,,,,,
Sốt rét,đổ mồ hôi,buồn nôn,đau đầu,sốt cao,mệt mỏi,ớn lạnh,,
Đau nửa đầu,buồn nôn,nhạy cảm ánh sáng,chóng mặt,nôn,đau đầu,,,
Viêm họng,ho,khó nuốt,sốt,,,,,
Cảm lạnh,mệt mỏi,sổ mũi,đau họng,hắt hơi,nghẹt mũi,,,
Viêm phổi,khó thở,ớn lạnh,ho có đờm,sốt cao,,,,
Sốt xuất huyết,đau đầu,sốt cao,chảy máu cam,đau khớp,đau sau hốc mắt,phát ban,buồn nôn,
Sốt xuất huyết,đau đầu,đau sau hốc mắt,sốt cao,buồn nôn,phát ban,đau khớp,,
Dị ứng,khó nuốt,ngứa,hắt hơi,,,,,
Đau nửa đầu,nhạy cảm ánh sáng,buồn nôn,chóng mặt,đau đầu,đầy hơi,nôn,,
Dị ứng,phát ban,ngứa,chảy nước mắt,hắt hơi,nghẹt mũi,,,
Cảm cúm,đau họng,đau đầu,đau nhức cơ,sốt cao,mệt mỏi,,,
Hen suyễn,thở khò khè,,,,,,,
Cảm cúm,đau họng,đau đầu,sốt cao,mệt mỏi,đau nhức cơ,,,
Viêm dạ dày,nôn,ợ chua,đau bụng,,,,,
Cảm lạnh,nghẹt mũi,hắt hơi,đau họng,sổ mũi,,,,
Viêm họng,đau họng,,,,,,,
Cảm cúm,đau nhức cơ,ớn lạnh,mệt mỏi,sốt cao,đau họng,,,
Viêm xoang,đau đầu,nghẹt mũi,đau mặt,,,,,
Viêm xoang,đau mặt,giảm khứu giác,đau đầu,sổ mũi,nghẹt mũi,,,
Thủy đậu,phát ban,ngứa,chán ăn,sốt,,,,
Viêm họng,sưng hạch,sốt,đau họng,khó nuốt,,,,
Sốt xuất huyết,phát ban,đau sau hốc mắt,buồn nôn,sốt cao,chảy máu cam,đau đầu,đau khớp,
Dị ứng,chảy nước mắt,hắt hơi,ngứa,nghẹt mũi,,,,
Cảm lạnh,sổ mũi,nghẹt mũi,ho,mệt mỏi,hắt hơi,,,
Đau nửa đầu,buồn nôn,nhạy cảm ánh sáng,đau đầu,phát ban,,,,
Tiêu chảy cấp,tiêu chảy,đau bụng,,,,,,
Viêm xoang,đau mặt,giảm khứu giác,nghẹt mũi,,,,,
Viêm phế quản,ho có đờm,khó thở,sốt nhẹ,,,,,
Viêm xoang,nghẹt mũi,giảm khứu giác,đau đầu,sổ mũi,đau mặt,,,
Viêm phế quản,khó thở,mệt mỏi,đau ngực,sốt nhẹ,,,,
Hen suyễn,thở khò khè,khó thở,,,,,,
Cảm lạnh,ho,sổ mũi,hắt hơi,đau họng,,,,
Viêm phế quản,ho có đờm,khó thở,đau ngực,sốt nhẹ,mệt mỏi,,,
Sốt rét,đổ mồ hôi,sốt cao,ớn lạnh,,,,,
Sốt rét,đau đầu,sốt cao,buồn nôn,ớn lạnh,đổ mồ hôi,,,
Thủy đậu,phát ban,ngứa,chán ăn,,,,,
Cảm cúm,đau họng,mệt mỏi,sốt cao,ho,,,,
Cảm lạnh,hắt hơi,đau họng,mệt mỏi,sổ mũi,nghẹt mũi,,,
Viêm dạ dày,đau bụng,nôn,ợ chua,,,,,
Đau nửa đầu,đau đầu,nhạy cảm ánh sáng,,,,,,
Viêm phổi,ho có đờm,đau ngực,sốt cao,khó thở,,,,
Viêm họng,ho,khó nuốt,đau họng,,,,,
Sốt xuất huyết,đau đầu,đau sau hốc mắt,đau khớp,chảy máu cam,phát ban,,,
Cảm lạnh,hắt hơi,đau họng,nghẹt mũi,sổ mũi,,,,
Dị ứng,chảy nước mắt,hắt hơi,ngứa,phát ban,,,,
Viêm xoang,nghẹt mũi,đau đầu,giảm khứu giác,sổ mũi,đau mặt,,,
Cảm lạnh,nghẹt mũi,mệt mỏi,hắt hơi,sổ mũi,ho,,,
Hen suyễn,khó thở,thở khò khè,,,,,,
Hen suyễn,thở khò khè,đau ngực,khó thở,,,,,
Sốt xuất huyết,sốt cao,phát ban,đau khớp,chảy máu cam,đau sau hốc mắt,,,
Đau nửa đầu,đau đầu,chóng mặt,nôn,,,,,
Viêm xoang,nghẹt mũi,đau mặt,sổ mũi,giảm khứu giác,,,,
Đau nửa đầu,nôn,đau đầu,,,,,,
Viêm phổi,ho có đờm,đau ngực,sốt cao,khó thở,,,,
Tiêu chảy cấp,đau bụng,buồn nôn,tiêu chảy,,,,,
Dị ứng,ngứa,chảy nước mắt,,,,,,
Cảm cúm,ớn lạnh,đau nhức cơ,sốt cao,mệt mỏi,,,,
Đau nửa đầu,nôn,nhạy cảm ánh sáng,đau đầu,buồn nôn,,,,
Sốt xuất huyết,chảy máu cam,phát ban,đau khớp,sốt cao,đau sau hốc mắt,,,
Viêm xoang,đau mặt,giảm khứu giác,nghẹt mũi,đau ngực,,,,
Đau nửa đầu,buồn nôn,đau đầu,nhạy cảm ánh sáng,,,,,
Cảm cúm,đau đầu,mệt mỏi,sốt cao,đau họng,đau nhức cơ,,,
Dị ứng,đau ngực,ngứa,,,,,,
Cảm lạnh,hắt hơi,ho,nghẹt mũi,mệt mỏi,sổ mũi,,,
Hen suyễn,thở khò khè,,,,,,,
Viêm dạ dày,chán ăn,đau bụng,ợ chua,nôn,,,,
Thủy đậu,mệt mỏi,sốt,phát ban,ngứa,,,,
Sốt xuất huyết,đau sau hốc mắt,phát ban,sốt cao,buồn nôn,,,,
Tiêu chảy cấp,tiêu chảy,đau bụng,nôn,,,,,
Viêm phổi,sốt cao,khó thở,ớn lạnh,ho có đờm,mệt mỏi,,,
Tiêu chảy cấp,buồn nôn,đau bụng,sốt,tiêu chảy,mất nước,,,
Tiêu chảy cấp,sốt,tiêu chảy,đau bụng,,,,,
Viêm phế quản,khó thở,ho có đờm,,,,,,
Sốt rét,phát ban,mệt mỏi,ớn lạnh,đổ mồ hôi,sốt cao,đau đầu,,
Viêm xoang,nghẹt mũi,đau mặt,,,,,,
Viêm dạ dày,đau bụng,chán ăn,buồn nôn,nôn,ợ chua,,,
Viêm họng,ho,đau họng,khó nuốt,,,,,
Viêm phế quản,ho có đờm,mệt mỏi,khó thở,,,,,
Sốt rét,buồn nôn,ớn lạnh,sốt cao,nghẹt mũi,đổ mồ hôi,,,
Viêm phế quản,ho có đờm,khó thở,,,,,,
Cảm cúm,mệt mỏi,sốt cao,ho,đau nhức cơ,đau họng,,,
Sốt xuất huyết,phát ban,sốt cao,đau đầu,đau khớp,đau sau hốc mắt,,,
Dị ứng,đau họng,chảy nước mắt,phát ban,hắt hơi,,,,
Viêm dạ dày,buồn nôn,chán ăn,đau bụng,nôn,ợ chua,,,
Cảm lạnh,mệt mỏi,đau họng,nghẹt mũi,sổ mũi,hắt hơi,,,
Cảm cúm,đau nhức cơ,ho,ớn lạnh,sốt cao,đau đầu,,,
Viêm dạ dày,đầy hơi,chán ăn,buồn nôn,đau bụng,,,,
Đau nửa đầu,nôn,đau đầu,,,,,,
Viêm xoang,nghẹt mũi,đau mặt,,,,,,
Sốt rét,ớn lạnh,đổ mồ hôi,mệt mỏi,sốt cao,,,,
Viêm dạ dày,ợ chua,chán ăn,đau bụng,nôn,,,,
Tiêu chảy cấp,nôn,tiêu chảy,đau bụng,mất nước,,,,
Sốt xuất huyết,đau sau hốc mắt,sốt cao,phát ban,,,,,
Viêm họng,ho,đau họng,khó nuốt,sưng hạch,,,,
Hen suyễn,đau ngực,khó thở,,,,,,
Sốt xuất huyết,chảy máu cam,khó nuốt,đau khớp,phát ban,đau sau hốc mắt,buồn nôn,sốt cao,đau đầu
Sốt xuất huyết,đau sau hốc mắt,phát ban,sốt cao,chảy máu cam,đau khớp,,,
Thủy đậu,sốt,phát ban,ngứa,chán ăn,,,,
Viêm họng,đau họng,khó nuốt,sốt,,,,,
Cảm lạnh,sổ mũi,mệt mỏi,hắt hơi,đau họng,nghẹt mũi,,,
Thủy đậu,ngứa,mệt mỏi,phát ban,,,,,
Viêm xoang,đau mặt,sổ mũi,nghẹt mũi,,,,,
Cảm lạnh,đau họng,nghẹt mũi,hắt hơi,sổ mũi,,,,
Cảm lạnh,hắt hơi,đau họng,nghẹt mũi,ho,sổ mũi,,,
Cảm lạnh,hắt hơi,đau họng,mệt mỏi,sổ mũi,,,,
Dị ứng,ngứa,chảy nước mắt,hắt hơi,phát ban,,,,
Hen suyễn,ho,đau ngực,khó thở,thở khò khè,,,,
Viêm dạ dày,ợ chua,chán ăn,đau bụng,,,,,
Cảm lạnh,hắt hơi,ho,sổ mũi,nghẹt mũi,,,,
Cảm cúm,sốt cao,mệt mỏi,đau họng,đau nhức cơ,ho,,,
Cảm cúm,đau nhức cơ,đau đầu,sốt cao,mệt mỏi,ho,ớn lạnh,,
Cảm lạnh,nghẹt mũi,hắt hơi,sổ mũi,,,,,
Viêm xoang,đau mặt,nghẹt mũi,,,,,,
Dị ứng,ngứa,chảy nước mắt,,,,,,
Đau nửa đầu,đau đầu,chóng mặt,nhạy cảm ánh sáng,buồn nôn,,,,
Tiêu chảy cấp,buồn nôn,tiêu chảy,đau bụng,,,,,
Viêm dạ dày,ợ chua,chán ăn,buồn nôn,đau bụng,,,,
Viêm phế quản,khó thở,ho có đờm,đau ngực,,,,,
Dị ứng,phát ban,ngứa,hắt hơi,chảy nước mắt,,,,
Viêm phổi,khó thở,ho có đờm,sốt cao,,,,,
Viêm phổi,ho có đờm,khó thở,sốt cao,mệt mỏi,,,,
Viêm phổi,khó thở,đau ngực,ho có đờm,sốt cao,ớn lạnh,,,
Hen suyễn,khó thở,ho,đau ngực,,,,,
Tiêu chảy cấp,nôn,sốt,đau bụng,mất nước,tiêu chảy,,,
Sốt xuất huyết,đau sau hốc mắt,chảy máu cam,đau khớp,phát ban,sốt cao,,,
Viêm phế quản,đau ngực,sốt nhẹ,ho có đờm,khó thở,mệt mỏi,,,
Sốt xuất huyết,sốt cao,đau đầu,phát ban,đau sau hốc mắt,buồn nôn,đau mặt,,
Viêm họng,sưng hạch,đau họng,ho,khó nuốt,,,,
Cảm cúm,mệt mỏi,chảy nước mắt,ho,sốt cao,ớn lạnh,đau họng,,
Đau nửa đầu,nôn,nhạy cảm ánh sáng,buồn nôn,đau đầu,,,,
Cảm lạnh,sổ mũi,hắt hơi,nghẹt mũi,,,,,
Tiêu chảy cấp,đau bụng,tiêu chảy,,,,,,
Sốt xuất huyết,sốt cao,đau đầu,chảy máu cam,phát ban,đau sau hốc mắt,,,
Viêm họng,đau họng,ho,khó nuốt,sốt,sưng hạch,,,
Cảm lạnh,hắt hơi,mệt mỏi,đau họng,sổ mũi,ho,,,
Tiêu chảy cấp,tiêu chảy,đau bụng,nôn,sốt,,,,
Đau nửa đầu,đau đầu,nôn,nhạy cảm ánh sáng,,,,,
Cảm lạnh,nghẹt mũi,hắt hơi,sổ mũi,,,,,
Viêm phế quản,khó thở,sốt nhẹ,đau ngực,ho có đờm,mệt mỏi,,,
Sốt rét,đổ mồ hôi,buồn nôn,đau đầu,ớn lạnh,sốt cao,,,
Cảm cúm,đau nhức cơ,ho,mệt mỏi,đau đầu,đau họng,sốt cao,,
Sốt rét,mệt mỏi,đổ mồ hôi,buồn nôn,ớn lạnh,sốt cao,,,
Cảm lạnh,nghẹt mũi,hắt hơi,sổ mũi,,,,,
Sốt xuất huyết,đau đầu,sốt cao,phát ban,chảy máu cam,đau sau hốc mắt,,,
Viêm dạ dày,buồn nôn,ợ chua,đau bụng,đầy hơi,,,,
Viêm phổi,đau ngực,ho có đờm,ớn lạnh,sốt cao,khó thở,,,
Thủy đậu,chán ăn,sốt,ngứa,phát ban,mệt mỏi,,,
Tiêu chảy cấp,tiêu chảy,đau bụng,buồn nôn,nôn,mất nước,,,
Dị ứng,hắt hơi,ngứa,,,,,,
Viêm phổi,ớn lạnh,ho có đờm,khó thở,sốt cao,,,,
Cảm lạnh,sổ mũi,hắt hơi,đau họng,nghẹt mũi,mệt mỏi,,,
Tiêu chảy cấp,buồn nôn,đau bụng,chóng mặt,tiêu chảy,nôn,,,
Sốt xuất huyết,đau đầu,sốt cao,đau sau hốc mắt,phát ban,,,,
Viêm phổi,sốt cao,ớn lạnh,mệt mỏi,ho có đờm,đau sau hốc mắt,khó thở,,
Đau nửa đầu,nhạy cảm ánh sáng,buồn nôn,đau đầu,nôn,,,,
Viêm dạ dày,ợ chua,đau bụng,sổ mũi,chán ăn,đầy hơi,,,
Viêm phế quản,ho có đờm,khó thở,đau ngực,,,,,
Viêm xoang,giảm khứu giác,sổ mũi,nghẹt mũi,đau mặt,,,,
Thủy đậu,chán ăn,mệt mỏi,ngứa,phát ban,,,,
Dị ứng,nghẹt mũi,ngứa,chảy nước mắt,,,,,
Cảm cúm,mệt mỏi,đau họng,đau nhức cơ,ớn lạnh,sốt cao,,,
Sốt rét,đau đầu,khó thở,sốt cao,đổ mồ hôi,ớn lạnh,mệt mỏi,buồn nôn,
Viêm họng,sưng hạch,khó nuốt,đau họng,,,,,
Viêm phổi,mệt mỏi,ớn lạnh,ho có đờm,sốt cao,,,,
Viêm xoang,nghẹt mũi,đau mặt,giảm khứu giác,đau đầu,sổ mũi,,,
Sốt rét,đau đầu,ớn lạnh,đổ mồ hôi,mệt mỏi,sốt cao,,,
Dị ứng,phát ban,chảy nước mắt,ngứa,,,,,
Viêm họng,đau họng,sốt,khó nuốt,,,,,
Sốt xuất huyết,buồn nôn,sốt cao,phát ban,đau sau hốc mắt,,,,
Tiêu chảy cấp,mất nước,tiêu chảy,đau bụng,nôn,sốt,,,
Cảm cúm,đau nhức cơ,sốt cao,mệt mỏi,ớn lạnh,đau đầu,,,
Tiêu chảy cấp,tiêu chảy,buồn nôn,đau bụng,mất nước,nôn,,,
Viêm dạ dày,ợ chua,chán ăn,đau bụng,nôn,,,,
Tiêu chảy cấp,tiêu chảy,đau bụng,,,,,,
Hen suyễn,thở khò khè,đau ngực,khó thở,ho,,,,
Viêm họng,khó nuốt,sốt,,,,,,
Thủy đậu,phát ban,chán ăn,sốt,ngứa,mệt mỏi,,,
Sốt rét,sốt cao,đau đầu,đổ mồ hôi,,,,,
Viêm xoang,giảm khứu giác,đau đầu,đau mặt,nghẹt mũi,,,,
Thủy đậu,mệt mỏi,ngứa,phát ban,,,,,
Viêm phế quản,ho có đờm,đau ngực,khó thở,,,,,
Viêm phổi,ho có đờm,mệt mỏi,khó thở,đau ngực,sốt cao,,,
Hen suyễn,đau ngực,thở khò khè,ho,,,,,
Viêm phế quản,khó thở,mệt mỏi,ho có đờm,,,,,
Viêm họng,đau họng,khó nuốt,ho,,,,,
Tiêu chảy cấp,tiêu chảy,buồn nôn,mất nước,sốt,,,,
Viêm dạ dày,ợ chua,nôn,buồn nôn,đau bụng,,,,
Đau nửa đầu,nôn,nhạy cảm ánh sáng,đau đầu,chóng mặt,,,,
Hen suyễn,thở khò khè,ho,,,,,,
Viêm họng,khó nuốt,đau họng,sốt,,,,,
Sốt rét,đau đầu,ớn lạnh,sốt cao,,,,,
Tiêu chảy cấp,đau bụng,tiêu chảy,buồn nôn,nôn,mất nước,,,
Viêm dạ dày,chán ăn,buồn nôn,ợ chua,đau bụng,đầy hơi,,,
Thủy đậu,phát ban,mệt mỏi,ngứa,sốt,,,,
Đau nửa đầu,nhạy cảm ánh sáng,nôn,đau đầu,,,,,
Đau nửa đầu,buồn nôn,đau đầu,,,,,,
Hen suyễn,thở khò khè,khó thở,,,,,,
Thủy đậu,chán ăn,ngứa,sốt,phát ban,,,,
Viêm dạ dày,đau bụng,nôn,ợ chua,,,,,
Sốt rét,buồn nôn,đổ mồ hôi,sốt cao,,,,,
Viêm xoang,nghẹt mũi,đau mặt,đau đầu,,,,,
Thủy đậu,khó nuốt,ngứa,mệt mỏi,phát ban,chán ăn,,,
Cảm lạnh,hắt hơi,sổ mũi,nghẹt mũi,,,,,
Viêm họng,đau họng,sốt,sưng hạch,khó nuốt,,,,
Cảm cúm,mệt mỏi,sốt cao,đau nhức cơ,đau đầu,ho,ớn lạnh,,
Thủy đậu,ngứa,mệt mỏi,phát ban,chóng mặt,,,,
Viêm họng,ho,khó nuốt,đau họng,sưng hạch,,,,
Viêm họng,khó nuốt,đau họng,sưng hạch,,,,,
Viêm phế quản,đau ngực,ho có đờm,khó thở,mệt mỏi,,,,
Viêm họng,sưng hạch,khó nuốt,sốt,ho,,,,
Sốt rét,đau đầu,sốt cao,ớn lạnh,đổ mồ hôi,mệt mỏi,,,
Viêm phổi,khó thở,ớn lạnh,ho có đờm,sốt cao,mệt mỏi,,,
Viêm phế quản,đau ngực,sốt nhẹ,ho có đờm,khó thở,,,,
Hen suyễn,thở khò khè,khó thở,,,,,,
Dị ứng,ngứa,phát ban,hắt hơi,nghẹt mũi,,,,
Viêm phế quản,mệt mỏi,ho có đờm,đau ngực,khó thở,,,,
Viêm xoang,giảm khứu giác,nghẹt mũi,đau đầu,,,,,
Cảm lạnh,ho,sổ mũi,hắt hơi,nghẹt mũi,,,,
Viêm họng,ho,đau họng,khó nuốt,,,,,
Viêm phổi,khó thở,ớn lạnh,ho có đờm,sốt cao,,,,
Hen suyễn,thở khò khè,,,,,,,
Sốt xuất huyết,đau sau hốc mắt,sốt cao,phát ban,đau khớp,,,,
Viêm họng,đau họng,ho,khó nuốt,sưng hạch,,,,
Viêm phế quản,khó thở,đau ngực,mệt mỏi,sốt nhẹ,,,,
Tiêu chảy cấp,nôn,đau bụng,buồn nôn,mất nước,tiêu chảy,,,
Đau nửa đầu,đau đầu,nhạy cảm ánh sáng,chóng mặt,buồn nôn,,,,
Cảm lạnh,hắt hơi,nghẹt mũi,sổ mũi,ho,,,,
Viêm phổi,sốt cao,ho có đờm,đau ngực,mệt mỏi,,,,
Viêm họng,sưng hạch,giảm khứu giác,đau họng,khó nuốt,,,,
Sốt xuất huyết,đau ngực,đau đầu,đau sau hốc mắt,sốt cao,phát ban,đau khớp,,
Đau nửa đầu,đau đầu,nhạy cảm ánh sáng,nôn,chóng mặt,,,,
Cảm lạnh,hắt hơi,ho,nghẹt mũi,mệt mỏi,sổ mũi,,,
Viêm dạ dày,nôn,ợ chua,đau bụng,buồn nôn,,,,
Sốt rét,đau đầu,ớn lạnh,đổ mồ hôi,sốt cao,nghẹt mũi,,,
Cảm cúm,đau đầu,đau nhức cơ,ho,sốt cao,mệt mỏi,,,
Sốt rét,ớn lạnh,đổ mồ hôi,mệt mỏi,buồn nôn,sốt cao,đau đầu,,
Hen suyễn,khó thở,thở khò khè,ho,,,,,
Cảm lạnh,nghẹt mũi,sổ mũi,hắt hơi,ho,,,,
Sốt xuất huyết,đau khớp,sốt cao,đau sau hốc mắt,,,,,
Viêm họng,khó nuốt,đau họng,sưng hạch,sốt,ho,,,
Viêm phổi,mệt mỏi,ho có đờm,sốt cao,ớn lạnh,,,,
Sốt rét,buồn nôn,ớn lạnh,sốt cao,đổ mồ hôi,,,,
Hen suyễn,ho,thở khò khè,khó thở,đau họng,,,,
Cảm lạnh,đau họng,sổ mũi,nghẹt mũi,hắt hơi,,,,
Tiêu chảy cấp,khó thở,tiêu chảy,nôn,đau bụng,buồn nôn,,,
Sốt xuất huyết,sốt cao,phát ban,buồn nôn,đau sau hốc mắt,đau đầu,chảy máu cam,,
Dị ứng,phát ban,nghẹt mũi,hắt hơi,sổ mũi,,,,
Đau nửa đầu,nhạy cảm ánh sáng,chóng mặt,đau đầu,,,,,
Viêm phổi,sốt cao,ớn lạnh,khó thở,mệt mỏi,ho có đờm,,,
Dị ứng,ngứa,phát ban,nghẹt mũi,hắt hơi,,,,
Cảm lạnh,sổ mũi,đổ mồ hôi,hắt hơi,nghẹt mũi,,,,
Dị ứng,phát ban,chảy nước mắt,hắt hơi,ngứa,,,,
Cảm lạnh,hắt hơi,ho,nghẹt mũi,ngứa,sổ mũi,,,
Tiêu chảy cấp,nôn,đau bụng,tiêu chảy,sốt,mất nước,,,
Sốt xuất huyết,sốt cao,chảy máu cam,đau sau hốc mắt,phát ban,đau đầu,,,
Cảm lạnh,hắt hơi,sổ mũi,mệt mỏi,đau họng,nghẹt mũi,,,
Sốt xuất huyết,phát ban,đau sau hốc mắt,đau đầu,sốt cao,chảy máu cam,đau khớp,,
Viêm dạ dày,buồn nôn,đầy hơi,chán ăn,ợ chua,,,,
Hen suyễn,thở khò khè,khó thở,đau ngực,,,,,
Tiêu chảy cấp,đau bụng,tiêu chảy,,,,,,
Dị ứng,hắt hơi,ngứa,chảy nước mắt,,,,,
Viêm phổi,sốt cao,khó thở,đau ngực,ho có đờm,mệt mỏi,ớn lạnh,,
Dị ứng,ngứa,hắt hơi,phát ban,nghẹt mũi,,,,
Viêm phổi,khó thở,ho có đờm,,,,,,
Tiêu chảy cấp,nôn,đau bụng,tiêu chảy,,,,,
Đau nửa đầu,nôn,đau đầu,chóng mặt,buồn nôn,nhạy cảm ánh sáng,,,
Đau nửa đầu,đau đầu,nhạy cảm ánh sáng,nôn,chóng mặt,,,,
Sốt xuất huyết,đau sau hốc mắt,chảy máu cam,buồn nôn,phát ban,đau khớp,,,
Viêm phế quản,đau ngực,ho có đờm,mệt mỏi,khó thở,sốt nhẹ,,,
Viêm phổi,mệt mỏi,ớn lạnh,ho có đờm,khó thở,sốt cao,,,
Sốt xuất huyết,sốt cao,buồn nôn,phát ban,đau sau hốc mắt,đau đầu,,,
Đau nửa đầu,buồn nôn,nôn,chóng mặt,đau đầu,chán ăn,nhạy cảm ánh sáng,,
Viêm xoang,giảm khứu giác,đau mặt,đau đầu,sổ mũi,nghẹt mũi,,,
Viêm dạ dày,đau bụng,đầy hơi,ợ chua,nôn,,,,
Cảm cúm,ớn lạnh,mệt mỏi,đau nhức cơ,đau họng,ho,sốt cao,đau đầu,
Viêm phổi,sốt cao,đau ngực,khó thở,ho có đờm,,,,
Đau nửa đầu,nhạy cảm ánh sáng,nôn,đau đầu,chóng mặt,,,,
Viêm họng,đau họng,ho,khó nuốt,,,,,
Sốt rét,sốt cao,mệt mỏi,đổ mồ hôi,buồn nôn,,,,
Viêm phổi,sốt cao,ho có đờm,khó thở,ớn lạnh,đau ngực,,,
Thủy đậu,sốt,ngứa,chán ăn,,,,,
Đau nửa đầu,buồn nôn,chóng mặt,đau đầu,,,,,
Viêm phổi,ớn lạnh,khó thở,đau ngực,mệt mỏi,ho có đờm,,,
Viêm phế quản,khó thở,đau ngực,ho có đờm,,,,,
Viêm dạ dày,đau bụng,đầy hơi,chán ăn,ợ chua,nôn,,,
Sốt rét,mệt mỏi,ớn lạnh,đổ mồ hôi,sốt cao,đau đầu,,,
Cảm lạnh,ho,hắt hơi,nghẹt mũi,đau họng,sổ mũi,,,
Sốt xuất huyết,sốt cao,chảy máu cam,đau khớp,đau sau hốc mắt,phát ban,buồn nôn,,
Tiêu chảy cấp,tiêu chảy,mất nước,sốt,,,,,
Viêm xoang,thở khò khè,đau mặt,nghẹt mũi,,,,,
Tiêu chảy cấp,sốt,tiêu chảy,nôn,mất nước,đau bụng,,,
Viêm phế quản,sốt nhẹ,đau ngực,mệt mỏi,ho có đờm,,,,
Viêm dạ dày,ợ chua,buồn nôn,đau bụng,nôn,,,,
Thủy đậu,sốt,phát ban,,,,,,
Viêm phế quản,mệt mỏi,ho có đờm,khó thở,sốt nhẹ,,,,
Tiêu chảy cấp,tiêu chảy,mất nước,buồn nôn,,,,,
Sốt rét,ớn lạnh,đổ mồ hôi,sốt cao,,,,,
Thủy đậu,mệt mỏi,chán ăn,phát ban,ngứa,sốt,,,
Tiêu chảy cấp,đau bụng,nôn,tiêu chảy,sốt,buồn nôn,,,
Cảm cúm,ớn lạnh,đau nhức cơ,đau đầu,mệt mỏi,sốt cao,,,
Viêm dạ dày,đau bụng,buồn nôn,chán ăn,ợ chua,,,,
Đau nửa đầu,chóng mặt,đau đầu,nhạy cảm ánh sáng,,,,,
Dị ứng,nghẹt mũi,hắt hơi,ngứa,,,,,
Tiêu chảy cấp,mất nước,buồn nôn,đau bụng,nôn,,,,
Viêm xoang,nghẹt mũi,sổ mũi,đau mặt,đau đầu,giảm khứu giác,,,
Sốt xuất huyết,đau sau hốc mắt,sốt cao,đau khớp,phát ban,chảy máu cam,,,
Cảm lạnh,nghẹt mũi,hắt hơi,sổ mũi,đau họng,ho,,,
Hen suyễn,khó thở,thở khò khè,,,,,,
Sốt xuất huyết,nghẹt mũi,đau sau hốc mắt,phát ban,đau đầu,sốt cao,,,
Dị ứng,nghẹt mũi,ngứa,phát ban,hắt hơi,,,,
Tiêu chảy cấp,nôn,đau bụng,tiêu chảy,buồn nôn,,,,
Đau nửa đầu,nhạy cảm ánh sáng,nôn,buồn nôn,đau đầu,,,,
Thủy đậu,mệt mỏi,phát ban,ngứa,sốt,,,,
Cảm cúm,đau đầu,đau nhức cơ,mệt mỏi,sốt cao,ho,,,
Dị ứng,nghẹt mũi,hắt hơi,phát ban,ngứa,,,,
Sốt rét,đổ mồ hôi,ho,mệt mỏi,buồn nôn,sốt cao,ớn lạnh,,
Viêm họng,sưng hạch,đau họng,khó nuốt,,,,,
Viêm họng,sưng hạch,khó nuốt,đau họng,,,,,
Cảm cúm,ho,mệt mỏi,đau nhức cơ,ớn lạnh,sốt cao,đau đầu,,
Cảm lạnh,đau họng,mệt mỏi,ho,sổ mũi,hắt hơi,nghẹt mũi,,
Đau nửa đầu,nhạy cảm ánh sáng,chóng mặt,buồn nôn,đau đầu,,,,
Sốt rét,buồn nôn,ớn lạnh,đổ mồ hôi,sốt cao,đau đầu,,,
Đau nửa đầu,nôn,chóng mặt,nhạy cảm ánh sáng,buồn nôn,đau đầu,,,
Sốt xuất huyết,đau sau hốc mắt,sốt cao,buồn nôn,phát ban,,,,
Cảm cúm,mệt mỏi,đau nhức cơ,sốt cao,ho,đau họng,,,
Dị ứng,chảy nước mắt,đau khớp,hắt hơi,phát ban,nghẹt mũi,,,
Tiêu chảy cấp,tiêu chảy,,,,,,,
Viêm phổi,sốt cao,ho có đờm,khó thở,ớn lạnh,,,,
Viêm dạ dày,chán ăn,ợ chua,buồn nôn,đau bụng,,,,
Cảm lạnh,sổ mũi,ho,hắt hơi,nghẹt mũi,,,,
Tiêu chảy cấp,sốt,mất nước,đau bụng,tiêu chảy,nôn,,,
Cảm lạnh,hắt hơi,nghẹt mũi,mệt mỏi,ho,sổ mũi,đau họng,,
Viêm phế quản,mệt mỏi,ho có đờm,khó thở,,,,,
Dị ứng,hắt hơi,ngứa,nghẹt mũi,chảy nước mắt,,,,
Cảm cúm,sốt cao,mệt mỏi,ớn lạnh,đau nhức cơ,đau họng,,,
Hen suyễn,đau ngực,thở khò khè,khó thở,,,,,
Cảm lạnh,hắt hơi,mệt mỏi,nghẹt mũi,,,,,
Viêm họng,ho,sưng hạch,đau họng,sốt,khó nuốt,,,
Thủy đậu,sốt,phát ban,ngứa,,,,,
Viêm phế quản,đau sau hốc mắt,ho có đờm,mệt mỏi,đau ngực,,,,
Dị ứng,ngứa,chảy nước mắt,hắt hơi,nghẹt mũi,phát ban,,,
Sốt rét,sốt cao,đổ mồ hôi,đau đầu,ớn lạnh,,,,
Đau nửa đầu,đau đầu,chóng mặt,nôn,nhạy cảm ánh sáng,,,,
Viêm phổi,sốt cao,khó thở,ớn lạnh,ho có đờm,,,,
Viêm dạ dày,nôn,đau bụng,ợ chua,,,,,
Viêm dạ dày,đau bụng,ợ chua,đầy hơi,,,,,
Viêm xoang,đau mặt,đau đầu,nghẹt mũi,,,,,
Thủy đậu,ngứa,mệt mỏi,,,,,,
Viêm xoang,sổ mũi,đau mặt,nghẹt mũi,,,,,
Dị ứng,hắt hơi,phát ban,ngứa,nghẹt mũi,chảy nước mắt,,,
Cảm cúm,mệt mỏi,ho,sốt cao,đau họng,ớn lạnh,,,
Viêm xoang,đau đầu,giảm khứu giác,sổ mũi,đau mặt,,,,
Sốt xuất huyết,đau sau hốc mắt,phát ban,sốt cao,,,,,
Tiêu chảy cấp,nôn,buồn nôn,đau bụng,mất nước,tiêu chảy,,,
Viêm họng,nôn,khó nuốt,đau họng,,,,,
Tiêu chảy cấp,đau bụng,sốt,tiêu chảy,,,,,
Cảm cúm,đau họng,ho,đau nhức cơ,mệt mỏi,sốt cao,,,
Thủy đậu,mệt mỏi,phát ban,sốt,ngứa,,,,
Viêm xoang,giảm khứu giác,đau mặt,nghẹt mũi,,,,,
Cảm lạnh,đau họng,sổ mũi,nghẹt mũi,hắt hơi,,,,
Dị ứng,chảy nước mắt,ngứa,hắt hơi,,,,,
Viêm phế quản,khó thở,đau ngực,ho có đờm,mệt mỏi,,,,
Cảm cúm,sốt cao,đau đầu,mệt mỏi,ớn lạnh,đau nhức cơ,,,
Sốt xuất huyết,phát ban,đau sau hốc mắt,sốt cao,,,,,
Tiêu chảy cấp,sốt,đau bụng,tiêu chảy,,,,,
Viêm họng,đau họng,sưng hạch,sốt,,,,,
Cảm lạnh,hắt hơi,ho,nghẹt mũi,sổ mũi,mệt mỏi,,,
Cảm lạnh,đổ mồ hôi,sổ mũi,hắt hơi,nghẹt mũi,mệt mỏi,,,
Viêm xoang,nghẹt mũi,sốt,đau mặt,,,,,
Viêm dạ dày,nôn,buồn nôn,đau bụng,ợ chua,chán ăn,,,
Tiêu chảy cấp,mất nước,buồn nôn,đau bụng,tiêu chảy,,,,
Cảm lạnh,nghẹt mũi,hắt hơi,mệt mỏi,đau họng,ho,sổ mũi,,
Cảm lạnh,hắt hơi,nghẹt mũi,đau họng,ho,sổ mũi,,,
Viêm xoang,nghẹt mũi,giảm khứu giác,đau mặt,đau đầu,sổ mũi,,,
Sốt xuất huyết,đau khớp,chảy máu cam,phát ban,buồn nôn,đau sau hốc mắt,sốt cao,,
Viêm họng,đau họng,sốt,khó nuốt,,,,,
Hen suyễn,đau ngực,khó thở,ho,,,,,
Sốt xuất huyết,chảy máu cam,sốt cao,đau sau hốc mắt,phát ban,,,,
Viêm xoang,đau mặt,sổ mũi,giảm khứu giác,đau đầu,,,,
Hen suyễn,khó thở,đau ngực,thở khò khè,,,,,
Đau nửa đầu,nôn,chóng mặt,đau đầu,nhạy cảm ánh sáng,,,,
Đau nửa đầu,đau đầu,buồn nôn,nhạy cảm ánh sáng,,,,,
Viêm phế quản,đau ngực,ho có đờm,khó thở,,,,,
Hen suyễn,thở khò khè,khó thở,ho,,,,,
Hen suyễn,khó thở,thở khò khè,đau ngực,,,,,
Sốt xuất huyết,sốt cao,phát ban,đau sau hốc mắt,buồn nôn,,,,
Viêm phế quản,đau bụng,ho có đờm,khó thở,,,,,
Thủy đậu,mệt mỏi,ngứa,phát ban,sốt,,,,
Thủy đậu,phát ban,ngứa,mệt mỏi,,,,,
Đau nửa đầu,buồn nôn,nhạy cảm ánh sáng,đau đầu,nôn,chóng mặt,,,
Cảm cúm,ớn lạnh,đau nhức cơ,đau đầu,mệt mỏi,sốt cao,,,
Cảm lạnh,hắt hơi,mệt mỏi,sổ mũi,nghẹt mũi,,,,
Dị ứng,chảy nước mắt,ngứa,hắt hơi,phát ban,,,,
Thủy đậu,phát ban,ngứa,chán ăn,,,,,
Sốt xuất huyết,buồn nôn,đau sau hốc mắt,phát ban,đau đầu,sốt cao,chảy máu cam,,
Viêm phế quản,sốt nhẹ,khó thở,ho có đờm,mệt mỏi,,,,
Dị ứng,ngứa,,,,,,,
Hen suyễn,chóng mặt,khó thở,thở khò khè,ho,,,,
Viêm họng,đau họng,sưng hạch,,,,,,
Viêm xoang,nghẹt mũi,đau đầu,giảm khứu giác,đau mặt,,,,
Đau nửa đầu,chóng mặt,nhạy cảm ánh sáng,nôn,đau đầu,,,,
Viêm họng,khó nuốt,ho,sưng hạch,sốt,đau họng,,,
Đau nửa đầu,nhạy cảm ánh sáng,buồn nôn,đau đầu,nôn,,,,
Sốt xuất huyết,chảy máu cam,đau sau hốc mắt,đau đầu,sốt cao,phát ban,,,
Đau nửa đầu,nôn,nhạy cảm ánh sáng,đau đầu,,,,,
Cảm lạnh,sổ mũi,hắt hơi,ho,nghẹt mũi,,,,
Viêm họng,khó nuốt,ho,sốt,sưng hạch,,,,
Viêm phế quản,khó thở,ho có đờm,đau ngực,sốt nhẹ,,,,
Cảm lạnh,sổ mũi,đau họng,hắt hơi,,,,,
Sốt rét,ớn lạnh,đổ mồ hôi,buồn nôn,,,,,
Viêm phổi,sốt cao,mệt mỏi,khó thở,,,,,
Viêm phế quản,ho có đờm,mệt mỏi,khó thở,,,,,
Sốt xuất huyết,phát ban,đau khớp,đau đầu,sốt cao,đau sau hốc mắt,,,
Sốt rét,đổ mồ hôi,buồn nôn,ớn lạnh,mệt mỏi,sốt cao,,,
Sốt xuất huyết,đau sau hốc mắt,phát ban,,,,,,
Viêm xoang,sổ mũi,đau mặt,giảm khứu giác,,,,,
Dị ứng,chảy nước mắt,nghẹt mũi,hắt hơi,ngứa,,,,
Sốt xuất huyết,phát ban,đau sau hốc mắt,đau khớp,sốt cao,,,,
Viêm dạ dày,buồn nôn,ợ chua,đau bụng,,,,,
Dị ứng,ngứa,phát ban,hắt hơi,,,,,
Thủy đậu,phát ban,chán ăn,ngứa,,,,,
Sốt rét,sốt cao,mệt mỏi,ớn lạnh,đổ mồ hôi,,,,
Cảm lạnh,đau họng,mệt mỏi,nghẹt mũi,sổ mũi,hắt hơi,,,
Viêm phế quản,mệt mỏi,ho có đờm,đau ngực,khó thở,,,,
Hen suyễn,thở khò khè,khó thở,,,,,,
Thủy đậu,phát ban,ngứa,mệt mỏi,chán ăn,,,,
Viêm phổi,ớn lạnh,đau ngực,sốt cao,khó thở,ho có đờm,mệt mỏi,,
Viêm họng,khó nuốt,ho,sốt,sưng hạch,đau họng,,,
Viêm dạ dày,buồn nôn,nôn,chán ăn,đau bụng,,,,
Sốt xuất huyết,phát ban,đau sau hốc mắt,buồn nôn,,,,,
Viêm dạ dày,đầy hơi,nôn,chán ăn,ợ chua,buồn nôn,đau bụng,,
Sốt rét,giảm khứu giác,đổ mồ hôi,mệt mỏi,sốt cao,ớn lạnh,,,
Viêm dạ dày,ợ chua,đầy hơi,buồn nôn,đau bụng,chán ăn,,,
Sốt xuất huyết,đau sau hốc mắt,phát ban,buồn nôn,chảy máu cam,sốt cao,,,
Viêm phế quản,sốt nhẹ,đau ngực,ho có đờm,mệt mỏi,hắt hơi,khó thở,,
Tiêu chảy cấp,mất nước,đau bụng,tiêu chảy,nôn,,,,
Đau nửa đầu,chóng mặt,nhạy cảm ánh sáng,đau đầu,,,,,
Cảm cúm,đau đầu,mệt mỏi,sốt cao,ho,ớn lạnh,đau nhức cơ,,
Thủy đậu,ngứa,phát ban,,,,,,
Viêm phế quản,khó thở,sốt nhẹ,đau ngực,,,,,
Sốt rét,sốt,mệt mỏi,đổ mồ hôi,ớn lạnh,,,,
Đau nửa đầu,nhạy cảm ánh sáng,đau đầu,nôn,,,,,
Viêm họng,khó nuốt,đau họng,,,,,,
Viêm xoang,đau mặt,nghẹt mũi,,,,,,
Viêm xoang,đau mặt,nghẹt mũi,,,,,,
Cảm cúm,sốt cao,ớn lạnh,mệt mỏi,ho,,,,
Sốt rét,sốt cao,đổ mồ hôi,ớn lạnh,đau đầu,,,,
Đau nửa đầu,chóng mặt,đau đầu,nhạy cảm ánh sáng,mệt mỏi,,,,
Tiêu chảy cấp,đau bụng,tiêu chảy,sốt,buồn nôn,,,,
Thủy đậu,chán ăn,phát ban,mệt mỏi,ngứa,,,,
Dị ứng,phát ban,nghẹt mũi,chảy nước mắt,hắt hơi,,,,
Sốt xuất huyết,đau sau hốc mắt,sốt cao,phát ban,buồn nôn,,,,
Viêm dạ dày,đau bụng,ợ chua,nôn,đầy hơi,,,,
Viêm xoang,đau mặt,nghẹt mũi,,,,,,
Viêm xoang,đau mặt,nghẹt mũi,giảm khứu giác,,,,,
Sốt rét,đổ mồ hôi,sốt cao,ớn lạnh,,,,,
Viêm phổi,đau ngực,khó thở,sốt cao,mệt mỏi,ho có đờm,,,
Viêm phế quản,khó thở,ho có đờm,đau ngực,,,,,
Cảm lạnh,nghẹt mũi,hắt hơi,ho,,,,,
Dị ứng,phát ban,hắt hơi,nghẹt mũi,ngứa,chảy nước mắt,,,
Hen suyễn,thở khò khè,đau ngực,ho,đầy hơi,,,,
Thủy đậu,mệt mỏi,phát ban,chán ăn,sốt,ngứa,,,
Tiêu chảy cấp,đau bụng,sốt,buồn nôn,tiêu chảy,,,,
Sốt rét,đổ mồ hôi,đau đầu,sốt cao,,,,,
Sốt xuất huyết,buồn nôn,phát ban,sốt cao,đau sau hốc mắt,chảy máu cam,,,
Tiêu chảy cấp,tiêu chảy,buồn nôn,đau bụng,mất nước,nôn,,,
Thủy đậu,ngứa,sốt,mệt mỏi,,,,,
Cảm lạnh,sổ mũi,nghẹt mũi,hắt hơi,,,,,
Cảm lạnh,nghẹt mũi,hắt hơi,sổ mũi,,,,,
Tiêu chảy cấp,tiêu chảy,đau bụng,nôn,,,,,
Cảm lạnh,sổ mũi,đau họng,hắt hơi,mệt mỏi,nghẹt mũi,ho,,
Đau nửa đầu,nhạy cảm ánh sáng,ho có đờm,đau đầu,,,,,
Viêm xoang,nghẹt mũi,sổ mũi,đau mặt,,,,,
Viêm xoang,đau mặt,nghẹt mũi,sổ mũi,,,,,
Cảm cúm,sốt cao,ho,đau họng,đau nhức cơ,mệt mỏi,,,
Viêm dạ dày,ợ chua,buồn nôn,,,,,,
Thủy đậu,sốt,ngứa,chán ăn,,,,,
Sốt rét,đổ mồ hôi,ớn lạnh,buồn nôn,sốt cao,,,,
Cảm lạnh,đau họng,nghẹt mũi,hắt hơi,,,,,
Sốt rét,đau đầu,sốt cao,mệt mỏi,ớn lạnh,,,,
Viêm phổi,ho có đờm,sốt cao,đau ngực,mệt mỏi,khó thở,,,
Cảm cúm,sốt cao,đau nhức cơ,mệt mỏi,,,,,
Đau nửa đầu,buồn nôn,đau đầu,nhạy cảm ánh sáng,,,,,
Dị ứng,phát ban,chảy nước mắt,ngứa,hắt hơi,,,,
Viêm phế quản,khó thở,ho có đờm,,,,,,
Viêm phế quản,ho có đờm,khó thở,sốt nhẹ,,,,,
Cảm lạnh,đau họng,ho,sổ mũi,hắt hơi,mệt mỏi,nghẹt mũi,,
Viêm xoang,nghẹt mũi,đau đầu,đau mặt,,,,,
Hen suyễn,thở khò khè,đau ngực,,,,,,
Tiêu chảy cấp,buồn nôn,tiêu chảy,đau bụng,nôn,,,,
Sốt xuất huyết,đau khớp,phát ban,đau sau hốc mắt,chảy máu cam,,,,
Sốt xuất huyết,đau đầu,chảy máu cam,sốt cao,đau sau hốc mắt,phát ban,buồn nôn,,
Hen suyễn,ho,thở khò khè,khó thở,,,,,
Viêm xoang,nghẹt mũi,đau mặt,giảm khứu giác,,,,,
Dị ứng,chảy nước mắt,hắt hơi,nghẹt mũi,ngứa,,,,
Viêm họng,ho,khó nuốt,sưng hạch,đau họng,,,,
Sốt xuất huyết,phát ban,đau sau hốc mắt,chảy máu cam,sốt cao,đau khớp,buồn nôn,,
Hen suyễn,khó thở,thở khò khè,ho,,,,,
Cảm lạnh,sổ mũi,nghẹt mũi,hắt hơi,ho,,,,
Cảm lạnh,mệt mỏi,hắt hơi,đau họng,nghẹt mũi,sổ mũi,,,
Viêm xoang,nghẹt mũi,đau mặt,sổ mũi,,,,,
Hen suyễn,thở khò khè,khó thở,đau họng,,,,,
Viêm xoang,đau mặt,giảm khứu giác,nghẹt mũi,đau đầu,,,,
Viêm phế quản,sốt nhẹ,đau khớp,ho có đờm,khó thở,,,,
Dị ứng,ngứa,hắt hơi,chảy nước mắt,phát ban,nghẹt mũi,,,
Cảm cúm,ho,mệt mỏi,đau đầu,sốt cao,đau họng,,,
Viêm dạ dày,nôn,đau bụng,ợ chua,,,,,
Hen suyễn,khó thở,thở khò khè,,,,,,
Viêm họng,ho,đau họng,khó nuốt,,,,,
Cảm lạnh,nghẹt mũi,mệt mỏi,đau họng,sổ mũi,,,,
Đau nửa đầu,nôn,nhạy cảm ánh sáng,đau đầu,buồn nôn,chóng mặt,,,
Sốt rét,sốt cao,ớn lạnh,đổ mồ hôi,đau đầu,,,,
Viêm xoang,đau đầu,đau mặt,nghẹt mũi,,,,,
Tiêu chảy cấp,nôn,buồn nôn,mất nước,tiêu chảy,,,,
Viêm dạ dày,chán ăn,ợ chua,đau bụng,,,,,
Thủy đậu,ngứa,phát ban,sốt,,,,,
Dị ứng,chảy nước mắt,hắt hơi,nghẹt mũi,phát ban,,,,
Cảm cúm,ho,mệt mỏi,sốt cao,ớn lạnh,đau họng,đau nhức cơ,,
Sốt xuất huyết,phát ban,đau sau hốc mắt,sốt cao,đau đầu,buồn nôn,,,
Dị ứng,hắt hơi,ngứa,,,,,,
Tiêu chảy cấp,đau bụng,sốt,tiêu chảy,mất nước,,,,
Viêm họng,sưng hạch,đau họng,khó nuốt,,,,,
Viêm xoang,đau mặt,nghẹt mũi,giảm khứu giác,đau đầu,,,,
Đau nửa đầu,buồn nôn,nhạy cảm ánh sáng,chóng mặt,đau đầu,,,,
Tiêu chảy cấp,tiêu chảy,nôn,mất nước,đau bụng,,,,
Sốt xuất huyết,phát ban,đau đầu,sốt cao,đau sau hốc mắt,,,,
Viêm phổi,mệt mỏi,ớn lạnh,khó thở,ho có đờm,sốt cao,đau ngực,,
Tiêu chảy cấp,tiêu chảy,đau bụng,buồn nôn,nôn,,,,
Đau nửa đầu,buồn nôn,đau đầu,,,,,,
Hen suyễn,thở khò khè,,,,,,,
Sốt xuất huyết,phát ban,đau sau hốc mắt,buồn nôn,sốt cao,,,,
Cảm lạnh,nghẹt mũi,mệt mỏi,sổ mũi,hắt hơi,,,,
Sốt xuất huyết,đau khớp,phát ban,sốt cao,đau sau hốc mắt,chảy máu cam,đau đầu,buồn nôn,
Viêm xoang,nghẹt mũi,đau mặt,giảm khứu giác,,,,,
Viêm phổi,sốt cao,đau ngực,mệt mỏi,ho có đờm,khó thở,chảy máu cam,,
Viêm dạ dày,đau bụng,ợ chua,buồn nôn,đầy hơi,,,,
Sốt rét,đổ mồ hôi,sốt nhẹ,ớn lạnh,mệt mỏi,,,,
Sốt rét,đau đầu,sốt cao,đổ mồ hôi,ớn lạnh,,,,
Sốt rét,ớn lạnh,mệt mỏi,sốt cao,đau đầu,buồn nôn,,,
Đau nửa đầu,nhạy cảm ánh sáng,chóng mặt,đau đầu,,,,,
Viêm dạ dày,ợ chua,đầy hơi,,,,,,
Viêm phổi,khó thở,ho có đờm,sốt cao,,,,,
Dị ứng,nghẹt mũi,hắt hơi,ngứa,,,,,
Viêm họng,khó nuốt,ho,đau họng,sốt,,,,
Cảm cúm,đau đầu,đau nhức cơ,mệt mỏi,sốt cao,ớn lạnh,,,
Viêm xoang,đau nhức cơ,đau mặt,nghẹt mũi,sổ mũi,,,,
Hen suyễn,khó thở,thở khò khè,đau ngực,ho,,,,
Viêm họng,sưng hạch,đau họng,khó nuốt,ho,,,,
Thủy đậu,sốt,phát ban,ngứa,chán ăn,,,,
Đau nửa đầu,nhạy cảm ánh sáng,nôn,đau đầu,,,,,
Tiêu chảy cấp,sốt cao,nôn,tiêu chảy,,,,,
Cảm lạnh,sổ mũi,hắt hơi,đau họng,,,,,
Cảm lạnh,ho,hắt hơi,nghẹt mũi,sổ mũi,,,,
Thủy đậu,chán ăn,ngứa,sốt,phát ban,,,,
Cảm cúm,đau nhức cơ,ớn lạnh,đau họng,mệt mỏi,ho,,,
Viêm họng,sốt,sưng hạch,khó nuốt,ho,đau họng,,,
Viêm họng,ho,đau họng,sưng hạch,,,,,
Viêm dạ dày,sốt cao,ợ chua,đau bụng,,,,,
Tiêu chảy cấp,tiêu chảy,mất nước,đau bụng,,,,,
Sốt rét,sốt cao,ớn lạnh,đau đầu,,,,,
Thủy đậu,phát ban,ngứa,sốt,,,,,
Viêm phế quản,khó thở,sốt nhẹ,ho có đờm,,,,,
Hen suyễn,khó thở,thở khò khè,ho,,,,,
Viêm họng,đau họng,sốt,khó nuốt,,,,,
Viêm phổi,mệt mỏi,ho có đờm,đau ngực,sốt cao,chóng mặt,,,
Cảm cúm,đau đầu,sốt cao,mệt mỏi,đau nhức cơ,,,,
Dị ứng,ngứa,chảy nước mắt,hắt hơi,,,,,
Tiêu chảy cấp,sốt,hắt hơi,tiêu chảy,nôn,đau bụng,mất nước,,
Viêm phế quản,đau ngực,sốt nhẹ,khó thở,mệt mỏi,,,,
Cảm cúm,đau nhức cơ,ho,mệt mỏi,đau đầu,ớn lạnh,,,
Sốt rét,sốt,đổ mồ hôi,mệt mỏi,sốt cao,đau đầu,ớn lạnh,,
Viêm xoang,giảm khứu giác,đau mặt,nghẹt mũi,sưng hạch,,,,
Đau nửa đầu,đau đầu,chóng mặt,buồn nôn,nhạy cảm ánh sáng,,,,
Cảm cúm,sốt cao,ớn lạnh,ho,đau họng,mệt mỏi,,,
Cảm cúm,đau nhức cơ,đau họng,ho,mệt mỏi,đau đầu,sốt cao,,
Cảm lạnh,hắt hơi,đau bụng,nghẹt mũi,ho,sổ mũi,,,
Thủy đậu,ngứa,phát ban,mệt mỏi,,,,,
Viêm phổi,đau ngực,ho có đờm,mệt mỏi,sốt cao,,,,
Viêm xoang,sổ mũi,nghẹt mũi,đau đầu,giảm khứu giác,đau mặt,,,
Thủy đậu,ngứa,chán ăn,sốt,,,,,
Sốt xuất huyết,phát ban,buồn nôn,đau sau hốc mắt,sốt cao,đau đầu,đau khớp,,
Dị ứng,hắt hơi,ngứa,nghẹt mũi,,,,,
Sốt rét,sốt cao,buồn nôn,mệt mỏi,ớn lạnh,đổ mồ hôi,đau đầu,,
Dị ứng,chảy nước mắt,hắt hơi,ngứa,,,,,
Sốt xuất huyết,sốt cao,chảy máu cam,phát ban,đau sau hốc mắt,đau đầu,buồn nôn,,
Viêm phế quản,mệt mỏi,khó thở,sốt nhẹ,ho có đờm,,,,
Cảm cúm,đau họng,ớn lạnh,sốt cao,đau nhức cơ,mệt mỏi,,,
Sốt rét,đổ mồ hôi,sốt cao,ớn lạnh,,,,,
Đau nửa đầu,chóng mặt,đau đầu,nhạy cảm ánh sáng,buồn nôn,,,,
Viêm họng,sốt,đổ mồ hôi,khó nuốt,đau họng,,,,
Sốt rét,ớn lạnh,đau đầu,đổ mồ hôi,sốt cao,,,,
Viêm dạ dày,đầy hơi,chán ăn,ợ chua,đau bụng,,,,
Hen suyễn,thở khò khè,đau ngực,khó thở,,,,,
Viêm họng,sốt,ho,khó nuốt,đau họng,sưng hạch,,,
Sốt xuất huyết,sốt cao,chảy máu cam,đau khớp,đau sau hốc mắt,phát ban,,,
Tiêu chảy cấp,tiêu chảy,nôn,buồn nôn,sốt,đau bụng,,,
Cảm lạnh,sổ mũi,hắt hơi,đau họng,nghẹt mũi,,,,
Viêm họng,đau họng,khó nuốt,sưng hạch,,,,,
Viêm phổi,ho có đờm,khó thở,ớn lạnh,sốt cao,,,,
Tiêu chảy cấp,đau bụng,ngứa,tiêu chảy,mất nước,sốt,,,
Sốt xuất huyết,chảy máu cam,sốt cao,phát ban,đau sau hốc mắt,buồn nôn,đau đầu,,
Thủy đậu,phát ban,,,,,,,
Cảm cúm,đau đầu,nhạy cảm ánh sáng,ớn lạnh,đau nhức cơ,mệt mỏi,sốt cao,,
Cảm cúm,sốt cao,đau nhức cơ,,,,,,
Viêm phổi,khó thở,sốt cao,ho có đờm,,,,,
Viêm phế quản,ho có đờm,đau ngực,sưng hạch,khó thở,,,,
Sốt xuất huyết,sốt cao,đau sau hốc mắt,phát ban,chảy máu cam,buồn nôn,,,
Đau nửa đầu,chóng mặt,buồn nôn,nhạy cảm ánh sáng,đau đầu,,,,
Cảm cúm,sốt cao,đau nhức cơ,mệt mỏi,,,,,
Viêm phổi,khó thở,ho có đờm,mệt mỏi,ớn lạnh,sốt cao,,,
Thủy đậu,mệt mỏi,phát ban,ngứa,chán ăn,,,,
Sốt xuất huyết,đau đầu,phát ban,đau sau hốc mắt,sốt cao,đau khớp,,,
Đau nửa đầu,buồn nôn,nhạy cảm ánh sáng,đau đầu,,,,,
Tiêu chảy cấp,buồn nôn,đau bụng,tiêu chảy,,,,,
Viêm dạ dày,buồn nôn,ợ chua,đầy hơi,đau bụng,,,,
Viêm dạ dày,đau bụng,ợ chua,đầy hơi,,,,,
Viêm xoang,đau đầu,nghẹt mũi,sổ mũi,,,,,
Cảm cúm,sốt cao,mệt mỏi,đau nhức cơ,,,,,
Cảm cúm,sốt cao,đau họng,đau nhức cơ,ho,mệt mỏi,,,
Viêm họng,khó nuốt,,,,,,,
Tiêu chảy cấp,nôn,tiêu chảy,buồn nôn,đau bụng,sốt,,,
Hen suyễn,khó thở,ho,thở khò khè,,,,,
Sốt rét,sốt cao,ớn lạnh,đau đầu,buồn nôn,đổ mồ hôi,,,
Viêm phổi,ho có đờm,khó thở,sốt cao,đau ngực,,,,
Viêm họng,ho,khó nuốt,đau họng,,,,,
Sốt rét,đổ mồ hôi,mệt mỏi,sốt cao,,,,,
Thủy đậu,phát ban,ngứa,chán ăn,,,,,
Dị ứng,phát ban,ngứa,đau đầu,nghẹt mũi,,,,
Sốt xuất huyết,đau sau hốc mắt,phát ban,chảy máu cam,sốt cao,,,,
Dị ứng,nghẹt mũi,hắt hơi,ngứa,,,,,
Cảm lạnh,sổ mũi,ho,nghẹt mũi,ợ chua,,,,
Hen suyễn,ho,khó thở,đau ngực,,,,,
Dị ứng,buồn nôn,phát ban,hắt hơi,chảy nước mắt,ngứa,,,
Viêm họng,đau họng,ho,sốt,sưng hạch,khó nuốt,,,
Viêm dạ dày,đau bụng,buồn nôn,đầy hơi,nôn,ợ chua,,,
Viêm dạ dày,ợ chua,đau bụng,chán ăn,,,,,
Viêm họng,đau họng,khó nuốt,hắt hơi,sưng hạch,sốt,,,
Dị ứng,ngứa,chảy nước mắt,hắt hơi,nghẹt mũi,,,,
Đau nửa đầu,nhạy cảm ánh sáng,đau đầu,,,,,,
Cảm cúm,ớn lạnh,mệt mỏi,sốt cao,đau nhức cơ,đau đầu,đau họng,,
Viêm họng,đau họng,khó nuốt,,,,,,
Viêm dạ dày,buồn nôn,chán ăn,đầy hơi,đau bụng,ợ chua,,,
Hen suyễn,đau ngực,khó thở,đau đầu,ho,thở khò khè,,,
Viêm xoang,giảm khứu giác,đau đầu,nghẹt mũi,sưng hạch,đau mặt,,,
Tiêu chảy cấp,tiêu chảy,mất nước,nôn,,,,,
Sốt rét,sốt cao,ớn lạnh,đổ mồ hôi,buồn nôn,,,,
Cảm lạnh,hắt hơi,mệt mỏi,nghẹt mũi,ho,sổ mũi,,,
Hen suyễn,khó thở,đau ngực,thở khò khè,,,,,
Sốt rét,sốt cao,đổ mồ hôi,buồn nôn,ớn lạnh,,,,
Hen suyễn,khó thở,thở khò khè,đau ngực,,,,,
Sốt rét,buồn nôn,đổ mồ hôi,sốt cao,mệt mỏi,,,,
Tiêu chảy cấp,đau bụng,nôn,buồn nôn,mất nước,,,,
Viêm xoang,đau mặt,nghẹt mũi,sổ mũi,,,,,
Viêm phế quản,sốt nhẹ,mệt mỏi,khó thở,ho có đờm,,,,
Cảm cúm,ớn lạnh,sốt cao,đau nhức cơ,mệt mỏi,chán ăn,,,
Sốt rét,ớn lạnh,nghẹt mũi,đổ mồ hôi,buồn nôn,,,,
Hen suyễn,thở khò khè,khó thở,,,,,,
Viêm dạ dày,đau bụng,đầy hơi,buồn nôn,nôn,,,,
Tiêu chảy cấp,đau bụng,tiêu chảy,mất nước,buồn nôn,sốt,,,
Viêm xoang,giảm khứu giác,sổ mũi,nghẹt mũi,đau đầu,đau mặt,,,
Cảm cúm,đau nhức cơ,mệt mỏi,đau họng,ho,đau đầu,sốt cao,,
Thủy đậu,chán ăn,ngứa,,,,,,
Viêm xoang,đau đầu,sổ mũi,đau mặt,nghẹt mũi,,,,
Viêm phổi,khó thở,sốt cao,ớn lạnh,ho có đờm,đau ngực,,,
Viêm xoang,nghẹt mũi,giảm khứu giác,đau đầu,đau mặt,,,,
Sốt xuất huyết,sốt cao,phát ban,buồn nôn,đau sau hốc mắt,,,,
Viêm phổi,đau ngực,sốt cao,ho có đờm,ớn lạnh,mệt mỏi,,,
Sốt rét,buồn nôn,sốt cao,chóng mặt,đổ mồ hôi,,,,
Dị ứng,ngứa,hắt hơi,nghẹt mũi,phát ban,,,,
Tiêu chảy cấp,mất nước,buồn nôn,đau bụng,sốt,nôn,tiêu chảy,,
Viêm họng,ho,đau họng,khó nuốt,sưng hạch,,,,
Đau nửa đầu,nôn,đau đầu,chóng mặt,nhạy cảm ánh sáng,,,,
Đau nửa đầu,chóng mặt,nhạy cảm ánh sáng,đau đầu,,,,,
Viêm phổi,mệt mỏi,khó thở,đau ngực,ho có đờm,sốt cao,,,
Viêm phổi,hắt hơi,đau ngực,ớn lạnh,khó thở,ho có đờm,sốt cao,,
Thủy đậu,chán ăn,phát ban,ngứa,,,,,
Sốt xuất huyết,phát ban,đau khớp,đau đầu,sốt cao,thở khò khè,đau sau hốc mắt,,
Viêm phế quản,ho có đờm,khó thở,sốt nhẹ,đau ngực,mệt mỏi,,,
Viêm phế quản,mệt mỏi,sốt nhẹ,ho có đờm,khó thở,,,,
Viêm phổi,mệt mỏi,khó thở,sốt cao,ho có đờm,,,,
Viêm phế quản,khó thở,ho có đờm,,,,,,
Viêm họng,đau họng,khó nuốt,sưng hạch,sốt,,,,
Cảm lạnh,sổ mũi,ho,đau họng,nghẹt mũi,hắt hơi,,,
Viêm phế quản,khó thở,ho có đờm,,,,,,
Viêm phế quản,đau ngực,ho có đờm,mệt mỏi,khó thở,sốt nhẹ,,,
Viêm phổi,sốt cao,đau ngực,khó thở,ho có đờm,,,,
Sốt rét,sốt cao,ớn lạnh,đổ mồ hôi,đau đầu,mệt mỏi,buồn nôn,,
Cảm cúm,đau nhức cơ,chóng mặt,mệt mỏi,sốt cao,ho,đau đầu,,
Cảm cúm,mệt mỏi,đau nhức cơ,ớn lạnh,đau họng,sốt cao,,,
Viêm họng,đau họng,ho,khó nuốt,,,,,
Đau nửa đầu,chóng mặt,đau đầu,buồn nôn,nhạy cảm ánh sáng,,,,
Viêm xoang,đau mặt,đau đầu,sổ mũi,giảm khứu giác,nghẹt mũi,,,
Viêm phế quản,sốt nhẹ,ho có đờm,mệt mỏi,khó thở,đau ngực,,,
Viêm dạ dày,đầy hơi,đau bụng,nôn,ợ chua,chán ăn,,,
Cảm cúm,sốt cao,đau nhức cơ,đau đầu,ớn lạnh,mệt mỏi,,,
Tiêu chảy cấp,tiêu chảy,đau bụng,mất nước,,,,,
Viêm xoang,đau mặt,sổ mũi,giảm khứu giác,nghẹt mũi,,,,
Cảm cúm,sốt cao,ớn lạnh,đau nhức cơ,mệt mỏi,ho,,,
Cảm lạnh,đau họng,sổ mũi,hắt hơi,nghẹt mũi,,,,
Viêm phổi,sốt cao,khó thở,ho có đờm,ớn lạnh,,,,
Viêm họng,sưng hạch,khó nuốt,đau họng,,,,,
Cảm cúm,mệt mỏi,đau đầu,sốt cao,đầy hơi,đau nhức cơ,,,
Cảm lạnh,nghẹt mũi,sổ mũi,hắt hơi,mệt mỏi,ho,,,
Sốt rét,đổ mồ hôi,ớn lạnh,sốt cao,đau đầu,,,,
Dị ứng,phát ban,đau họng,nghẹt mũi,ngứa,hắt hơi,,,
Sốt xuất huyết,đau sau hốc mắt,phát ban,sốt cao,,,,,
Cảm cúm,mệt mỏi,đau nhức cơ,đau đầu,sốt cao,,,,
Dị ứng,phát ban,ngứa,hắt hơi,,,,,
Đau nửa đầu,nôn,buồn nôn,đau đầu,nhạy cảm ánh sáng,chóng mặt,,,
Viêm phổi,sốt cao,đau ngực,khó thở,mệt mỏi,ho có đờm,,,
Sốt xuất huyết,đau khớp,đau sau hốc mắt,đau đầu,sốt cao,phát ban,,,
Viêm phế quản,sốt nhẹ,ho có đờm,khó thở,,,,,
Dị ứng,nghẹt mũi,chảy nước mắt,phát ban,ngứa,hắt hơi,,,
Viêm họng,khó nuốt,đau họng,sốt,,,,,
Tiêu chảy cấp,đau bụng,sốt,,,,,,
Thủy đậu,mệt mỏi,phát ban,chán ăn,sốt,,,,
Cảm cúm,ớn lạnh,ngứa,sốt cao,mệt mỏi,đau đầu,đau nhức cơ,,
Hen suyễn,ho,thở khò khè,đau ngực,sốt,khó thở,,,
Đau nửa đầu,nhạy cảm ánh sáng,chóng mặt,đau đầu,,,,,
Thủy đậu,ngứa,chán ăn,sốt,phát ban,,,,
Viêm họng,sốt,khó nuốt,đau họng,sưng hạch,,,,
Cảm cúm,đau nhức cơ,sốt cao,mệt mỏi,ho,đau đầu,,,
Viêm phế quản,ho có đờm,khó thở,mệt mỏi,,,,,
Viêm phổi,khó thở,ho có đờm,ớn lạnh,mệt mỏi,sốt cao,,,
Dị ứng,hắt hơi,,,,,,,
Viêm phế quản,đau ngực,mệt mỏi,ho có đờm,,,,,
Đau nửa đầu,đau đầu,nhạy cảm ánh sáng,nôn,,,,,
Dị ứng,nghẹt mũi,ngứa,hắt hơi,,,,,
Viêm phổi,khó thở,khó nuốt,ho có đờm,sốt cao,,,,
Cảm cúm,sốt cao,mệt mỏi,đau họng,sưng hạch,đau đầu,đau nhức cơ,ho,
Sốt rét,ớn lạnh,đổ mồ hôi,mệt mỏi,buồn nôn,sốt cao,,,
Thủy đậu,ngứa,chảy máu cam,sốt,chán ăn,phát ban,,,
Hen suyễn,thở khò khè,khó thở,,,,,,
Cảm lạnh,hắt hơi,nghẹt mũi,mệt mỏi,sổ mũi,chóng mặt,,,
Sốt xuất huyết,chảy máu cam,đau đầu,đau sau hốc mắt,phát ban,,,,
Hen suyễn,ho,khó thở,thở khò khè,,,,,
Viêm dạ dày,ợ chua,đau bụng,chán ăn,,,,,
Đau nửa đầu,đau đầu,chóng mặt,,,,,,
Viêm xoang,đau mặt,giảm khứu giác,nghẹt mũi,,,,,
Viêm dạ dày,đầy hơi,ợ chua,đau bụng,,,,,
Viêm xoang,giảm khứu giác,sổ mũi,đau mặt,nghẹt mũi,,,,
Hen suyễn,đau ngực,khó thở,thở khò khè,,,,,
Viêm họng,ho,sốt,khó nuốt,đau họng,,,,
Tiêu chảy cấp,buồn nôn,tiêu chảy,ớn lạnh,mất nước,đau bụng,,,
Cảm cúm,mệt mỏi,đau đầu,sốt cao,ho,đau nhức cơ,đau họng,ớn lạnh,
Viêm phổi,ho có đờm,ớn lạnh,khó thở,sốt cao,,,,
Viêm phế quản,sốt nhẹ,ho có đờm,khó thở,mệt mỏi,,,,
Viêm phế quản,khó thở,ho có đờm,,,,,,
Viêm dạ dày,đau bụng,nôn,buồn nôn,ợ chua,,,,
Viêm họng,sưng hạch,ho,đau họng,khó nuốt,,,,
Thủy đậu,mệt mỏi,ngứa,phát ban,,,,,
Viêm xoang,đau mặt,đau đầu,nghẹt mũi,,,,,
Dị ứng,ngứa,nghẹt mũi,hắt hơi,,,,,
Viêm phế quản,ho có đờm,,,,,,,
Đau nửa đầu,đau đầu,nhạy cảm ánh sáng,,,,,,
Viêm phổi,ho có đờm,ớn lạnh,sốt cao,khó thở,đau ngực,,,
Thủy đậu,phát ban,sốt,chán ăn,mệt mỏi,ngứa,,,
Dị ứng,hắt hơi,ngứa,phát ban,,,,,
Sốt xuất huyết,sốt cao,phát ban,đau bụng,đau sau hốc mắt,chảy máu cam,,,
Hen suyễn,thở khò khè,khó thở,đau mặt,,,,,
Cảm lạnh,hắt hơi,đau họng,sổ mũi,nghẹt mũi,ho,,,
Viêm phổi,khó thở,ho có đờm,ớn lạnh,mệt mỏi,đau ngực,sốt cao,,
Cảm lạnh,ho,nghẹt mũi,sổ mũi,hắt hơi,đau họng,,,
Cảm cúm,đau đầu,đau họng,đau nhức cơ,sốt cao,ớn lạnh,ho,mệt mỏi,
Dị ứng,ngứa,hắt hơi,,,,,,
Viêm xoang,nghẹt mũi,sổ mũi,đau đầu,,,,,
Đau nửa đầu,buồn nôn,nhạy cảm ánh sáng,đau đầu,,,,,
Tiêu chảy cấp,mất nước,sốt,đau bụng,tiêu chảy,,,,
Sốt xuất huyết,phát ban,đau đầu,sốt cao,,,,,
Cảm cúm,mệt mỏi,ớn lạnh,ho,sốt cao,đau nhức cơ,đau đầu,,
Cảm cúm,sốt cao,đau họng,mệt mỏi,ho,,,,
Viêm phổi,ho có đờm,sốt cao,ớn lạnh,đau ngực,khó thở,,,
Sốt rét,đổ mồ hôi,ớn lạnh,sốt cao,,,,,
Hen suyễn,khó thở,ho,thở khò khè,,,,,
Đau nửa đầu,buồn nôn,nhạy cảm ánh sáng,đau đầu,nôn,,,,
Hen suyễn,ho,đau ngực,khó thở,,,,,
Thủy đậu,ngứa,phát ban,mệt mỏi,,,,,
Sốt xuất huyết,đau sau hốc mắt,đau đầu,chảy máu cam,sốt cao,đau khớp,phát ban,,
Cảm lạnh,nghẹt mũi,ho,hắt hơi,sổ mũi,,,,
Dị ứng,hắt hơi,phát ban,ngứa,,,,,
Thủy đậu,sốt,phát ban,ngứa,,,,,
Cảm cúm,đau nhức cơ,ho,đau họng,mệt mỏi,,,,
Viêm xoang,sổ mũi,đau mặt,giảm khứu giác,nghẹt mũi,,,,
Dị ứng,ngứa,phát ban,hắt hơi,chảy nước mắt,,,,
Hen suyễn,đau họng,đau ngực,khó thở,,,,,
Dị ứng,chảy nước mắt,phát ban,hắt hơi,,,,,
Viêm họng,đau họng,khó nuốt,sưng hạch,ho,,,,
Viêm xoang,nghẹt mũi,đau đầu,đau mặt,sổ mũi,,,,
Hen suyễn,ho,đau ngực,thở khò khè,khó thở,,,,
Viêm xoang,sổ mũi,nghẹt mũi,đau mặt,,,,,
Tiêu chảy cấp,buồn nôn,đau bụng,mất nước,tiêu chảy,sốt,,,
Viêm phế quản,ho có đờm,khó thở,,,,,,
Dị ứng,hắt hơi,ngứa,,,,,,
Thủy đậu,ngứa,sốt,chán ăn,phát ban,,,,
Cảm cúm,sốt cao,mệt mỏi,ớn lạnh,đau nhức cơ,ho,đau họng,,
Viêm phế quản,mệt mỏi,khó thở,sốt nhẹ,đau ngực,,,,
Sốt xuất huyết,đau sau hốc mắt,phát ban,sốt cao,chảy máu cam,,,,
Hen suyễn,khó thở,,,,,,,
Dị ứng,nghẹt mũi,ngứa,hắt hơi,,,,,
Viêm xoang,giảm khứu giác,đau mặt,đau nhức cơ,đau đầu,nghẹt mũi,,,
Cảm cúm,sốt cao,đau đầu,đau nhức cơ,mệt mỏi,ho,,,
Tiêu chảy cấp,mất nước,đau bụng,sốt,tiêu chảy,nôn,,,
Dị ứng,ngứa,phát ban,hắt hơi,,,,,
Viêm dạ dày,chán ăn,buồn nôn,nôn,ợ chua,đau bụng,,,
Dị ứng,ngứa,chảy nước mắt,hắt hơi,,,,,
Viêm phổi,ớn lạnh,sốt cao,ho có đờm,khó thở,đau ngực,mệt mỏi,,
Đau nửa đầu,chóng mặt,nhạy cảm ánh sáng,đau đầu,,,,,
Viêm phổi,ho có đờm,đau ngực,khó thở,,,,,
Cảm lạnh,hắt hơi,ho,sổ mũi,nghẹt mũi,đau họng,,,
Cảm cúm,sốt cao,mệt mỏi,ho,đau nhức cơ,ớn lạnh,,,
Dị ứng,phát ban,chảy nước mắt,nghẹt mũi,ngứa,hắt hơi,,,
Viêm phế quản,khó thở,ho có đờm,mệt mỏi,đau ngực,,,,
Cảm lạnh,ho,nghẹt mũi,hắt hơi,sổ mũi,,,,
Tiêu chảy cấp,mất nước,tiêu chảy,nôn,đau bụng,,,,
Viêm dạ dày,ợ chua,đau họng,đầy hơi,đau bụng,,,,
Hen suyễn,thở khò khè,ho,khó thở,,,,,
Viêm dạ dày,đầy hơi,nôn,ợ chua,buồn nôn,đau bụng,,,
Cảm lạnh,sổ mũi,hắt hơi,nghẹt mũi,,,,,
Cảm lạnh,sổ mũi,ho,nghẹt mũi,hắt hơi,,,,
Cảm lạnh,hắt hơi,đau họng,sổ mũi,nghẹt mũi,mệt mỏi,,,
Viêm họng,ho,đau họng,khó nuốt,sốt,,,,
Cảm lạnh,đau họng,mệt mỏi,sổ mũi,hắt hơi,nghẹt mũi,buồn nôn,,
Viêm phế quản,sốt nhẹ,ho có đờm,đau ngực,khó thở,,,,
Dị ứng,ngứa,phát ban,hắt hơi,nghẹt mũi,,,,
Cảm cúm,đau đầu,sốt cao,ho,đau nhức cơ,đau họng,mệt mỏi,,
Dị ứng,ngứa,nghẹt mũi,phát ban,hắt hơi,,,,
Viêm phổi,sốt cao,mệt mỏi,ho có đờm,khó thở,,,,
Dị ứng,phát ban,hắt hơi,ngứa,,,,,
Viêm phế quản,khó thở,,,,,,,
Viêm dạ dày,đau bụng,ợ chua,đổ mồ hôi,,,,,
Cảm cúm,mệt mỏi,đau nhức cơ,ớn lạnh,đau họng,đau đầu,,,
Cảm lạnh,hắt hơi,nghẹt mũi,mệt mỏi,sổ mũi,,,,
Viêm phổi,đau ngực,khó thở,ho có đờm,sốt cao,ớn lạnh,,,
Thủy đậu,chán ăn,sốt,ho có đờm,phát ban,,,,
Viêm phổi,mệt mỏi,đau ngực,ho có đờm,ớn lạnh,khó thở,sốt cao,,
Sốt rét,sốt cao,mệt mỏi,đổ mồ hôi,ớn lạnh,,,,
Cảm cúm,sốt cao,ớn lạnh,mệt mỏi,đau nhức cơ,đau họng,,,
Viêm phế quản,sốt nhẹ,khó thở,đau ngực,ho có đờm,,,,
Cảm cúm,đau họng,đau nhức cơ,mệt mỏi,ớn lạnh,sốt cao,,,
Viêm xoang,đau đầu,đau mặt,nghẹt mũi,,,,,
Dị ứng,ngứa,chảy nước mắt,nghẹt mũi,hắt hơi,,,,
Sốt xuất huyết,đau khớp,sốt cao,đau sau hốc mắt,phát ban,chảy máu cam,,,
Sốt rét,mệt mỏi,đau đầu,đổ mồ hôi,buồn nôn,sốt cao,ớn lạnh,,
Sốt xuất huyết,sốt cao,đau đầu,đau sau hốc mắt,phát ban,chảy máu cam,đau khớp,,
Sốt xuất huyết,buồn nôn,đau sau hốc mắt,sốt cao,phát ban,đau đầu,,,
Tiêu chảy cấp,nôn,mất nước,đau bụng,,,,,
Viêm phổi,ho có đờm,đau ngực,sốt cao,ớn lạnh,khó thở,,,
Cảm lạnh,đau họng,sổ mũi,mệt mỏi,hắt hơi,đầy hơi,nghẹt mũi,,
Viêm phổi,sốt cao,ho có đờm,khó thở,ớn lạnh,,,,
Viêm phổi,mệt mỏi,sốt cao,khó thở,ho có đờm,ớn lạnh,đau ngực,,
Viêm phế quản,đau ngực,khó thở,sốt nhẹ,ho có đờm,,,,
Viêm dạ dày,đau bụng,ợ chua,buồn nôn,đầy hơi,,,,
Thủy đậu,ngứa,sốt,phát ban,,,,,
Tiêu chảy cấp,tiêu chảy,đau bụng,,,,,,
Cảm cúm,mệt mỏi,sốt cao,đau nhức cơ,,,,,
Dị ứng,hắt hơi,ngứa,phát ban,,,,,
Viêm họng,ho,đau họng,sốt,khó nuốt,,,,
Viêm dạ dày,đau bụng,,,,,,,
Hen suyễn,ho,khó thở,thở khò khè,đau ngực,,,,
Viêm dạ dày,đầy hơi,ợ chua,nôn,buồn nôn,,,,
Cảm cúm,đau họng,đau nhức cơ,mệt mỏi,sốt cao,,,,
Viêm phổi,sốt cao,khó thở,,,,,,
Viêm phổi,ớn lạnh,khó thở,sốt cao,ho có đờm,,,,
Cảm cúm,sốt cao,mệt mỏi,đau đầu,đau nhức cơ,,,,
Sốt rét,sốt cao,đau đầu,buồn nôn,đổ mồ hôi,mệt mỏi,ớn lạnh,,
Cảm lạnh,nghẹt mũi,hắt hơi,sổ mũi,,,,,
Tiêu chảy cấp,mất nước,nôn,tiêu chảy,,,,,
Viêm phổi,mệt mỏi,ho có đờm,khó thở,sốt cao,,,,
Viêm xoang,sổ mũi,giảm khứu giác,nghẹt mũi,đau đầu,,,,
Viêm phế quản,khó thở,sốt nhẹ,ho có đờm,,,,,
Hen suyễn,ho,thở khò khè,đau ngực,khó thở,,,,
Tiêu chảy cấp,đau bụng,sốt,tiêu chảy,,,,,
Viêm họng,đau họng,sốt,khó nuốt,sưng hạch,,,,
Đau nửa đầu,đau đầu,nhạy cảm ánh sáng,nôn,,,,,
Viêm phổi,ho có đờm,ớn lạnh,sốt cao,đau ngực,khó thở,,,
Sốt xuất huyết,phát ban,đau sau hốc mắt,sốt cao,,,,,
Viêm phổi,sốt cao,ho có đờm,khó thở,mệt mỏi,,,,
Sốt rét,buồn nôn,ớn lạnh,sốt cao,đau đầu,khó thở,mệt mỏi,đổ mồ hôi,
Sốt xuất huyết,buồn nôn,sốt nhẹ,sốt cao,đau khớp,chảy máu cam,đau sau hốc mắt,phát ban,đau đầu
Viêm dạ dày,đầy hơi,ợ chua,buồn nôn,đau bụng,,,,
Sốt rét,mệt mỏi,sốt cao,ớn lạnh,buồn nôn,,,,
Viêm phổi,khó thở,sốt cao,,,,,,
Thủy đậu,phát ban,ngứa,,,,,,
Viêm họng,đau họng,sưng hạch,khó nuốt,,,,,
Dị ứng,phát ban,ngứa,hắt hơi,,,,,
Sốt xuất huyết,phát ban,đau sau hốc mắt,sốt cao,,,,,
Sốt rét,mệt mỏi,ớn lạnh,sốt cao,,,,,
Viêm phế quản,ho có đờm,khó thở,đau ngực,sốt nhẹ,,,,
Sốt xuất huyết,đau sau hốc mắt,sốt cao,buồn nôn,phát ban,,,,
Viêm dạ dày,đau bụng,buồn nôn,,,,,,
Tiêu chảy cấp,mất nước,tiêu chảy,sốt,đau bụng,,,,
Đau nửa đầu,đau đầu,buồn nôn,nhạy cảm ánh sáng,,,,,
Cảm cúm,sốt cao,mệt mỏi,đau đầu,đau nhức cơ,,,,
Tiêu chảy cấp,buồn nôn,mất nước,đau bụng,tiêu chảy,sốt,,,
Sốt rét,đổ mồ hôi,sốt cao,buồn nôn,khó thở,,,,
Viêm họng,sốt,đau họng,khó nuốt,ho,,,,
Hen suyễn,khó thở,đau ngực,thở khò khè,,,,,
Tiêu chảy cấp,nôn,đau bụng,tiêu chảy,mất nước,,,,
Cảm cúm,sốt cao,đau nhức cơ,mệt mỏi,đau đầu,ho,,,
Sốt rét,đau đầu,ớn lạnh,đổ mồ hôi,,,,,
Tiêu chảy cấp,nôn,sốt,buồn nôn,đau bụng,tiêu chảy,,,
Sốt xuất huyết,phát ban,chảy máu cam,đau sau hốc mắt,,,,,
Viêm xoang,đau mặt,sổ mũi,nghẹt mũi,,,,,
Viêm phổi,sốt cao,đau ngực,ho có đờm,khó thở,mệt mỏi,,,
Viêm họng,khó nuốt,nhạy cảm ánh sáng,đau họng,ho,,,,
Viêm xoang,giảm khứu giác,đau mặt,ợ chua,sổ mũi,nghẹt mũi,,,
Thủy đậu,mệt mỏi,nôn,ngứa,phát ban,,,,
Đau nửa đầu,buồn nôn,đau đầu,nôn,nhạy cảm ánh sáng,,,,
Sốt rét,đổ mồ hôi,ớn lạnh,sốt cao,buồn nôn,,,,
Viêm họng,khó nuốt,sốt,,,,,,
Tiêu chảy cấp,nôn,sốt,mất nước,đau bụng,,,,
Viêm phổi,ho có đờm,khó thở,đau ngực,sốt cao,,,,
Dị ứng,phát ban,nghẹt mũi,hắt hơi,ngứa,,,,
Đau nửa đầu,chóng mặt,nôn,nhạy cảm ánh sáng,,,,,
Đau nửa đầu,nôn,buồn nôn,nhạy cảm ánh sáng,đau đầu,chóng mặt,,,
Thủy đậu,phát ban,mệt mỏi,chán ăn,ngứa,sốt,,,
Thủy đậu,sốt,mệt mỏi,phát ban,chán ăn,ngứa,,,
Viêm phổi,ớn lạnh,ho có đờm,khó thở,sốt cao,đau ngực,,,
Thủy đậu,ợ chua,ngứa,chán ăn,,,,,
Hen suyễn,khó thở,sốt,thở khò khè,đau ngực,,,,
Cảm cúm,ớn lạnh,sốt cao,ho,mệt mỏi,đau họng,,,
Sốt xuất huyết,phát ban,sốt cao,đau khớp,đau sau hốc mắt,chảy máu cam,buồn nôn,,
Dị ứng,chảy nước mắt,nghẹt mũi,hắt hơi,ngứa,,,,
Viêm họng,đau họng,khó nuốt,,,,,,
Tiêu chảy cấp,nôn,tiêu chảy,đau bụng,,,,,
Hen suyễn,đau ngực,ho,thở khò khè,khó thở,,,,
Dị ứng,hắt hơi,ngứa,nghẹt mũi,chảy nước mắt,phát ban,,,
Sốt rét,sốt cao,đổ mồ hôi,buồn nôn,ớn lạnh,đau đầu,,,
Đau nửa đầu,nhạy cảm ánh sáng,đau đầu,,,,,,
Viêm phổi,sốt cao,ho có đờm,đau ngực,,,,,
Sốt xuất huyết,phát ban,đau sau hốc mắt,đau khớp,sốt cao,chảy máu cam,,,
Cảm cúm,sốt cao,đau nhức cơ,đau khớp,ho,mệt mỏi,đau họng,,
Viêm phổi,ớn lạnh,ho có đờm,đau ngực,khó thở,mệt mỏi,sốt cao,,
Viêm họng,khó nuốt,đau họng,sốt,sưng hạch,,,,
Cảm cúm,mệt mỏi,sốt cao,đau họng,đau nhức cơ,,,,
Cảm cúm,mệt mỏi,ớn lạnh,đau nhức cơ,sốt cao,đau họng,,,
Đau nửa đầu,chóng mặt,nhạy cảm ánh sáng,đau đầu,,,,,
Dị ứng,chảy nước mắt,ngứa,hắt hơi,,,,,
Đau nửa đầu,đau đầu,nhạy cảm ánh sáng,buồn nôn,,,,,
Thủy đậu,ngứa,chán ăn,sốt,phát ban,,,,
Thủy đậu,sốt,ngứa,phát ban,chán ăn,,,,
Cảm lạnh,ho,sổ mũi,hắt hơi,nghẹt mũi,,,,
Sốt rét,sốt cao,ớn lạnh,đổ mồ hôi,buồn nôn,mệt mỏi,,,
Hen suyễn,thở khò khè,ho có đờm,khó thở,đau ngực,ho,,,
Viêm phổi,mệt mỏi,khó thở,sốt cao,ớn lạnh,ho có đờm,,,
Đau nửa đầu,chóng mặt,buồn nôn,nhạy cảm ánh sáng,nôn,,,,
Sốt xuất huyết,buồn nôn,đau đầu,đau sau hốc mắt,phát ban,sốt cao,,,
Viêm dạ dày,buồn nôn,ợ chua,đau bụng,chán ăn,,,,
Cảm lạnh,mệt mỏi,nghẹt mũi,hắt hơi,ho,sổ mũi,,,
Thủy đậu,sốt,ngứa,chán ăn,phát ban,,,,
Sốt rét,mệt mỏi,sốt cao,ớn lạnh,đau đầu,đổ mồ hôi,,,
Dị ứng,ngứa,hắt hơi,,,,,,
Đau nửa đầu,đau đầu,nôn,buồn nôn,chóng mặt,,,,
Viêm phế quản,sốt nhẹ,khó thở,ho có đờm,mệt mỏi,,,,
Cảm lạnh,hắt hơi,nghẹt mũi,mệt mỏi,sổ mũi,,,,
Hen suyễn,khó thở,thở khò khè,,,,,,
Viêm xoang,giảm khứu giác,đau mặt,đau đầu,,,,,
Hen suyễn,thở khò khè,ho,khó thở,,,,,
Cảm lạnh,sổ mũi,đau họng,nghẹt mũi,hắt hơi,,,,
Đau nửa đầu,khó thở,nôn,nhạy cảm ánh sáng,buồn nôn,,,,
Viêm dạ dày,nôn,đau bụng,chán ăn,,,,,
Viêm họng,đau sau hốc mắt,đau họng,khó nuốt,sốt,,,,
Viêm họng,đau họng,ho,khó nuốt,,,,,
Viêm phế quản,khó thở,mệt mỏi,ho có đờm,,,,,
Cảm lạnh,hắt hơi,nghẹt mũi,,,,,,
Viêm phổi,ho có đờm,nhạy cảm ánh sáng,khó thở,sốt cao,,,,
Tiêu chảy cấp,đau bụng,tiêu chảy,buồn nôn,,,,,
Viêm xoang,nghẹt mũi,giảm khứu giác,,,,,,
Viêm xoang,nghẹt mũi,đau mặt,sổ mũi,đau ngực,đau đầu,,,
Sốt xuất huyết,phát ban,đau sau hốc mắt,đau khớp,sốt cao,,,,
Sốt rét,buồn nôn,sốt cao,ớn lạnh,đổ mồ hôi,,,,
Sốt rét,ớn lạnh,đau đầu,sốt cao,,,,,
Viêm phế quản,ho có đờm,đau ngực,khó thở,,,,,
Tiêu chảy cấp,buồn nôn,tiêu chảy,đau bụng,,,,,
Viêm dạ dày,ợ chua,nôn,,,,,,
Sốt rét,ớn lạnh,buồn nôn,đổ mồ hôi,đau đầu,sốt cao,,,
Sốt rét,ớn lạnh,đau đầu,đổ mồ hôi,sốt cao,,,,
Đau nửa đầu,đau đầu,nhạy cảm ánh sáng,buồn nôn,,,,,
Cảm lạnh,ho,nghẹt mũi,hắt hơi,mệt mỏi,sổ mũi,đau họng,,
Viêm phế quản,đau ngực,sốt nhẹ,ho có đờm,,,,,
Viêm xoang,đau mặt,đau đầu,nghẹt mũi,,,,,
Viêm họng,khó nuốt,đau họng,sưng hạch,đau khớp,,,,
Viêm phổi,sốt cao,ho có đờm,đau ngực,ớn lạnh,khó thở,,,
Dị ứng,chảy nước mắt,hắt hơi,ngứa,,,,,
Viêm phổi,khó thở,sốt cao,ho có đờm,,,,,
Dị ứng,ngứa,hắt hơi,,,,,,
Sốt rét,sốt cao,đau đầu,đổ mồ hôi,ớn lạnh,mệt mỏi,,,
Viêm phổi,ho có đờm,khó thở,sốt cao,,,,,
Đau nửa đầu,nôn,nhạy cảm ánh sáng,,,,,,
Sốt rét,đổ mồ hôi,ớn lạnh,buồn nôn,sốt cao,,,,
Viêm dạ dày,buồn nôn,đau bụng,đầy hơi,ợ chua,,,,
Viêm xoang,đau mặt,nghẹt mũi,giảm khứu giác,đau đầu,,,,
Cảm lạnh,hắt hơi,nghẹt mũi,sổ mũi,mệt mỏi,,,,
Viêm phế quản,khó thở,ho có đờm,mệt mỏi,,,,,
Viêm xoang,đau mặt,nghẹt mũi,sổ mũi,đau đầu,,,,
Dị ứng,hắt hơi,ngứa,,,,,,
Thủy đậu,ngứa,mệt mỏi,,,,,,
Viêm họng,sưng hạch,đau họng,khó nuốt,ho,,,,
Viêm dạ dày,nôn,đầy hơi,chán ăn,ợ chua,,,,
Hen suyễn,đau ngực,thở khò khè,khó thở,,,,,
Cảm cúm,sốt cao,đau nhức cơ,ớn lạnh,ho,đau họng,mệt mỏi,,
Cảm cúm,ớn lạnh,đau nhức cơ,mệt mỏi,đau họng,ho,,,
Dị ứng,nghẹt mũi,ngứa,hắt hơi,,,,,
Viêm phổi,khó thở,sốt cao,ho có đờm,mệt mỏi,,,,
Viêm phế quản,khó thở,đầy hơi,ho có đờm,,,,,
Tiêu chảy cấp,nôn,tiêu chảy,mất nước,đau bụng,mệt mỏi,,,
Viêm xoang,đau đầu,đau mặt,sổ mũi,khó thở,nghẹt mũi,giảm khứu giác,,
Cảm cúm,ớn lạnh,đau nhức cơ,mệt mỏi,,,,,
Viêm dạ dày,đầy hơi,đau bụng,ợ chua,sốt cao,,,,
Cảm cúm,mệt mỏi,đau ngực,đau họng,sốt cao,đau đầu,đau nhức cơ,ớn lạnh,
Hen suyễn,thở khò khè,khó thở,ho,,,,,
Sốt xuất huyết,sốt cao,phát ban,đau sau hốc mắt,,,,,
Cảm lạnh,nghẹt mũi,hắt hơi,,,,,,
Sốt rét,đổ mồ hôi,sốt cao,mệt mỏi,ớn lạnh,,,,
Viêm xoang,nghẹt mũi,đau mặt,,,,,,
Cảm cúm,mệt mỏi,đau nhức cơ,đau họng,sốt cao,ớn lạnh,ho,,
Viêm dạ dày,nôn,ợ chua,chán ăn,đầy hơi,đau bụng,buồn nôn,,
Đau nửa đầu,đau đầu,nhạy cảm ánh sáng,nôn,,,,,
Viêm xoang,sốt cao,đau đầu,đau mặt,nghẹt mũi,sổ mũi,giảm khứu giác,,
Viêm xoang,đau mặt,sổ mũi,giảm khứu giác,,,,,
Thủy đậu,ngứa,phát ban,,,,,,
Viêm họng,đau họng,sưng hạch,khó nuốt,,,,,
Viêm phổi,sốt cao,ớn lạnh,đau ngực,ho có đờm,khó thở,,,
Đau nửa đầu,nhạy cảm ánh sáng,đau đầu,chóng mặt,nôn,,,,
Cảm cúm,mệt mỏi,đau nhức cơ,đau họng,ho,sốt cao,ớn lạnh,,
Thủy đậu,ngứa,phát ban,sốt,,,,,
Đau nửa đầu,ớn lạnh,đau đầu,buồn nôn,nhạy cảm ánh sáng,,,,
Cảm lạnh,mệt mỏi,sổ mũi,nghẹt mũi,ho,,,,
Tiêu chảy cấp,mất nước,nôn,đau bụng,sốt,buồn nôn,tiêu chảy,,
Sốt xuất huyết,phát ban,đau sau hốc mắt,đau khớp,đau đầu,chảy máu cam,,,
Viêm phổi,ho có đờm,ớn lạnh,sốt cao,,,,,
Cảm lạnh,sổ mũi,nghẹt mũi,hắt hơi,mệt mỏi,ho,đau họng,,
Viêm phế quản,ho có đờm,mệt mỏi,đau ngực,khó thở,,,,
Viêm xoang,giảm khứu giác,nghẹt mũi,đau đầu,,,,,
Hen suyễn,đau ngực,ho,thở khò khè,khó thở,,,,
Cảm lạnh,ho,giảm khứu giác,nghẹt mũi,hắt hơi,sổ mũi,,,
Viêm xoang,giảm khứu giác,nghẹt mũi,đau mặt,đau đầu,sổ mũi,,,
Thủy đậu,chán ăn,phát ban,ngứa,,,,,
Viêm dạ dày,buồn nôn,ợ chua,chán ăn,đau bụng,,,,
Viêm xoang,sổ mũi,mất nước,đau mặt,giảm khứu giác,đau đầu,nghẹt mũi,,
Hen suyễn,thở khò khè,,,,,,,
Viêm phế quản,đau ngực,mệt mỏi,ho có đờm,khó thở,,,,
Cảm cúm,ớn lạnh,đau nhức cơ,đau đầu,sốt cao,mệt mỏi,,,
Hen suyễn,khó thở,thở khò khè,,,,,,
Tiêu chảy cấp,tiêu chảy,đau bụng,sốt,,,,,
Sốt rét,nghẹt mũi,ớn lạnh,mệt mỏi,sốt cao,đổ mồ hôi,đau đầu,buồn nôn,
Cảm lạnh,nghẹt mũi,sổ mũi,hắt hơi,,,,,
Cảm lạnh,hắt hơi,mệt mỏi,đau họng,ho,sổ mũi,,,
Hen suyễn,khó thở,đau ngực,thở khò khè,sốt cao,,,,
Thủy đậu,phát ban,ngứa,chán ăn,sốt,,,,
Đau nửa đầu,đau đầu,chóng mặt,nhạy cảm ánh sáng,,,,,
Dị ứng,chảy nước mắt,hắt hơi,ngứa,,,,,
Viêm phế quản,sốt nhẹ,ho có đờm,,,,,,
Sốt rét,đổ mồ hôi,sốt cao,,,,,,
Thủy đậu,phát ban,ngứa,sốt,,,,,
Viêm phổi,sốt cao,ớn lạnh,mệt mỏi,ho có đờm,khó thở,,,
Đau nửa đầu,đau đầu,nhạy cảm ánh sáng,nôn,buồn nôn,,,,
Cảm cúm,sốt cao,đau nhức cơ,ớn lạnh,đau đầu,ho,mệt mỏi,,
Cảm cúm,ho,đau đầu,sốt cao,mệt mỏi,đau nhức cơ,,,
Viêm dạ dày,đầy hơi,nôn,ợ chua,đau bụng,buồn nôn,chán ăn,,
Cảm cúm,ho,sốt cao,đau đầu,mệt mỏi,,,,
Tiêu chảy cấp,buồn nôn,tiêu chảy,đau bụng,,,,,
Đau nửa đầu,nôn,chóng mặt,buồn nôn,đau đầu,,,,
Đau nửa đầu,nhạy cảm ánh sáng,đau đầu,buồn nôn,,,,,
Thủy đậu,mệt mỏi,ngứa,sốt,,,,,
Thủy đậu,ngứa,phát ban,mệt mỏi,,,,,
Sốt rét,đổ mồ hôi,ớn lạnh,mệt mỏi,sốt cao,,,,
Thủy đậu,ngứa,chán ăn,mệt mỏi,sốt,phát ban,,,
Thủy đậu,phát ban,ngứa,đau đầu,chán ăn,mệt mỏi,,,
Đau nửa đầu,nhạy cảm ánh sáng,đau đầu,buồn nôn,,,,,
Cảm lạnh,nghẹt mũi,sưng hạch,mệt mỏi,hắt hơi,sổ mũi,,,
Viêm xoang,đau đầu,hắt hơi,nghẹt mũi,,,,,
Viêm họng,khó nuốt,đau họng,sốt,,,,,
Sốt xuất huyết,buồn nôn,đau đầu,phát ban,sốt cao,đau sau hốc mắt,đau khớp,chảy máu cam,
Viêm dạ dày,ợ chua,chán ăn,nôn,đầy hơi,,,,
Thủy đậu,chán ăn,ngứa,phát ban,,,,,
Sốt rét,buồn nôn,ớn lạnh,đổ mồ hôi,đau đầu,,,,
Viêm phổi,đau ngực,sốt cao,khó thở,ho có đờm,mệt mỏi,,,
Viêm phổi,ho có đờm,sốt cao,khó thở,đau ngực,,,,
Hen suyễn,thở khò khè,ho,khó thở,,,,,
Sốt xuất huyết,đau đầu,sốt cao,đau sau hốc mắt,đau khớp,chảy máu cam,phát ban,,
Cảm lạnh,hắt hơi,mệt mỏi,nghẹt mũi,ho,sổ mũi,,,
Cảm cúm,đau họng,đau nhức cơ,mệt mỏi,đau đầu,sốt cao,,,
Sốt rét,mệt mỏi,ớn lạnh,đổ mồ hôi,đau khớp,đau đầu,buồn nôn,sốt cao,
Viêm phế quản,đau ngực,mệt mỏi,sốt nhẹ,khó thở,ho có đờm,,,
Viêm phổi,khó thở,đau ngực,mệt mỏi,ho có đờm,sốt cao,ớn lạnh,,
Hen suyễn,khó thở,ho,thở khò khè,,,,,
Viêm phổi,sốt cao,đau ngực,mệt mỏi,khó thở,ho có đờm,,,
Thủy đậu,phát ban,ngứa,sốt,mệt mỏi,chán ăn,,,
Sốt rét,sốt cao,đổ mồ hôi,buồn nôn,ớn lạnh,,,,
Viêm họng,sưng hạch,đau họng,,,,,,
Tiêu chảy cấp,nôn,sốt,đau bụng,tiêu chảy,,,,
Viêm phổi,sốt cao,ớn lạnh,khó thở,ho có đờm,,,,
Thủy đậu,phát ban,ngứa,,,,,,
Cảm lạnh,hắt hơi,ho,đau họng,tiêu chảy,sổ mũi,nghẹt mũi,,
Sốt rét,sốt cao,buồn nôn,đổ mồ hôi,ớn lạnh,,,,
Viêm xoang,đau đầu,chóng mặt,giảm khứu giác,đau mặt,nghẹt mũi,,,
Dị ứng,chảy nước mắt,ngứa,hắt hơi,,,,,
Tiêu chảy cấp,mất nước,nôn,tiêu chảy,sốt,đau bụng,,,
Đau nửa đầu,buồn nôn,nhạy cảm ánh sáng,đau đầu,,,,,
Cảm lạnh,hắt hơi,ho,nghẹt mũi,,,,,
Cảm lạnh,đau họng,sổ mũi,mệt mỏi,hắt hơi,nghẹt mũi,ho,,
Cảm cúm,sốt cao,đau nhức cơ,ớn lạnh,mệt mỏi,,,,
Cảm cúm,đau nhức cơ,mệt mỏi,đau họng,đau đầu,sốt cao,ho,,
Hen suyễn,khó thở,thở khò khè,đau ngực,,,,,
Đau nửa đầu,đau đầu,buồn nôn,nhạy cảm ánh sáng,nôn,,,,
Hen suyễn,khó thở,thở khò khè,,,,,,
Viêm họng,sốt,ho,khó nuốt,,,,,
Cảm cúm,đau họng,đau nhức cơ,đau đầu,mệt mỏi,ớn lạnh,sốt cao,,
Viêm họng,đau họng,sưng hạch,ho,sốt,,,,
Hen suyễn,thở khò khè,ho,khó thở,,,,,
Viêm xoang,đau mặt,sốt cao,giảm khứu giác,nghẹt mũi,,,,
Viêm phế quản,mệt mỏi,khó thở,đau ngực,ho có đờm,,,,
Cảm lạnh,mệt mỏi,ho,sổ mũi,đau họng,hắt hơi,nghẹt mũi,,
Hen suyễn,thở khò khè,,,,,,,
Đau nửa đầu,nôn,đau đầu,nhạy cảm ánh sáng,,,,,
Viêm phế quản,đau ngực,ho có đờm,khó thở,,,,,
Dị ứng,hắt hơi,ngứa,chán ăn,nghẹt mũi,chảy nước mắt,,,
Sốt xuất huyết,đau sau hốc mắt,đau đầu,chảy máu cam,phát ban,sốt cao,,,
Viêm họng,sưng hạch,đau họng,ho,khó nuốt,,,,
Sốt rét,buồn nôn,đổ mồ hôi,sốt cao,mệt mỏi,đau đầu,,,
Đau nửa đầu,đau đầu,nhạy cảm ánh sáng,chóng mặt,,,,,
