Benh,TrieuChung_1,TrieuChung_2,TrieuChung_3,TrieuChung_4,TrieuChung_5,TrieuChung_6,TrieuChung_7,TrieuChung_8
Viêm bờ mi mạn,mắt đỏ,mờ mắt,đau mắt,sốt,,,,
Quai bị,sưng tuyến mang tai,sốt,đau khi nhai,mệt mỏi,,,,
Viêm thận cấp,tiểu rắt,tiểu nhiều lần,tiểu buốt,đau lưng,tiểu ra máu,,,
Viêm van tim mạn,đau ngực,mệt mỏi,sốt,khó thở,,,,
Viêm túi mật cấp,mệt mỏi,đau dữ dội,chán ăn,buồn nôn,vàng da,,,
Viêm khớp gối mạn,đau khớp,hôi miệng,cứng khớp,,,,,
Viêm khớp vai mạn,hạn chế vận động,mệt mỏi,kéo dài,đau khớp,đau xương,đau,cứng khớp,
Ung thư dạ dày,sụt cân,chán ăn,buồn nôn,,,,,
U lành tính móng,ngứa,da đỏ,mụn nước,phát ban,,,,
Ung thư trực tràng,táo bón,sụt cân,đầy hơi,đi ngoài ra máu,,,,
Nhiễm trùng âm đạo,ớn lạnh,sốt,ra khí hư,,,,,
Viêm hậu môn mạn,tiêu chảy,đầy hơi,đau bụng,táo bón,,,,
Viêm bao hoạt dịch,sưng khớp,đau xương,cứng khớp,hạn chế vận động,,,,
Ung thư màng não,yếu liệt tay chân,sụt cân,tê tay chân,,,,,
Viêm phế quản cấp,ho có đờm,khó thở,thở khò khè,đau ngực,,,,
Viêm ruột thừa,đau hố chậu phải,đau bụng,sốt,buồn nôn,,,,
Viêm khớp dạng thấp,sưng khớp,mệt mỏi,ghèn mắt,cứng khớp,đau khớp,,,
Nhiễm trùng hồi tràng,táo bón,đi ngoài ra máu,đau bụng,đầy hơi,,,,
Ung thư vòi trứng,chán ăn,rối loạn kinh nguyệt,đau khi quan hệ,ra khí hư,,,,
Viêm trung thất,thở khò khè,đau ngực,ho,,,,,
Viêm nang lông mạn,ngứa,da đỏ,mụn nước,phát ban,kéo dài,mệt mỏi,,
Ung thư hậu môn,đầy hơi,táo bón,đi ngoài ra máu,sụt cân,,,,
Viêm amidan,sưng amidan,hôi miệng,đau tai,sốt,khó nuốt,đau họng,,
Loét dạ dày,ợ chua,đau,nôn ra máu,buồn nôn,đau thượng vị,,,
Viêm đại tràng,đi ngoài ra máu,sốt,đau bụng,tiêu chảy,táo bón,đầy hơi,,
Viêm dây thanh,ho,đau tai,khàn tiếng,đau họng,,,,
Sỏi niệu đạo,tiểu rắt,tiểu buốt,đau lưng,tiểu ra máu,tiểu nhiều lần,,,
Nhiễm trùng vòi trứng,đau khi quan hệ,ra khí hư,sốt,đau bụng dưới,ớn lạnh,,,
Thoái hóa sụn khớp,cứng khớp,sưng khớp,,,,,,
Viêm niệu đạo cấp,tiểu rắt,tiểu nhiều lần,đau dữ dội,tiểu buốt,sốt,,,
Viêm bao hoạt dịch cấp,sưng khớp,hạn chế vận động,,,,,,
Nhiễm trùng ruột non,sốt,đau bụng,tiêu chảy,đầy hơi,,,,
Nhiễm trùng tử cung,ra khí hư,rối loạn kinh nguyệt,đau khi quan hệ,đau bụng dưới,,,,
Viêm tuyến lệ,cộm mắt,đau mắt,,,,,,
Ung thư tâm vị,buồn nôn,sụt cân,mệt mỏi,chán ăn,,,,
COVID-19,ho khan,cứng đờ,khó thở,đau họng,sốt,,,
Ung thư ruột non,táo bón,chán ăn,mệt mỏi,đi ngoài ra máu,sụt cân,đau bụng,,
Viêm vòm họng mạn,kéo dài,đau họng,sốt,khàn tiếng,,,,
Ung thư manh tràng,sụt cân,tiêu chảy,táo bón,đi ngoài ra máu,đầy hơi,,,
Viêm van tim mạn,đau ngực,mệt mỏi,kéo dài,hồi hộp,khó thở,,,
Viêm xoang,đau mặt,sổ mũi,nghẹt mũi,giảm khứu giác,,,,
Viêm tuyến tiền liệt,đau bụng dưới,đau khi quan hệ,,,,,,
Viêm cột sống cấp,đau dữ dội,cứng khớp,đau khớp,đau xương,,,,
Nhiễm trùng cổ tử cung,ra khí hư,sốt,rối loạn kinh nguyệt,đau bụng dưới,đau khi quan hệ,ớn lạnh,,
Viêm cổ tử cung cấp,đau dữ dội,đau khi quan hệ,đau bụng dưới,,,,,
Ung thư đường mật,da khô,sụt cân,vàng da,đau hạ sườn phải,buồn nôn,,,
Nhiễm trùng thận,tiểu buốt,sốt,đau lưng,tiểu ra máu,tiểu nhiều lần,,,
Viêm phế quản cấp,đau dữ dội,phù chân,ho,khó thở,thở khò khè,ho có đờm,,
Viêm động mạch chủ cấp,đau dữ dội,đau ngực,mệt mỏi,phù chân,khó thở,,,
Polyp ruột non,táo bón,đi ngoài ra máu,,,,,,
Nhiễm trùng buồng trứng,đau bụng dưới,ra khí hư,ớn lạnh,,,,,
Ung thư buồng trứng,đau khi quan hệ,chán ăn,sụt cân,rối loạn kinh nguyệt,đau bụng dưới,ra khí hư,,
Viêm tuyến lệ mạn,mệt mỏi,mờ mắt,đau mắt,mắt đỏ,kéo dài,cộm mắt,sốt,
Viêm màng phổi mạn,đau ngực,ho có đờm,kéo dài,mệt mỏi,khó thở,ho,nói khó,thở khò khè
Nhiễm trùng hậu môn,đầy hơi,ớn lạnh,tiêu chảy,táo bón,,,,
Viêm họng,ho,sốt,khó nuốt,sưng hạch,,,,
Ung thư tử cung,ra khí hư,sụt cân,đau bụng dưới,chán ăn,mệt mỏi,,,
Ung thư tinh hoàn,đau bụng dưới,rối loạn kinh nguyệt,chán ăn,sụt cân,ra khí hư,mệt mỏi,,
Viêm đường mật cấp,đau dữ dội,vàng da,sốt,chán ăn,đau hạ sườn phải,,,
Viêm dạ dày cấp,đau dữ dội,chán ăn,,,,,,
Nhiễm trùng bàng quang,tiểu buốt,đau lưng,tiểu rắt,sốt,chán ăn,,,
Viêm tai giữa cấp,đau họng,khàn tiếng,nghẹt mũi,đau tai,,,,
Viêm phổi cấp,ho có đờm,thở khò khè,khó thở,sốt,đau dữ dội,,,
Viêm phế quản,ho có đờm,khó thở,mệt mỏi,,,,,
Viêm bàng quang,đau sau hốc mắt,đau bụng dưới,tiểu buốt,tiểu nhiều lần,tiểu rắt,nước tiểu đục,,
Viêm dây thanh cấp,sốt,mờ mắt,ho,nghẹt mũi,đau tai,khàn tiếng,,
Cảm lạnh,mệt mỏi,nghẹt mũi,hắt hơi,sổ mũi,ho,,,
Lao khớp háng,sưng khớp,tê tay chân,đau xương,sụt cân,hạn chế vận động,đau khớp,sốt nhẹ,
U lành tính tinh hoàn,tê tay chân,đau khi quan hệ,đau bụng dưới,ra khí hư,,,,
Viêm tiểu phế quản mạn,ho có đờm,khó thở,kéo dài,thở khò khè,đau ngực,,,
Viêm ruột non cấp,tiêu chảy,,,,,,,
U lành tính âm đạo,rối loạn kinh nguyệt,,,,,,,
Nhiễm trùng niệu quản,ớn lạnh,tiểu rắt,tiểu ra máu,,,,,
Viêm phế quản,sốt nhẹ,ho có đờm,khó thở,mệt mỏi,đau ngực,,,
Ung thư phổi,thở khò khè,đau ngực,ho,mệt mỏi,ho có đờm,sụt cân,,
Viêm tai ngoài mạn,nghẹt mũi,khàn tiếng,đau họng,ho,kéo dài,,,
Viêm xoang,nghẹt mũi,đau mặt,,,,,,
Viêm tai giữa cấp,sốt,đau họng,đau tai,đau dữ dội,,,,
Polyp tâm vị,chán ăn,buồn nôn,ợ chua,,,,,
Viêm tử cung cấp,sốt,đau dữ dội,rối loạn kinh nguyệt,đau bụng dưới,,,,
Viêm niệu quản cấp,tiểu nhiều lần,đau dữ dội,tiểu buốt,đau lưng,sốt,đau hố chậu phải,,
Viêm ruột non mạn,kéo dài,tiêu chảy,đầy hơi,đau bụng,,,,
Ung thư thực quản,ợ chua,buồn nôn,sụt cân,đầy hơi,đau thượng vị,,,
Viêm bao hoạt dịch cấp,sưng khớp,hạn chế vận động,đau khớp,,,,,
Loét thực quản,đau,đầy hơi,buồn nôn,chán ăn,nôn ra máu,đau thượng vị,,
Thoái hóa khớp gối,sưng khớp,hạn chế vận động,cứng khớp,,,,,
Ung thư manh tràng,đầy hơi,tiêu chảy,đau bụng,sụt cân,táo bón,,,
Ung thư dây thần kinh,co giật,đau đầu,chóng mặt,mệt mỏi,tê tay chân,yếu liệt tay chân,chán ăn,sụt cân
Viêm trực tràng cấp,đầy hơi,đau bụng,đi ngoài ra máu,táo bón,tiêu chảy,,,
Viêm tá tràng mạn,đau thượng vị,kéo dài,chán ăn,đầy hơi,ợ chua,,,
Ung thư đại tràng,đau bụng,sụt cân,mệt mỏi,đi ngoài ra máu,tiêu chảy,táo bón,chán ăn,đầy hơi
Viêm mống mắt mạn,mắt đỏ,mệt mỏi,sốt,đau mắt,cộm mắt,chảy nước mắt,kéo dài,
Ung thư đại tràng,táo bón,đầy hơi,đau bụng,sụt cân,mệt mỏi,đi ngoài ra máu,,
Viêm động mạch chủ cấp,đau ngực,hồi hộp,mệt mỏi,,,,,
Lao cột sống cổ,đau xương,đau khớp,sụt cân,,,,,
Cảm cúm,đau đầu,mệt mỏi,ớn lạnh,đau nhức cơ,đau họng,sốt cao,,
Ung thư dây thần kinh,đau đầu,chóng mặt,chán ăn,yếu liệt tay chân,sụt cân,co giật,,
Viêm xoang,nghẹt mũi,sổ mũi,,,,,,
Viêm gân gót cấp,hạn chế vận động,cứng khớp,sưng khớp,đau khớp,sốt,,,
Ung thư tai giữa,đau tai,sụt cân,mệt mỏi,khàn tiếng,,,,
Viêm xoang mạn,nghẹt mũi,ho,chảy mủ tai,khàn tiếng,sốt,,,
Viêm túi mật cấp,chán ăn,đau hạ sườn phải,đau dữ dội,vàng da,buồn nôn,mệt mỏi,,
Viêm cột sống cấp,đau xương,cứng khớp,sưng khớp,đau khớp,,,,
Viêm võng mạc cấp,chảy nước mắt,sốt,cộm mắt,đau mắt,mờ mắt,mắt đỏ,,
Viêm dạ dày mạn,chán ăn,ợ chua,buồn nôn,mệt mỏi,,,,
Viêm tiểu phế quản mạn,thở khò khè,ho có đờm,ho,khó thở,đau ngực,kéo dài,mệt mỏi,
Hẹp màng ngoài tim,hồi hộp,mệt mỏi,phù chân,,,,,
Ung thư đại tràng,chán ăn,mệt mỏi,tiêu chảy,táo bón,đi ngoài ra máu,đau bụng,,
Viêm bao hoạt dịch cấp,sưng khớp,sốt,hạn chế vận động,khó nuốt,cứng khớp,,,
Viêm khớp háng cấp,đau khớp,cứng khớp,,,,,,
Sỏi niệu quản,đau quặn thận,tiểu ra máu,tiểu rắt,tiểu nhiều lần,,,,
Viêm khớp dạng thấp,sốt nhẹ,mệt mỏi,sưng khớp,đau khớp,cứng khớp,,,
Viêm tai ngoài mạn,khàn tiếng,mệt mỏi,ho,sốt,,,,
Polyp dạ dày,buồn nôn,đầy hơi,đi ngoài ra máu,chán ăn,,,,
Viêm túi mật mạn,mệt mỏi,sốt,vàng da,đau hạ sườn phải,mắt đỏ,,,
Viêm cổ tử cung mạn,kéo dài,rối loạn kinh nguyệt,đau bụng dưới,mệt mỏi,ra khí hư,,,
Viêm màng phổi mạn,ho có đờm,sốt,mệt mỏi,kéo dài,khó thở,,,
Viêm dạ dày,ợ chua,đầy hơi,đau thượng vị,chán ăn,,,,
U lành tính tuyến bã,da đỏ,phát ban,ngứa,bong tróc da,mụn nước,,,
Hẹp van tim,hồi hộp,mệt mỏi,đau ngực,,,,,
Ung thư amidan,ho,đau tai,nghẹt mũi,chán ăn,khàn tiếng,mệt mỏi,,
Viêm trung thất mạn,ho có đờm,mệt mỏi,thở khò khè,,,,,
Viêm ruột non cấp,đau bụng,táo bón,đi ngoài ra máu,tiêu chảy,đau dữ dội,sốt,,
Viêm tiểu phế quản cấp,đau ngực,ho,khó thở,thở khò khè,,,,
Ung thư xoang,ho,sụt cân,chán ăn,đau họng,khàn tiếng,nghẹt mũi,,
Viêm nội tâm mạc,khó thở,mệt mỏi,sốt,,,,,
Viêm họng mạn,kéo dài,khàn tiếng,đau tai,mệt mỏi,,,,
Viêm hậu môn,đau bụng,sốt,đi ngoài ra máu,,,,,
Viêm kết mạc cấp,mờ mắt,mắt đỏ,chảy nước mắt,sốt,,,,
U lành tính tuyến bã,bong tróc da,da đỏ,,,,,,
Viêm kết mạc mạn,mắt đỏ,đau mắt,mờ mắt,sốt,,,,
Viêm van tim mạn,đau nhức cơ,khó thở,mệt mỏi,,,,,
Viêm dạ dày mạn,ợ chua,sốt,kéo dài,đau thượng vị,chán ăn,,,
Viêm niệu quản mạn,tiểu rắt,mệt mỏi,tiểu ra máu,đau lưng,tiểu buốt,kéo dài,,
Viêm amidan cấp,ho,sốt,khàn tiếng,đau họng,nghẹt mũi,,,
Loét thực quản,chán ăn,ợ chua,đau thượng vị,đau,buồn nôn,,,
Nhồi máu cơ tim,hồi hộp,đau ngực,khó thở,đau lan cánh tay,buồn nôn,đổ mồ hôi lạnh,,
Viêm dạ dày cấp,buồn nôn,chán ăn,bầm tím,ợ chua,sốt,,,
Viêm tiểu phế quản cấp,khó thở,thở khò khè,đau ngực,ho có đờm,,,,
Viêm van tim mạn,đau ngực,sốt,hồi hộp,khó thở,phù chân,mệt mỏi,,
Ung thư vòm họng,chán ăn,mệt mỏi,sụt cân,đau tai,,,,
Viêm hồi tràng mạn,táo bón,tiêu chảy,đi ngoài ra máu,đầy hơi,đau bụng,mệt mỏi,,
Viêm niệu quản cấp,sốt,đau lưng,tiểu buốt,đau dữ dội,,,,
Ung thư dạ dày,chán ăn,ợ chua,buồn nôn,sụt cân,,,,
Hẹp cơ tim,hồi hộp,khó thở,phù chân,,,,,
Viêm tá tràng mạn,ợ chua,chán ăn,,,,,,
Ung thư âm đạo,rối loạn kinh nguyệt,sụt cân,ra khí hư,ho khan,đau khi quan hệ,chán ăn,,
Viêm cột sống cổ cấp,hạn chế vận động,sưng khớp,đau dữ dội,đau khớp,đau xương,,,
Ung thư tử cung,đau bụng dưới,ra khí hư,sụt cân,khàn tiếng,mệt mỏi,chán ăn,đau khi quan hệ,
Ung thư móng,mệt mỏi,bong tróc da,phát ban,da đỏ,sụt cân,ngứa,,
Lao khớp háng,đổ mồ hôi đêm,sụt cân,đau khớp,sưng khớp,đau tai,hạn chế vận động,sốt nhẹ,đau xương
Viêm da cấp,bong tróc da,da đỏ,ngứa,đau dữ dội,phát ban,,,
Phình màng ngoài tim,khó thở,phù chân,,,,,,
Viêm vòm họng,đau họng,đau tai,ho,khàn tiếng,sốt,,,
Viêm gan mạn,chán ăn,vàng da,đau hạ sườn phải,sốt,mệt mỏi,,,
Loét tâm vị,buồn nôn,đầy hơi,ợ chua,nôn ra máu,,,,
Viêm ruột non,tiêu chảy,sốt,đầy hơi,đau bụng,đi ngoài ra máu,,,
U lành tính lách,đau hạ sườn phải,mệt mỏi,vàng da,,,,,
Viêm màng não mạn,co giật,đau đầu,sốt,mệt mỏi,tê tay chân,,,
Nhiễm trùng ruột non,đi ngoài ra máu,ớn lạnh,tiêu chảy,,,,,
Ung thư niệu quản,tiểu nhiều lần,đau lưng,tiểu rắt,tiểu buốt,sụt cân,mệt mỏi,tiểu ra máu,
Lao cột sống cổ,sốt nhẹ,hạn chế vận động,đau xương,đổ mồ hôi đêm,sụt cân,,,
Viêm sụn khớp cấp,đau dữ dội,sốt,cứng khớp,sưng khớp,hạn chế vận động,,,
Đau nửa đầu,đau đầu,nhạy cảm ánh sáng,,,,,,
Viêm trung thất mạn,ho có đờm,kéo dài,thở khò khè,ho,đau ngực,khó thở,,
Viêm cột sống cổ,đau xương,cứng khớp,sốt,đau khớp,hạn chế vận động,,,
Áp xe khí quản,khó thở,ho có đờm,đau,đau ngực,ho,sốt,,
Nhiễm trùng vòi trứng,tê tay chân,ra khí hư,đau bụng dưới,đau khi quan hệ,,,,
Viêm gân gót,đau xương,hạn chế vận động,sốt,,,,,
Tay chân miệng,sốt,phát ban,,,,,,
Hẹp nội tâm mạc,hồi hộp,khó thở,mệt mỏi,phù chân,đau ngực,,,
Lao bao hoạt dịch,đổ mồ hôi đêm,sụt cân,sốt nhẹ,hạn chế vận động,sưng khớp,,,
Viêm xoang,đau mặt,đau đầu,nghẹt mũi,,,,,
Viêm phế quản mạn,ho có đờm,ho,kéo dài,khó thở,đau ngực,,,
Viêm cổ tử cung mạn,mệt mỏi,đau bụng dưới,sốt,,,,,
Ung thư tinh hoàn,đau bụng dưới,chán ăn,đau khi quan hệ,rối loạn kinh nguyệt,sụt cân,,,
Polyp hồi tràng,đầy hơi,táo bón,đau bụng,,,,,
Viêm niệu quản,đau lưng,tiểu buốt,tiểu nhiều lần,,,,,
Viêm tinh hoàn mạn,ra khí hư,rối loạn kinh nguyệt,sốt,đau khi quan hệ,,,,
Viêm bàng quang mạn,tiểu buốt,sốt,tiểu rắt,tiểu ra máu,kéo dài,tiểu nhiều lần,,
U lành tính màng não,yếu liệt tay chân,chóng mặt,co giật,,,,,
Polyp ruột thừa,đầy hơi,đau bụng,táo bón,,,,,
Trào ngược dạ dày,ợ chua,đau ngực,khó nuốt,,,,,
Nhiễm trùng tử cung,rối loạn kinh nguyệt,đau bụng dưới,mất hứng thú,ra khí hư,đau khi quan hệ,,,
U lành tính xoang,khàn tiếng,,,,,,,
Quai bị,sốt,đau khi nhai,sưng tuyến mang tai,,,,,
Polyp thực quản,buồn nôn,đi ngoài ra máu,chán ăn,đau thượng vị,,,,
Nhiễm trùng đại tràng,đầy hơi,táo bón,đi ngoài ra máu,,,,,
Viêm tuyến bã cấp,đau dữ dội,bong tróc da,ngứa,phát ban,mụn nước,,,
Viêm dây thanh mạn,kéo dài,nghẹt mũi,sốt,đau họng,khàn tiếng,,,
Viêm sụn khớp,hạn chế vận động,đau xương,sốt,đau khớp,,,,
Viêm động mạch chủ mạn,phù chân,sốt,đau ngực,,,,,
Viêm thận cấp,tiểu rắt,sốt,tiểu buốt,tiểu nhiều lần,đau lưng,đau dữ dội,,
Áp xe khí quản,ho,sốt,khó thở,thở khò khè,ho có đờm,,,
Ngộ độc thực phẩm,tiêu chảy,mất nước,đau bụng,sốt,buồn nôn,,,
Viêm âm đạo,đau bụng dưới,sốt,rối loạn kinh nguyệt,đau khi quan hệ,,,,
Viêm bao hoạt dịch,đau khớp,sốt,sưng khớp,hạn chế vận động,đau xương,,,
Nhiễm trùng thận,sốt,đau lưng,tiểu ra máu,tiểu nhiều lần,tiểu rắt,,,
Viêm màng ngoài tim mạn,khó thở,đau ngực,phù chân,hồi hộp,kéo dài,,,
Viêm manh tràng cấp,đau bụng,đầy hơi,sốt,đau dữ dội,,,,
Viêm tuyến lệ cấp,chảy nước mắt,đau dữ dội,mắt đỏ,mờ mắt,đau mắt,,,
Ung thư phế quản,đau ngực,sụt cân,ho có đờm,ho,chán ăn,khó thở,,
Viêm động mạch chủ cấp,mệt mỏi,sốt,đau ngực,khó thở,phù chân,,,
Viêm tuyến lệ cấp,sốt,đau mắt,chảy nước mắt,đau dữ dội,mờ mắt,,,
Viêm tuyến lệ mạn,mắt đỏ,sốt,mờ mắt,chảy nước mắt,cộm mắt,,,
Viêm niệu quản,đau lưng,sốt,tiểu rắt,tiểu ra máu,tiểu nhiều lần,,,
Ung thư đại tràng,táo bón,sụt cân,tiêu chảy,đầy hơi,đi ngoài ra máu,đau bụng,,
Viêm tá tràng,chán ăn,buồn nôn,ợ chua,đầy hơi,đau thượng vị,sốt,,
Viêm buồng trứng cấp,đau khi quan hệ,đau bụng dưới,rối loạn kinh nguyệt,sốt,ra khí hư,,,
Viêm tâm vị,đầy hơi,đau thượng vị,,,,,,
Viêm khớp vai,cứng khớp,sưng khớp,,,,,,
Sỏi mật,buồn nôn,sốt,đau hạ sườn phải,,,,,
Viêm niệu quản mạn,đau lưng,tiểu ra máu,tiểu nhiều lần,mệt mỏi,kéo dài,tiểu buốt,,
Sỏi bàng quang,tiểu nhiều lần,đau lưng,đau quặn thận,tiểu ra máu,,,,
U lành tính đường mật,loét miệng,đau hạ sườn phải,vàng da,buồn nôn,,,,
Ung thư ruột non,sụt cân,táo bón,tiêu chảy,mệt mỏi,chán ăn,,,
Viêm tai ngoài mạn,đau họng,đau tai,nghẹt mũi,ho,khàn tiếng,,,
Nhiễm trùng tuyến bã,bong tróc da,ớn lạnh,ngứa,da đỏ,sốt,phát ban,,
Viêm màng ngoài tim cấp,hồi hộp,phù chân,đau dữ dội,mệt mỏi,,,,
Viêm hồi tràng mạn,đau bụng,sốt,đi ngoài ra máu,táo bón,đầy hơi,,,
Viêm bàng quang,tiểu nhiều lần,tiểu buốt,tiểu rắt,hôi miệng,,,,
Suy thận,phù chân,tiểu ít,mệt mỏi,,,,,
Viêm tinh hoàn cấp,rối loạn kinh nguyệt,táo bón,đau khi quan hệ,ra khí hư,sốt,đau bụng dưới,,
Áp xe tụy,buồn nôn,đau hạ sườn phải,mệt mỏi,chán ăn,sốt,,,
Viêm nội tâm mạc,phù chân,sốt,khó thở,mệt mỏi,,,,
Áp xe màng phổi,ho,sốt,thở khò khè,đau ngực,sưng,đau,,
Thoái hóa cột sống,cứng khớp,đau xương,sưng khớp,hạn chế vận động,,,,
Viêm mào tinh hoàn,rối loạn kinh nguyệt,đau khi quan hệ,ra khí hư,đau bụng dưới,,,,
Viêm cột sống cấp,sưng khớp,cứng khớp,sốt,đau dữ dội,,,,
Hẹp van tim,đau ngực,mệt mỏi,hồi hộp,phù chân,khó thở,,,
Sỏi mật,đau hạ sườn phải,vàng da,sốt,buồn nôn,,,,
Viêm nội tâm mạc cấp,hồi hộp,mệt mỏi,phù chân,đau ngực,đau dữ dội,,,
Viêm móng,mụn nước,ngứa,,,,,,
Loét tâm vị,đau thượng vị,đầy hơi,ợ chua,chán ăn,,,,
Phình nội tâm mạc,mệt mỏi,hồi hộp,khó thở,phù chân,,,,
Viêm vòm họng mạn,khàn tiếng,kéo dài,đau tai,nghẹt mũi,ho,mệt mỏi,,
Nhiễm trùng da,phát ban,mụn nước,ớn lạnh,sốt,ngứa,,,
Ung thư phổi,mệt mỏi,ho,đau ngực,thở khò khè,sụt cân,,,
U lành tính buồng trứng,mệt mỏi,ra khí hư,đau bụng dưới,rối loạn kinh nguyệt,,,,
Ung thư cổ tử cung,rối loạn kinh nguyệt,sụt cân,ra khí hư,đau bụng dưới,mệt mỏi,đau khi quan hệ,,
Viêm khí quản mạn,ho có đờm,thở khò khè,đau ngực,khó thở,kéo dài,mệt mỏi,ho,
Viêm phổi,ho có đờm,khó thở,mệt mỏi,sốt cao,,,,
Parkinson,chậm chạp,mất thăng bằng,run tay,đi lại khó,cứng đờ,,,
Viêm tai ngoài cấp,nghẹt mũi,ho,đau tai,,,,,
Viêm gan cấp,mệt mỏi,đau dữ dội,sốt,rối loạn kinh nguyệt,buồn nôn,,,
Viêm sụn khớp mạn,cứng khớp,hạn chế vận động,đau khớp,sưng khớp,đau xương,,,
Viêm gan mạn,chán ăn,sốt,vàng da,mệt mỏi,đau hạ sườn phải,buồn nôn,,
Parkinson,đi lại khó,cứng đờ,run tay,,,,,
Viêm cột sống mạn,sốt,cứng khớp,hạn chế vận động,đau khớp,sưng khớp,,,
Viêm tâm vị mạn,kéo dài,đầy hơi,mệt mỏi,ợ chua,buồn nôn,,,
U lành tính vòi trứng,đau hậu môn,rối loạn kinh nguyệt,ra khí hư,,,,,
Ung thư niệu quản,đau lưng,sụt cân,tiểu rắt,tiểu ra máu,tiểu buốt,,,
Loét dạ dày,đau thượng vị,ợ chua,,,,,,
Viêm tai ngoài,nghẹt mũi,khàn tiếng,sốt,đau tai,,,,
Viêm khí quản mạn,kéo dài,mệt mỏi,khó thở,sốt,ho có đờm,thở khò khè,đau hạ sườn phải,đau ngực
Viêm da,mụn nước,da đỏ,bong tróc da,,,,,
Xơ gan,vàng da,mệt mỏi,phù chân,,,,,
Viêm amidan,hôi miệng,khó nuốt,đau họng,sưng amidan,,,,
U lành tính bờ mi,mờ mắt,chảy nước mắt,cộm mắt,mắt đỏ,,,,
Ung thư đại tràng,đi ngoài ra máu,táo bón,sụt cân,mệt mỏi,,,,
Viêm thận cấp,mệt mỏi,tiểu rắt,đau lưng,,,,,
Viêm niệu đạo mạn,mệt mỏi,đau lưng,tiểu buốt,tiểu rắt,sốt,tiểu ra máu,kéo dài,
Nhiễm trùng bàng quang,tiểu rắt,đau lưng,sốt,ớn lạnh,,,,
Viêm khớp háng,cứng khớp,đau khớp,sưng khớp,đau xương,sốt,,,
Viêm cơ tim mạn,mệt mỏi,sốt,kéo dài,khó thở,khàn tiếng,phù chân,hồi hộp,
Hẹp màng ngoài tim,phù chân,đau ngực,hồi hộp,,,,,
Ung thư bàng quang,tiểu ra máu,đau lưng,tiểu buốt,sụt cân,tiểu rắt,,,
Polyp thực quản,ợ chua,đi ngoài ra máu,buồn nôn,chán ăn,,,,
Viêm bàng quang cấp,tiểu nhiều lần,tiểu rắt,,,,,,
Nhiễm trùng trực tràng,phát ban,sốt,đi ngoài ra máu,đau bụng,đầy hơi,,,
Viêm giác mạc cấp,đau mắt,cộm mắt,mắt đỏ,,,,,
Viêm họng mạn,đau tai,mệt mỏi,khàn tiếng,ho,sốt,đau họng,,
Viêm cơ tim,đau ngực,phù chân,khó thở,mệt mỏi,,,,
Tiểu đường,tiểu nhiều,mờ mắt,mệt mỏi,khát nước nhiều,sụt cân,đói nhiều,,
Táo bón,phân cứng,chán ăn,đau bụng,đi ngoài khó,,,,
Viêm tinh hoàn,sốt,rối loạn kinh nguyệt,,,,,,
U lành tính gan,buồn nôn,mệt mỏi,chán ăn,đau hạ sườn phải,,,,
U lành tính tinh hoàn,đau khi quan hệ,ra khí hư,đau bụng dưới,,,,,
Viêm nội tâm mạc,đau ngực,sốt,khó thở,phù chân,mệt mỏi,,,
Trào ngược dạ dày,khó nuốt,ợ chua,đau ngực,ợ nóng,,,,
Viêm màng ngoài tim,mệt mỏi,hồi hộp,khó thở,sốt,đau ngực,phù chân,,
Áp xe gan,đau hạ sườn phải,đau,sốt,chán ăn,vàng da,sưng,,
Ung thư thanh quản,sụt cân,đau ngực,mệt mỏi,ho,thở khò khè,,,
Viêm giác mạc,mờ mắt,cộm mắt,sốt,chảy nước mắt,,,,
Viêm phế quản cấp,ho,thở khò khè,khó thở,đau dữ dội,sốt,ho có đờm,đau ngực,
Viêm tâm vị cấp,đau thượng vị,đầy hơi,chán ăn,buồn nôn,sốt,,,
Viêm da cấp,ngứa,bong tróc da,phát ban,,,,,
Nhiễm trùng tinh hoàn,đau khi quan hệ,ớn lạnh,ra khí hư,đau bụng dưới,mất thăng bằng,,,
Trầm cảm,mất hứng thú,chán ăn,mất ngủ,buồn bã kéo dài,,,,
Viêm tai ngoài cấp,ho,khàn tiếng,nghẹt mũi,đau tai,,,,
Mề đay,phát ban,nổi mẩn,ngứa,,,,,
Viêm khớp dạng thấp,đau khớp,mệt mỏi,cứng khớp,sưng khớp,,,,
Cảm lạnh,sổ mũi,nghẹt mũi,mệt mỏi,hắt hơi,ho,,,
Sởi,đau đầu dữ dội,ho,sốt cao,phát ban,sổ mũi,,,
Viêm bờ mi,mắt đỏ,chảy nước mắt,đau mắt,sốt,,,,
Viêm tụy cấp,đau dữ dội,chán ăn,buồn nôn,sốt,đau hạ sườn phải,,,
Ung thư hậu môn,sụt cân,đi ngoài ra máu,táo bón,đầy hơi,tiêu chảy,,,
Viêm đường mật cấp,vàng da,mệt mỏi,đau dữ dội,sốt,chán ăn,đau hạ sườn phải,,
Viêm bao hoạt dịch cấp,sưng khớp,hạn chế vận động,đau khớp,đau xương,cứng khớp,,,
Viêm mào tinh hoàn cấp,sốt,rối loạn kinh nguyệt,đau bụng dưới,đau khi quan hệ,,,,
Viêm vòi trứng mạn,kéo dài,đau bụng dưới,ra khí hư,nhạy cảm ánh sáng,sốt,rối loạn kinh nguyệt,mệt mỏi,
Nhiễm trùng niệu quản,tiểu rắt,hôi miệng,tiểu ra máu,ớn lạnh,sốt,tiểu buốt,tiểu nhiều lần,
Trào ngược dạ dày,đau ngực,ợ nóng,ho khan,ợ chua,khó nuốt,,,
Trầm cảm,mệt mỏi,chán ăn,mất ngủ,mất hứng thú,buồn bã kéo dài,,,
Viêm tai giữa mạn,đau họng,kéo dài,mệt mỏi,nghẹt mũi,,,,
Đau nửa đầu,nôn,buồn nôn,đau đầu,nhạy cảm ánh sáng,,,,
Viêm màng phổi,đau ngực,khó thở,thở khò khè,ho,,,,
Viêm dây thanh mạn,đau tai,nghẹt mũi,đau họng,khàn tiếng,kéo dài,,,
Gout,đỏ khớp,đau khớp,nóng khớp,,,,,
Viêm tử cung mạn,kéo dài,đau khi quan hệ,đau bụng dưới,,,,,
Ung thư amidan,đau họng,nghẹt mũi,mệt mỏi,đau tai,khàn tiếng,sụt cân,,
Suy giáp,tiểu ít,da khô,táo bón,sợ lạnh,mệt mỏi,tăng cân,,
Viêm màng não,cứng cổ,sốt cao,nhạy cảm ánh sáng,đau đầu dữ dội,,,,
Ung thư lách,chán ăn,buồn nôn,đau hạ sườn phải,sụt cân,mệt mỏi,,,
Suy thận,tiểu ít,mệt mỏi,phù chân,buồn nôn,,,,
Viêm trực tràng mạn,tiêu chảy,ngứa,đau bụng,táo bón,mệt mỏi,đầy hơi,đi ngoài ra máu,
Viêm tử cung mạn,mệt mỏi,ra khí hư,sốt,đau khi quan hệ,kéo dài,,,
Trĩ,sa búi trĩ,đi ngoài ra máu,đau hậu môn,,,,,
Thoái hóa cột sống cổ,sưng khớp,đau khớp,cứng khớp,hạn chế vận động,đau xương,,,
Nhồi máu cơ tim,đau ngực,khó thở,đau lan cánh tay,đổ mồ hôi lạnh,hồi hộp,,,
Viêm niệu đạo,sốt,tiểu buốt,tiểu rắt,tiểu nhiều lần,,,,
Nhiễm trùng tinh hoàn,ra khí hư,đau bụng dưới,ớn lạnh,sốt,đau khi quan hệ,,,
Áp xe đường mật,vàng da,buồn nôn,mệt mỏi,đau,chán ăn,sốt,đau hạ sườn phải,
Viêm cơ tim cấp,mệt mỏi,sốt,khó thở,hồi hộp,đau dữ dội,phù chân,,
Viêm cơ tim,mệt mỏi,phù chân,khó thở,hồi hộp,đau ngực,,,
Polyp tá tràng,chán ăn,buồn nôn,đầy hơi,đau thượng vị,,,,
Viêm xoang cấp,khàn tiếng,đau dữ dội,nghẹt mũi,đau đầu dữ dội,,,,
Viêm bao hoạt dịch mạn,mệt mỏi,sưng khớp,đau xương,đau khớp,,,,
Viêm tuyến lệ,mắt đỏ,sốt,đau mắt,,,,,
Viêm da cấp,mụn nước,ngứa,sốt,da đỏ,đau dữ dội,,,
Viêm manh tràng mạn,táo bón,đầy hơi,mệt mỏi,đau bụng,,,,
Nhiễm trùng trực tràng,đầy hơi,đi ngoài ra máu,táo bón,sốt,tiêu chảy,đau bụng,,
Ung thư tinh hoàn,chán ăn,rối loạn kinh nguyệt,đau khi quan hệ,đau bụng dưới,mệt mỏi,sụt cân,,
Viêm nội tâm mạc cấp,hồi hộp,mệt mỏi,phù chân,đau ngực,sốt,,,
Ung thư túi mật,đau hạ sườn phải,sụt cân,,,,,,
Viêm khớp vai cấp,đau xương,sốt,cứng khớp,hạn chế vận động,đau khớp,,,
Sỏi niệu đạo,tiểu buốt,tiểu ra máu,tiểu nhiều lần,,,,,
Viêm hồi tràng cấp,tiêu chảy,táo bón,đi ngoài ra máu,đau dữ dội,đầy hơi,,,
Viêm màng ngoài tim,khó thở,đau ngực,,,,,,
Viêm phổi cấp,đau ngực,ho có đờm,thở khò khè,,,,,
Áp xe tụy,đau hạ sườn phải,đau,chán ăn,mệt mỏi,sốt,sưng,buồn nôn,
Viêm thực quản cấp,đau thượng vị,chán ăn,đau dữ dội,,,,,
Tiểu đường,sụt cân,mờ mắt,tiểu nhiều,khát nước nhiều,,,,
Viêm xoang cấp,khàn tiếng,đau họng,nghẹt mũi,,,,,
Viêm màng phổi mạn,kéo dài,ho có đờm,ho,khó thở,mệt mỏi,sốt,,
Viêm khớp háng,đau xương,hạn chế vận động,đau khớp,khát nước nhiều,cứng khớp,sưng khớp,,
Viêm đường mật cấp,đau hạ sườn phải,buồn nôn,vàng da,sốt,chán ăn,,,
Ung thư trực tràng,đau bụng,táo bón,tiêu chảy,chán ăn,sụt cân,đầy hơi,,
Polyp hậu môn,đầy hơi,táo bón,đi ngoài ra máu,,,,,
Nhiễm trùng hồi tràng,đau bụng,tiêu chảy,đi ngoài ra máu,đầy hơi,táo bón,,,
U lành tính amidan,nghẹt mũi,đau họng,khàn tiếng,,,,,
U lành tính âm đạo,đau khi quan hệ,ra khí hư,,,,,,
Ung thư hồi tràng,táo bón,đau bụng,đi ngoài ra máu,sụt cân,,,,
Thoái hóa gân gót,cứng khớp,sưng khớp,hạn chế vận động,đau khớp,,,,
Viêm võng mạc mạn,mờ mắt,cộm mắt,sốt,đau mắt,mắt đỏ,chảy nước mắt,kéo dài,
Viêm đại tràng mạn,mệt mỏi,tiêu chảy,đầy hơi,sốt,,,,
Viêm đại tràng cấp,tiêu chảy,đi ngoài ra máu,,,,,,
Ung thư ruột non,táo bón,sụt cân,đầy hơi,mệt mỏi,đau bụng,,,
Viêm võng mạc,cộm mắt,mắt đỏ,sốt,mờ mắt,,,,
Viêm phế quản,đau ngực,mệt mỏi,khó thở,ho có đờm,,,,
Ung thư thanh quản,ho có đờm,sụt cân,thở khò khè,đau ngực,,,,
Xơ gan,bầm tím,phù chân,vàng da,mệt mỏi,,,,
U lành tính gan,vàng da,chán ăn,mệt mỏi,buồn nôn,,,,
Viêm tuyến lệ,chảy nước mắt,đau mắt,cộm mắt,,,,,
Viêm mống mắt,đau mắt,sốt,,,,,,
Nhiễm trùng tuyến bã,mụn nước,phát ban,ngứa,bong tróc da,,,,
Viêm tuyến bã,ngứa,phát ban,da đỏ,,,,,
Ung thư niệu quản,tiểu nhiều lần,tiểu rắt,tiểu buốt,sụt cân,mệt mỏi,đau lưng,,
Nhiễm trùng bể thận,đau lưng,sốt,ớn lạnh,tiểu ra máu,tiểu rắt,tiểu nhiều lần,,
Viêm tụy mạn,đau hạ sườn phải,buồn nôn,vàng da,,,,,
Viêm lách mạn,kéo dài,chán ăn,vàng da,mệt mỏi,đau hạ sườn phải,,,
Polyp ruột thừa,đầy hơi,đau bụng,tiêu chảy,,,,,
Nhiễm trùng mào tinh hoàn,sốt,đau bụng dưới,ra khí hư,,,,,
Ung thư khí quản,mệt mỏi,đau ngực,sụt cân,chán ăn,ho,ho có đờm,,
Viêm cơ tim cấp,phù chân,sốt,khó thở,đau ngực,mệt mỏi,,,
Viêm tụy mạn,chán ăn,vàng da,kéo dài,buồn nôn,mệt mỏi,,,
Đau nửa đầu,nôn,đau đầu,nhạy cảm ánh sáng,chóng mặt,,,,
Viêm kết mạc,chảy nước mắt,ngứa mắt,cộm mắt,,,,,
Viêm âm đạo cấp,đau dữ dội,ra khí hư,rối loạn kinh nguyệt,sốt,,,,
Viêm màng não cấp,yếu liệt tay chân,chóng mặt,tê tay chân,,,,,
Viêm gan cấp,đau bụng,chán ăn,mệt mỏi,vàng da,,,,
Ung thư tiểu phế quản,đau ngực,khó thở,thở khò khè,sụt cân,ho,chán ăn,,
Viêm phế quản mạn,đau ngực,thở khò khè,khó thở,kéo dài,ho có đờm,,,
Viêm gân gót mạn,hạn chế vận động,đau khớp,cứng khớp,sốt,sưng khớp,,,
Lao cột sống,đau khớp,đau xương,hạn chế vận động,sưng khớp,cứng khớp,đổ mồ hôi đêm,sụt cân,
Viêm bờ mi,cộm mắt,chảy nước mắt,,,,,,
Nhiễm trùng âm đạo,rối loạn kinh nguyệt,đau khi quan hệ,ra khí hư,,,,,
Sỏi niệu đạo,tiểu ra máu,tiểu nhiều lần,đau lưng,tiểu rắt,tiểu buốt,,,
Viêm màng não mạn,co giật,kéo dài,đau đầu,,,,,
Ung thư tai ngoài,mệt mỏi,đau tai,đau họng,nghẹt mũi,sụt cân,,,
Suy tim,hồi hộp,mệt mỏi,đau ngực,khó thở,phù chân,,,
Ung thư tai giữa,khàn tiếng,sụt cân,nghẹt mũi,mệt mỏi,đau tai,ho,chán ăn,
Nhiễm trùng hồi tràng,táo bón,ớn lạnh,,,,,,
Viêm tuyến lệ mạn,mờ mắt,sốt,mắt đỏ,mệt mỏi,chảy nước mắt,cộm mắt,,
Viêm tuyến tiền liệt cấp,đau bụng dưới,ra khí hư,đau dữ dội,đau khi quan hệ,,,,
Cường giáp,hồi hộp,run tay,lồi mắt,sụt cân,,,,
Mề đay,sưng môi,phát ban,nổi mẩn,ngứa,,,,
Áp xe màng phổi,khó thở,sưng,thở khò khè,sốt,ho,đau,ho có đờm,
Viêm âm đạo cấp,đau khi quan hệ,sốt,ra khí hư,rối loạn kinh nguyệt,đau dữ dội,,,
Viêm ruột thừa mạn,táo bón,mệt mỏi,kéo dài,,,,,
Viêm cột sống cổ mạn,hạn chế vận động,cứng khớp,sốt,mệt mỏi,đau xương,,,
Viêm thận mạn,tiểu buốt,kéo dài,mệt mỏi,tiểu rắt,tiểu ra máu,,,
Viêm trung thất mạn,mụn nước,ho,kéo dài,đau ngực,khó thở,ho có đờm,,
Ung thư trung thất,mệt mỏi,chán ăn,sụt cân,đau ngực,khó thở,,,
Ung thư dạ dày,chán ăn,buồn nôn,sụt cân,tê tay chân,,,,
Polyp tá tràng,ợ chua,đầy hơi,đau thượng vị,buồn nôn,,,,
Ung thư hồi tràng,mệt mỏi,nghẹt mũi,đi ngoài ra máu,táo bón,sụt cân,đau bụng,đầy hơi,
Mề đay,sưng môi,nổi mẩn,ngứa,,,,,
Viêm nang lông mạn,bong tróc da,ngứa,phát ban,,,,,
U lành tính vòm họng,ho,đau họng,nghẹt mũi,đau khi nhai,,,,
Táo bón,phân cứng,đi ngoài khó,đầy hơi,chán ăn,,,,
Viêm cột sống cổ,hạn chế vận động,sưng khớp,đau khớp,sốt,,,,
Ung thư manh tràng,đi lại khó,đầy hơi,chán ăn,đi ngoài ra máu,sụt cân,tiêu chảy,,
Viêm gan cấp,chán ăn,mệt mỏi,vàng da,,,,,
Viêm phế quản cấp,khó thở,ho có đờm,đau ngực,ho,thở khò khè,,,
Viêm phổi,ớn lạnh,sốt cao,mệt mỏi,khó thở,,,,
Viêm tiểu phế quản,ho,ho có đờm,sốt,đau ngực,khó thở,,,
Viêm đường mật cấp,vàng da,sốt,đau hạ sườn phải,chán ăn,đau dữ dội,,,
Viêm mống mắt cấp,mờ mắt,đau mắt,cộm mắt,sốt,,,,
Nhiễm trùng tuyến tiền liệt,rối loạn kinh nguyệt,ra khí hư,,,,,,
Polyp tâm vị,buồn nôn,đau thượng vị,chán ăn,đầy hơi,đi ngoài ra máu,,,
Viêm tâm vị,ợ chua,đầy hơi,,,,,,
Viêm ruột non cấp,đau dữ dội,đi ngoài ra máu,đau bụng,đầy hơi,,,,
Phình nội tâm mạc,mệt mỏi,hồi hộp,,,,,,
Lao khớp gối,hạn chế vận động,đổ mồ hôi đêm,cứng khớp,sưng khớp,đau xương,sụt cân,,
Viêm nội tâm mạc mạn,hồi hộp,phù chân,mệt mỏi,khó thở,đau ngực,,,
Ung thư tử cung,mệt mỏi,sụt cân,đau bụng dưới,ra khí hư,,,,
Viêm tinh hoàn,rối loạn kinh nguyệt,đau khi quan hệ,ra khí hư,,,,,
Viêm vòm họng cấp,khàn tiếng,nghẹt mũi,đau dữ dội,đau họng,sốt,đau tai,,
Viêm nội tâm mạc mạn,phù chân,sốt,khó thở,đau ngực,,,,
Viêm đại tràng,đi ngoài ra máu,tiêu chảy,sốt,táo bón,đầy hơi,,,
Viêm tá tràng cấp,nổi mẩn,ợ chua,buồn nôn,đầy hơi,chán ăn,,,
Viêm hậu môn mạn,đau bụng,sốt,đi ngoài ra máu,,,,,
Ung thư amidan,sụt cân,khàn tiếng,ho,đau tai,nghẹt mũi,,,
Viêm tai giữa,sốt,giảm thính lực,đau tai,,,,,
Polyp trực tràng,đi ngoài ra máu,tiêu chảy,táo bón,đầy hơi,,,,
Ung thư tụy,mệt mỏi,sụt cân,chán ăn,buồn nôn,,,,
Viêm tinh hoàn mạn,đau bụng dưới,sốt,ra khí hư,rối loạn kinh nguyệt,mệt mỏi,đau khi quan hệ,,
Viêm tâm vị cấp,sốt,chán ăn,đầy hơi,buồn nôn,đau thượng vị,,,
Viêm lách,đau hạ sườn phải,chán ăn,buồn nôn,vàng da,,,,
Viêm cổ tử cung,ra khí hư,rối loạn kinh nguyệt,đau khi quan hệ,đau bụng dưới,,,,
Áp xe lách,vàng da,mệt mỏi,buồn nôn,sốt,đau hạ sườn phải,,,
Ung thư móng,sụt cân,phát ban,da đỏ,bong tróc da,chán ăn,ngứa,,
Polyp tá tràng,đau thượng vị,chán ăn,buồn nôn,cứng cổ,đầy hơi,đi ngoài ra máu,,
Viêm trung thất cấp,thở khò khè,ho,đau ngực,,,,,
Viêm khớp gối,hạn chế vận động,đau xương,cứng khớp,đau khớp,,,,
Viêm tuyến bã cấp,ngứa,sưng môi,phát ban,da đỏ,sốt,,,
Thoái hóa gân gót,đau khớp,hạn chế vận động,sưng khớp,cứng khớp,,,,
Viêm dây thanh cấp,sốt,đau dữ dội,đau họng,ho,đau tai,khàn tiếng,,
Hẹp động mạch chủ,mệt mỏi,phù chân,đau ngực,,,,,
U lành tính buồng trứng,ra khí hư,,,,,,,
Viêm tai ngoài,nghẹt mũi,đau tai,đau họng,sốt,ho,,,
Ung thư ruột thừa,đi ngoài ra máu,đau bụng,táo bón,tiêu chảy,sụt cân,,,
Ung thư hậu môn,đầy hơi,đi ngoài ra máu,đau bụng,sụt cân,chán ăn,,,
Viêm hồi tràng,sốt,đi ngoài ra máu,tiêu chảy,đau bụng,đầy hơi,,,
Polyp đại tràng,đi ngoài ra máu,đau bụng,táo bón,,,,,
Ung thư da,phát ban,mụn nước,chán ăn,sụt cân,,,,
Viêm ruột non,khàn tiếng,đau bụng,đầy hơi,táo bón,đi ngoài ra máu,tiêu chảy,,
Viêm khớp dạng thấp,sốt nhẹ,sưng khớp,cứng khớp,đau khớp,,,,
Lao sụn khớp,cứng khớp,sưng khớp,đau khớp,hạn chế vận động,sụt cân,đau xương,,
Viêm xoang mạn,hắt hơi,nghẹt mũi,ho,khàn tiếng,,,,
Viêm túi mật cấp,vàng da,mệt mỏi,buồn nôn,chán ăn,,,,
Ung thư tá tràng,ợ chua,đầy hơi,chán ăn,sụt cân,,,,
Viêm đại tràng mạn,tiêu chảy,táo bón,sốt,đi ngoài ra máu,đầy hơi,đau bụng,kéo dài,
Lao gân gót,sụt cân,sưng khớp,cứng khớp,đau khớp,hạn chế vận động,,,
Viêm cơ tim cấp,khó thở,phù chân,hồi hộp,,,,,
Nhiễm trùng bàng quang,tiểu buốt,tiểu ra máu,tiểu rắt,đau lưng,,,,
Áp xe trung thất,đau ngực,thở khò khè,ho,ho có đờm,sốt,sưng,khó thở,
Viêm túi mật mạn,mệt mỏi,vàng da,chán ăn,sốt,đau hạ sườn phải,,,
Viêm mống mắt,đau mắt,sốt,mệt mỏi,cộm mắt,mắt đỏ,,,
Phình van tim,khó thở,mệt mỏi,hồi hộp,,,,,
Ung thư amidan,nghẹt mũi,khàn tiếng,chán ăn,sụt cân,,,,
Nhiễm trùng da,phát ban,da đỏ,sưng tuyến mang tai,ngứa,,,,
Viêm tụy,mệt mỏi,sốt,đau hạ sườn phải,,,,,
Viêm tinh hoàn mạn,ra khí hư,đau khi quan hệ,đau bụng dưới,sốt,kéo dài,,,
Loét tâm vị,đầy hơi,đau thượng vị,nôn ra máu,,,,,
Ung thư màng phổi,khó thở,ho có đờm,đau ngực,sụt cân,chán ăn,,,
U lành tính màng não,đau đầu,chóng mặt,co giật,yếu liệt tay chân,,,,
Viêm hồi tràng cấp,đi ngoài ra máu,đau bụng,sốt,đau dữ dội,tiêu chảy,táo bón,,
U lành tính móng,mụn nước,phát ban,da đỏ,ngứa,,,,
Polyp thực quản,đầy hơi,buồn nôn,chán ăn,,,,,
Tiểu đường,đói nhiều,tiểu nhiều,mờ mắt,chóng mặt,mệt mỏi,,,
Dị ứng,hắt hơi,ngứa,tiểu nhiều lần,phát ban,,,,
Nhiễm trùng da,phát ban,mụn nước,bong tróc da,ngứa,,,,
Hẹp van tim,đau ngực,phù chân,mệt mỏi,,,,,
Viêm van tim cấp,đau dữ dội,phù chân,mệt mỏi,khó thở,,,,
Viêm túi mật cấp,đau dữ dội,buồn nôn,mệt mỏi,sốt,vàng da,đau hạ sườn phải,,
Viêm kết mạc mạn,mờ mắt,đau mắt,mắt đỏ,sốt,chảy nước mắt,,,
Ung thư vòi trứng,đau khi quan hệ,chán ăn,ra khí hư,sụt cân,,,,
Viêm hậu môn cấp,tiêu chảy,đầy hơi,đi ngoài ra máu,đau bụng,đau dữ dội,,,
Viêm ruột non,tiêu chảy,sốt,đi ngoài ra máu,,,,,
Viêm vòm họng mạn,đau tai,khàn tiếng,sốt,mệt mỏi,kéo dài,đau họng,,
Viêm khớp gối cấp,cứng khớp,hạn chế vận động,đau khớp,đau xương,,,,
Viêm cổ tử cung,rối loạn kinh nguyệt,đau khi quan hệ,đau bụng dưới,sốt,,,,
Sỏi bàng quang,đau lưng,tiểu ra máu,tiểu nhiều lần,,,,,
Viêm tâm vị cấp,đầy hơi,ợ chua,chán ăn,,,,,
Viêm mống mắt cấp,cộm mắt,chảy nước mắt,đau dữ dội,đau mắt,mắt đỏ,,,
Ung thư tinh hoàn,rối loạn kinh nguyệt,chán ăn,sụt cân,đau bụng dưới,,,,
Viêm đường mật cấp,đau hạ sườn phải,thở khò khè,vàng da,chán ăn,mệt mỏi,,,
Lao phổi,ho kéo dài,đổ mồ hôi đêm,mệt mỏi,sụt cân,ho ra máu,buồn bã kéo dài,,
U lành tính amidan,khàn tiếng,nghẹt mũi,ho,,,,,
Viêm gan mạn,đau hạ sườn phải,buồn nôn,vàng da,,,,,
Dị ứng,phát ban,chảy nước mắt,ngứa,hắt hơi,,,,
Nhiễm trùng manh tràng,đi ngoài ra máu,đau bụng,,,,,,
Ung thư buồng trứng,rối loạn kinh nguyệt,mệt mỏi,ra khí hư,đau bụng dưới,chảy nước mắt,chán ăn,,
Phình van tim,phù chân,hồi hộp,khó thở,mệt mỏi,,,,
Lao bao hoạt dịch,sốt nhẹ,đau khớp,sụt cân,sưng khớp,đổ mồ hôi đêm,đau xương,hạn chế vận động,
Ung thư thanh quản,thở khò khè,ho,đau ngực,sụt cân,,,,
Polyp hồi tràng,đau bụng,táo bón,đầy hơi,,,,,
Viêm tai ngoài,sốt,nghẹt mũi,ho,đau tai,,,,
Ung thư thực quản,chán ăn,sụt cân,đau thượng vị,giảm khứu giác,ợ chua,đầy hơi,mệt mỏi,buồn nôn
Ung thư mào tinh hoàn,ra khí hư,rối loạn kinh nguyệt,đau khi quan hệ,đau bụng dưới,mệt mỏi,sụt cân,,
U lành tính màng não,đau đầu,chóng mặt,co giật,,,,,
Viêm phổi mạn,thở khò khè,ho có đờm,kéo dài,,,,,
U lành tính âm đạo,rối loạn kinh nguyệt,đau khi quan hệ,,,,,,
Ung thư dây thần kinh,chóng mặt,đau đầu,mệt mỏi,sụt cân,tê tay chân,,,
Viêm túi mật cấp,buồn nôn,sốt,vàng da,,,,,
Viêm trực tràng,sốt,đầy hơi,tiêu chảy,ợ nóng,đau bụng,táo bón,đi ngoài ra máu,
Ung thư trực tràng,đầy hơi,đau bụng,táo bón,,,,,
Viêm trung thất mạn,mệt mỏi,ho có đờm,thở khò khè,ho,,,,
Viêm dạ dày cấp,chán ăn,buồn nôn,ợ chua,sốt,đầy hơi,,,
Viêm amidan cấp,khàn tiếng,đau họng,nghẹt mũi,,,,,
Viêm van tim,phù chân,hồi hộp,mệt mỏi,,,,,
Viêm niệu đạo,tiểu buốt,sốt,đau lưng,tiểu nhiều lần,tiểu ra máu,,,
Viêm giác mạc cấp,mắt đỏ,mờ mắt,đau dữ dội,chảy nước mắt,đau mắt,cộm mắt,,
Sốt xuất huyết,đau sau hốc mắt,sốt cao,buồn nôn,phát ban,,,,
Viêm đại tràng cấp,sốt,đi ngoài ra máu,ra khí hư,đau bụng,đau dữ dội,táo bón,đầy hơi,
Viêm nang lông mạn,mụn nước,kéo dài,ngứa,da đỏ,phát ban,mệt mỏi,,
Thoái hóa bao hoạt dịch,đau xương,đau khớp,hạn chế vận động,cứng khớp,sưng khớp,,,
Trầm cảm,chán ăn,khó tập trung,mất ngủ,buồn bã kéo dài,,,,
Viêm móng,ngứa,mụn nước,bong tróc da,sốt,,,,
Ung thư buồng trứng,sụt cân,đau bụng dưới,mệt mỏi,rối loạn kinh nguyệt,ra khí hư,,,
U lành tính buồng trứng,đau bụng dưới,ra khí hư,rối loạn kinh nguyệt,,,,,
Viêm hậu môn mạn,táo bón,đầy hơi,đau bụng,sốt,,,,
U lành tính võng mạc,đau mắt,mắt đỏ,cộm mắt,,,,,
Ung thư phế quản,chán ăn,ho có đờm,sụt cân,đau ngực,,,,
Viêm dây thần kinh,co giật,sốt,đau đầu,,,,,
Nhiễm trùng niệu đạo,ớn lạnh,đổ mồ hôi lạnh,tiểu rắt,tiểu buốt,,,,
Viêm đường mật,đau hạ sườn phải,vàng da,chán ăn,buồn nôn,mệt mỏi,,,
U lành tính kết mạc,mờ mắt,đau mắt,cộm mắt,chảy nước mắt,,,,
Nhiễm trùng bể thận,tiểu nhiều lần,tiểu rắt,tiểu buốt,tiểu ra máu,,,,
Nhiễm trùng vòi trứng,đau khi quan hệ,đau bụng dưới,ớn lạnh,sốt,,,,
Viêm màng phổi,khó thở,sốt,ho,thở khò khè,,,,
Viêm tai ngoài,đau tai,ho,nghẹt mũi,sốt,,,,
Viêm âm đạo,rối loạn kinh nguyệt,ra khí hư,đau khi quan hệ,,,,,
Ung thư thận,đau lưng,tiểu ra máu,đau hố chậu phải,tiểu buốt,,,,
U lành tính bờ mi,mờ mắt,mắt đỏ,chảy nước mắt,đau mắt,cộm mắt,,,
Ung thư buồng trứng,rối loạn kinh nguyệt,đau khi quan hệ,sụt cân,đau bụng dưới,,,,
Sỏi mật,đau hạ sườn phải,vàng da,buồn nôn,,,,,
U lành tính giác mạc,bong tróc da,mờ mắt,đau mắt,chảy nước mắt,,,,
Viêm buồng trứng mạn,mệt mỏi,sốt,đau khi quan hệ,lo lắng quá mức,rối loạn kinh nguyệt,đau bụng dưới,,
Viêm buồng trứng,ra khí hư,đau bụng dưới,rối loạn kinh nguyệt,,,,,
Nhiễm trùng âm đạo,ớn lạnh,ra khí hư,sốt,rối loạn kinh nguyệt,,,,
Ung thư phổi,ho ra máu,đau ngực,sụt cân,chán ăn,thở khò khè,mệt mỏi,khó thở,
Ung thư trung thất,chán ăn,ho,đau ngực,sụt cân,,,,
Viêm bể thận,tiểu rắt,tiểu buốt,sốt,tiểu nhiều lần,,,,
Viêm bờ mi cấp,cộm mắt,mắt đỏ,mờ mắt,đau mắt,sốt,,,
Suy tim,đau ngực,hồi hộp,khó thở,mệt mỏi,phù chân,,,
Viêm kết mạc mạn,cộm mắt,kéo dài,mắt đỏ,đau mắt,,,,
Viêm trực tràng mạn,mệt mỏi,sốt,đau bụng,đầy hơi,táo bón,,,
U lành tính dây thanh,đau tai,ho,đau họng,,,,,
Viêm mống mắt mạn,mắt đỏ,cộm mắt,đau mắt,sốt,nôn,chảy nước mắt,,
Sởi,phát ban,chảy nước mắt,ho,tê tay chân,mắt đỏ,,,
Viêm đại tràng mạn,sốt,đầy hơi,kéo dài,mệt mỏi,tiêu chảy,táo bón,,
Ung thư gan,mệt mỏi,sụt cân,đau hạ sườn phải,,,,,
Viêm nội tâm mạc mạn,hồi hộp,phù chân,mệt mỏi,khó thở,đau ngực,sốt,,
Viêm vòm họng,sốt,đau họng,buồn bã kéo dài,đau tai,nghẹt mũi,,,
U lành tính dây thanh,sưng khớp,khàn tiếng,đau họng,ho,nghẹt mũi,,,
Phình cơ tim,khó thở,hồi hộp,đau ngực,,,,,
Suy tim,mệt mỏi,đau ngực,khó thở,ợ chua,hồi hộp,phù chân,,
Ung thư tai ngoài,đau tai,sụt cân,chán ăn,nghẹt mũi,mệt mỏi,đau họng,,
U lành tính kết mạc,mắt đỏ,chảy nước mắt,đau mắt,,,,,
U lành tính móng,mụn nước,da đỏ,phát ban,,,,,
Viêm tá tràng cấp,chán ăn,buồn nôn,sốt,đầy hơi,đau dữ dội,ợ chua,,
Viêm khớp vai cấp,sốt,cứng khớp,đau khớp,đau dữ dội,đau xương,hạn chế vận động,,
Nhiễm trùng bàng quang,ớn lạnh,tiểu buốt,sốt,đau lưng,tiểu ra máu,,,
U lành tính bờ mi,đau mắt,chảy nước mắt,cộm mắt,mờ mắt,,,,
Viêm màng não mạn,yếu liệt tay chân,đau đầu,co giật,chóng mặt,mệt mỏi,,,
Viêm bao hoạt dịch mạn,đau xương,cứng khớp,đau khớp,mệt mỏi,sốt,kéo dài,,
Ung thư dạ dày,mệt mỏi,đau thượng vị,phù chân,chán ăn,đầy hơi,buồn nôn,ợ chua,
Viêm thực quản,ợ chua,đầy hơi,buồn nôn,,,,,
Ung thư họng,khàn tiếng,sụt cân,đau họng,mệt mỏi,ho,,,
Viêm tá tràng,đầy hơi,chán ăn,buồn nôn,sốt,,,,
U lành tính tai giữa,ho,đau họng,đau tai,khàn tiếng,sốt cao,,,
Viêm gân gót cấp,đau dữ dội,hạn chế vận động,đau xương,sưng khớp,cứng khớp,đau khớp,,
Viêm đại tràng cấp,nước tiểu đục,đầy hơi,đau dữ dội,đi ngoài ra máu,sốt,tiêu chảy,,
Lao cột sống,sưng khớp,sụt cân,sốt nhẹ,đổ mồ hôi đêm,hạn chế vận động,,,
Viêm buồng trứng cấp,đau bụng dưới,ra khí hư,sốt,rối loạn kinh nguyệt,đau khi quan hệ,,,
Viêm đường mật mạn,vàng da,chán ăn,buồn nôn,đau hạ sườn phải,sốt,,,
Viêm trung thất cấp,đau ngực,ho,thở khò khè,,,,,
Viêm xoang,đau mặt,nghẹt mũi,giảm khứu giác,sổ mũi,,,,
Viêm võng mạc cấp,chảy nước mắt,sốt,đau dữ dội,mắt đỏ,đau mắt,,,
Viêm kết mạc mạn,mắt đỏ,cộm mắt,đau mắt,mờ mắt,,,,
Viêm mống mắt mạn,cộm mắt,đau mắt,mắt đỏ,chảy nước mắt,kéo dài,sốt,,
Viêm da mạn,phát ban,mụn nước,mệt mỏi,ngứa,,,,
Ung thư dạ dày,sụt cân,mệt mỏi,buồn nôn,chán ăn,đau thượng vị,,,
Viêm bể thận cấp,đau lưng,sốt,tiểu buốt,,,,,
Viêm bao hoạt dịch mạn,cứng khớp,kéo dài,đau khớp,sưng khớp,,,,
Polyp manh tràng,đau bụng,,,,,,,
Viêm sụn khớp mạn,hắt hơi,đau khớp,sốt,cứng khớp,kéo dài,đau xương,hạn chế vận động,
Viêm màng ngoài tim mạn,hồi hộp,kéo dài,phù chân,khó thở,đau ngực,mệt mỏi,,
Lao khớp vai,sưng khớp,sụt cân,cứng khớp,đổ mồ hôi đêm,sốt nhẹ,,,
Viêm đại tràng,tiêu chảy,sốt,đau bụng,,,,,
Viêm buồng trứng cấp,đau khi quan hệ,đau bụng dưới,rối loạn kinh nguyệt,ra khí hư,,,,
Viêm cột sống mạn,kéo dài,hạn chế vận động,đau xương,cứng khớp,mệt mỏi,,,
U lành tính âm đạo,đau khi quan hệ,rối loạn kinh nguyệt,,,,,,
Viêm thanh quản,ho,thở khò khè,,,,,,
Viêm cơ tim cấp,mệt mỏi,phù chân,đau ngực,sốt,,,,
Viêm vòi trứng mạn,sốt,rối loạn kinh nguyệt,đau bụng dưới,,,,,
Áp xe tụy,đau hạ sườn phải,vàng da,chán ăn,buồn nôn,sốt,,,
Hẹp cơ tim,mệt mỏi,phù chân,khó thở,,,,,
Viêm kết mạc,cộm mắt,mắt đỏ,ngứa mắt,ghèn mắt,chảy nước mắt,,,
Phình cơ tim,phù chân,mệt mỏi,khó thở,,,,,
Viêm tiểu phế quản mạn,khó thở,mệt mỏi,đau ngực,ho có đờm,kéo dài,,,
Nhồi máu cơ tim,khó thở,đau lan cánh tay,buồn nôn,đau ngực,đổ mồ hôi lạnh,hồi hộp,,
Viêm sụn khớp mạn,ra khí hư,đau xương,đau khớp,kéo dài,sốt,hạn chế vận động,,
Phình động mạch chủ,phù chân,mệt mỏi,khó thở,,,,,
Viêm niệu đạo,đau lưng,sốt,tiểu buốt,tiểu nhiều lần,tiểu rắt,tiểu ra máu,,
U lành tính giác mạc,cộm mắt,mờ mắt,chảy nước mắt,đau mắt,,,,
Viêm kết mạc,cộm mắt,mắt đỏ,ngứa mắt,,,,,
Viêm tinh hoàn cấp,đau bụng dưới,rối loạn kinh nguyệt,đau khi quan hệ,sốt,ra khí hư,,,
U lành tính mào tinh hoàn,đau bụng dưới,ra khí hư,rối loạn kinh nguyệt,,,,,
Viêm màng phổi,ho có đờm,khó thở,thở khò khè,ho,,,,
Viêm trung thất,đau ngực,ho,thở khò khè,,,,,
Tăng huyết áp,mờ mắt,giảm khứu giác,chóng mặt,đau đầu,hồi hộp,,,
Viêm vòm họng mạn,đau họng,sốt,ho,,,,,
Áp xe phổi,khó thở,đau ngực,đau,sốt,ho,ho có đờm,,
Viêm gan cấp,sốt,đau hạ sườn phải,vàng da,mệt mỏi,,,,
Viêm ruột thừa mạn,táo bón,kéo dài,đau bụng,đầy hơi,,,,
U lành tính tử cung,rối loạn kinh nguyệt,đau khi quan hệ,ra khí hư,,,,,
Viêm thanh quản cấp,ho có đờm,sốt,đau dữ dội,đau ngực,khó thở,ho,,
Viêm xoang cấp,nghẹt mũi,khàn tiếng,đau dữ dội,,,,,
Xơ gan,bầm tím,vàng da,mệt mỏi,phù chân,đau hạ sườn phải,,,
U lành tính họng,khàn tiếng,nghẹt mũi,đau tai,đau họng,,,,
Viêm phế quản mạn,khó thở,ho có đờm,sốt,ho,đau ngực,,,
Áp xe thanh quản,thở khò khè,khó thở,ho,ho có đờm,sốt,,,
Viêm nang lông cấp,sốt,bong tróc da,phát ban,đau dữ dội,mụn nước,,,
Sởi,sổ mũi,mắt đỏ,chảy nước mắt,phát ban,ho,,,
Lao bao hoạt dịch,sưng khớp,đau khớp,hạn chế vận động,đau xương,sụt cân,,,
Ung thư tử cung,chán ăn,đau bụng dưới,ra khí hư,rối loạn kinh nguyệt,sụt cân,mệt mỏi,,
Viêm dạ dày cấp,chán ăn,ợ chua,đầy hơi,,,,,
Viêm thận cấp,tiểu rắt,tiểu buốt,đau lưng,sốt,đau dữ dội,,,
Ung thư tuyến bã,sụt cân,bong tróc da,ngứa,da đỏ,mệt mỏi,mụn nước,phát ban,
Áp xe tụy,đau hạ sườn phải,vàng da,buồn nôn,sốt,chán ăn,,,
U lành tính tuyến tiền liệt,đau khi quan hệ,đau bụng dưới,,,,,,
Parkinson,đi lại khó,mất thăng bằng,cứng đờ,,,,,
Ung thư tử cung,rối loạn kinh nguyệt,đau bụng dưới,đau khi quan hệ,sụt cân,ra khí hư,mệt mỏi,,
Ung thư phổi,mệt mỏi,thở khò khè,đau ngực,sụt cân,khó thở,ho,,
Viêm xoang cấp,nghẹt mũi,khàn tiếng,,,,,,
Viêm niệu đạo mạn,tiểu buốt,tiểu rắt,kéo dài,sốt,tiểu ra máu,mệt mỏi,,
Viêm buồng trứng mạn,rối loạn kinh nguyệt,mệt mỏi,đau bụng dưới,ra khí hư,đau khi quan hệ,,,
U lành tính màng não,chóng mặt,tê tay chân,đau đầu,co giật,,,,
Ung thư tá tràng,đầy hơi,ợ chua,buồn nôn,mệt mỏi,sụt cân,chán ăn,đau thượng vị,
Viêm tiểu phế quản,ho,khó thở,thở khò khè,,,,,
Viêm đường mật,chán ăn,buồn nôn,sốt,,,,,
COVID-19,mệt mỏi,sốt,mất khứu giác,ho khan,,,,
Viêm mống mắt,mắt đỏ,cộm mắt,đau mắt,,,,,
U lành tính tai giữa,đau tai,nghẹt mũi,khàn tiếng,,,,,
Viêm hậu môn,đi ngoài ra máu,sốt,đầy hơi,,,,,
Viêm túi mật cấp,chán ăn,đau hạ sườn phải,buồn nôn,sốt,vàng da,,,
Ung thư vòm họng,nghẹt mũi,đau họng,đau tai,ho,,,,
Ung thư niệu đạo,tiểu buốt,đau lưng,tiểu ra máu,đau dữ dội,tiểu rắt,,,
Sỏi mật,sốt,vàng da,đau hạ sườn phải,buồn nôn,,,,
Nhiễm trùng niệu đạo,tiểu rắt,ớn lạnh,đau lưng,tiểu buốt,tiểu nhiều lần,sốt,,
Viêm mào tinh hoàn,đau bụng dưới,sốt,rối loạn kinh nguyệt,,,,,
U lành tính võng mạc,chảy nước mắt,cộm mắt,sưng tuyến mang tai,đau mắt,,,,
Viêm amidan mạn,khàn tiếng,ho,đau tai,nghẹt mũi,,,,
Nhồi máu cơ tim,đau ngực,buồn nôn,đổ mồ hôi lạnh,khó thở,,,,
Ung thư tuyến bã,bong tróc da,chán ăn,sụt cân,phát ban,ngứa,mụn nước,,
U lành tính nang lông,bong tróc da,phát ban,mụn nước,ngứa,da đỏ,,,
Áp xe thanh quản,thở khò khè,ho có đờm,đau,khó thở,ho,sốt,đau ngực,
Ung thư tiểu phế quản,đau ngực,sụt cân,ho,nôn,,,,
Viêm tiểu phế quản mạn,khó thở,đau ngực,thở khò khè,ho,mệt mỏi,,,
U lành tính buồng trứng,ra khí hư,rối loạn kinh nguyệt,,,,,,
Viêm van tim cấp,phù chân,đau ngực,đau dữ dội,hồi hộp,mệt mỏi,khó thở,,
Viêm tuyến tiền liệt,ra khí hư,đau bụng dưới,đau khi quan hệ,,,,,
Polyp trực tràng,táo bón,đầy hơi,,,,,,
Viêm amidan,khó nuốt,sưng amidan,,,,,,
U lành tính tuyến tiền liệt,rối loạn kinh nguyệt,đau khi quan hệ,ra khí hư,đau bụng dưới,,,,
Ung thư niệu quản,chóng mặt,tiểu buốt,tiểu rắt,đau lưng,mệt mỏi,,,
Viêm mào tinh hoàn mạn,sốt,đau khi quan hệ,ra khí hư,đau bụng dưới,mệt mỏi,rối loạn kinh nguyệt,,
Viêm khớp gối cấp,cứng khớp,sốt,đau dữ dội,hạn chế vận động,,,,
Viêm trung thất,sốt,ho,khó thở,thở khò khè,,,,
U lành tính da,da đỏ,mụn nước,ngứa,,,,,
Viêm lách mạn,sốt,buồn nôn,vàng da,đau hạ sườn phải,,,,
Viêm vòi trứng cấp,đau dữ dội,ra khí hư,sốt,,,,,
Viêm bàng quang cấp,tiểu nhiều lần,đau lưng,sốt,tiểu buốt,tiểu rắt,,,
Polyp dạ dày,đau thượng vị,buồn nôn,,,,,,
Viêm màng ngoài tim mạn,sốt,kéo dài,hồi hộp,mệt mỏi,,,,
Đột quỵ,méo miệng,yếu liệt tay chân,nói khó,,,,,
Loét thực quản,đau,buồn nôn,nôn ra máu,chán ăn,đau thượng vị,ợ chua,,
Phình động mạch chủ,đầy hơi,khó thở,mệt mỏi,,,,,
Ung thư amidan,khàn tiếng,chán ăn,đau tai,sụt cân,nghẹt mũi,mệt mỏi,đau họng,ho
Sỏi thận,đau lưng,đau quặn thận,,,,,,
Viêm buồng trứng mạn,sốt,rối loạn kinh nguyệt,mệt mỏi,đau bụng dưới,ra khí hư,đau khi quan hệ,,
Viêm tử cung mạn,sốt,đau khi quan hệ,ra khí hư,rối loạn kinh nguyệt,,,,
Loét tâm vị,đau thượng vị,nôn ra máu,đầy hơi,buồn nôn,,,,
Áp xe màng phổi,sốt,sưng,ho có đờm,ho,thở khò khè,đau,đau ngực,
Hẹp động mạch chủ,mệt mỏi,sưng,hồi hộp,phù chân,đau ngực,khó thở,,
Viêm tuyến lệ cấp,đau dữ dội,cộm mắt,sốt,đau mắt,mờ mắt,,,
Polyp manh tràng,tiêu chảy,đau bụng,,,,,,
Viêm màng ngoài tim,đau ngực,phù chân,khó thở,,,,,
Viêm cột sống,đau xương,sưng khớp,sốt,,,,,
Viêm niệu đạo mạn,kéo dài,mệt mỏi,đau lưng,tiểu rắt,tiểu buốt,,,
Viêm phổi,đau ngực,khó thở,ớn lạnh,ho có đờm,sốt cao,,,
Lao gân gót,hạn chế vận động,sụt cân,đau khớp,cứng khớp,đau xương,sưng khớp,,
Viêm trực tràng mạn,tiêu chảy,đầy hơi,đau bụng,sốt,táo bón,,,
Nhiễm trùng trực tràng,ớn lạnh,đi ngoài ra máu,đầy hơi,đau bụng,sốt,,,
Quai bị,sốt,sưng tuyến mang tai,đau khi nhai,đau đầu,đầy hơi,mệt mỏi,,
Hen suyễn,thở khò khè,ho,khó thở,đau ngực,,,,
Ung thư thực quản,sụt cân,buồn nôn,đau thượng vị,mệt mỏi,đầy hơi,chán ăn,,
U lành tính gan,đau hạ sườn phải,mệt mỏi,buồn nôn,chán ăn,,,,
Polyp ruột non,tiêu chảy,đau bụng,đi ngoài ra máu,táo bón,,,,
Ung thư màng phổi,khó thở,giảm khứu giác,chán ăn,thở khò khè,ho có đờm,sụt cân,,
Thoái hóa cột sống cổ,hạn chế vận động,cứng khớp,sưng khớp,đau xương,,,,
Viêm amidan,đau họng,sưng hạch,sốt,khó nuốt,sưng amidan,,,
Polyp thực quản,chán ăn,buồn nôn,,,,,,
Sốt rét,đổ mồ hôi,ớn lạnh,sốt cao,đau đầu,mệt mỏi,,,
Viêm họng cấp,đau tai,khàn tiếng,ho,đau họng,,,,
Đột quỵ,méo miệng,yếu liệt tay chân,chóng mặt,nói khó,đau đầu dữ dội,,,
Quai bị,sưng tuyến mang tai,mệt mỏi,đau khi nhai,sốt,đầy hơi,đau đầu,,
Viêm thanh quản mạn,đau ngực,ho có đờm,thở khò khè,mệt mỏi,sốt,,,
Viêm tụy,sốt,chán ăn,đau hạ sườn phải,,,,,
Ung thư tá tràng,mệt mỏi,sụt cân,ợ chua,đầy hơi,đau thượng vị,chán ăn,,
Ung thư thận,đau lưng,sụt cân,tiểu buốt,chán ăn,mệt mỏi,tiểu ra máu,,
Viêm trung thất,ho,thở khò khè,đau ngực,,,,,
U lành tính mống mắt,đau mắt,cộm mắt,mờ mắt,mắt đỏ,chảy nước mắt,,,
Nhiễm trùng tuyến bã,phát ban,bong tróc da,ngứa,ớn lạnh,,,,
Polyp trực tràng,đau bụng,đầy hơi,táo bón,đi ngoài ra máu,,,,
Ung thư thanh quản,khó thở,ho,đau ngực,thở khò khè,sụt cân,,,
U lành tính tuyến lệ,mờ mắt,chảy nước mắt,mắt đỏ,,,,,
Ung thư túi mật,sụt cân,chán ăn,đau hạ sườn phải,mệt mỏi,,,,
Viêm cột sống cổ cấp,sưng khớp,hạn chế vận động,đau khớp,đau dữ dội,,,,
Viêm amidan cấp,ho,đau họng,sốt,đau tai,nghẹt mũi,,,
Viêm trực tràng,táo bón,đau bụng,tiêu chảy,,,,,
Viêm thanh quản mạn,thở khò khè,kéo dài,khó thở,ho,sốt,đau ngực,,
Viêm ruột thừa,đau hố chậu phải,sợ lạnh,đau bụng,,,,,
Viêm tuyến tiền liệt mạn,đau bụng dưới,ra khí hư,mệt mỏi,sốt,rối loạn kinh nguyệt,,,
Viêm thận cấp,sốt,tiểu rắt,tiểu ra máu,đau dữ dội,,,,
Viêm bàng quang,tiểu buốt,tiểu rắt,tiểu nhiều lần,,,,,
U lành tính tuyến lệ,đau mắt,cộm mắt,mắt đỏ,chảy nước mắt,,,,
Viêm đường mật mạn,chán ăn,buồn nôn,vàng da,đau hạ sườn phải,sốt,,,
Viêm khớp gối mạn,cứng khớp,đau xương,đau khớp,mệt mỏi,sưng khớp,hạn chế vận động,kéo dài,
Viêm bờ mi,đau mắt,mắt đỏ,chảy nước mắt,sốt,,,,
Thoái hóa cột sống,sưng khớp,hạn chế vận động,,,,,,
Ung thư niệu quản,sụt cân,mệt mỏi,tiểu nhiều lần,tiểu buốt,tiểu ra máu,tiểu rắt,,
Viêm thực quản cấp,đau dữ dội,chán ăn,đau thượng vị,buồn nôn,,,,
Viêm bàng quang cấp,tiểu nhiều lần,tiểu rắt,đau lưng,tiểu ra máu,,,,
Viêm da cấp,bong tróc da,sốt,đau dữ dội,ngứa,mụn nước,,,
Ung thư manh tràng,táo bón,sụt cân,đi ngoài ra máu,đầy hơi,tiêu chảy,,,
Viêm gân gót mạn,sưng khớp,kéo dài,hạn chế vận động,cứng khớp,sốt,,,
Viêm tụy mạn,vàng da,buồn nôn,,,,,,
Nhiễm trùng bàng quang,đau lưng,sốt,tiểu rắt,ớn lạnh,tiểu buốt,tiểu nhiều lần,,
Viêm thực quản mạn,sốt,đầy hơi,buồn nôn,chán ăn,da khô,ợ chua,,
Viêm họng cấp,sốt,nghẹt mũi,đau tai,ho,khàn tiếng,,,
U lành tính họng,đau họng,đau tai,khàn tiếng,nghẹt mũi,,,,
Viêm thanh quản cấp,khó thở,đau ngực,ho,sốt,ho có đờm,,,
Viêm hồi tràng cấp,đau dữ dội,đầy hơi,đi ngoài ra máu,tiêu chảy,tê tay chân,,,
Viêm tiểu phế quản mạn,ho có đờm,kéo dài,thở khò khè,sốt,khó thở,mệt mỏi,đau ngực,
Thoái hóa gân gót,đau khớp,cứng khớp,hạn chế vận động,,,,,
U lành tính tuyến tiền liệt,đau đầu,đau khi quan hệ,ra khí hư,đau bụng dưới,,,,
U lành tính da,da đỏ,bong tróc da,ngứa,,,,,
Viêm thận mạn,tiểu ra máu,mệt mỏi,tiểu nhiều lần,tiểu buốt,kéo dài,tiểu rắt,,
Viêm xoang mạn,đau tai,khàn tiếng,ho,,,,,
Viêm đường mật cấp,chán ăn,đau hạ sườn phải,đau dữ dội,buồn nôn,vàng da,,,
Thiếu máu,mệt mỏi,chóng mặt,da xanh xao,,,,,
Polyp tá tràng,đi ngoài ra máu,ợ chua,buồn nôn,đầy hơi,,,,
Viêm tá tràng,đau thượng vị,chán ăn,buồn nôn,đầy hơi,ợ chua,,,
Viêm lách,sốt,vàng da,chán ăn,đau hạ sườn phải,,,,
Viêm cột sống,đau xương,sưng khớp,sốt,,,,,
Viêm giác mạc mạn,mắt đỏ,chảy nước mắt,đau mắt,mệt mỏi,,,,
Viêm tai giữa,đau tai,sốt,chảy mủ tai,,,,,
Viêm xoang cấp,đau họng,đau tai,khàn tiếng,nghẹt mũi,,,,
Viêm gan cấp,đau hạ sườn phải,vàng da,buồn nôn,đau dữ dội,sốt,chán ăn,mệt mỏi,
Viêm manh tràng mạn,đầy hơi,đau bụng,tiêu chảy,táo bón,,,,
U lành tính vòm họng,đau tai,nghẹt mũi,ho,,,,,
U lành tính tử cung,đau khi quan hệ,,,,,,,
Tiểu đường,mờ mắt,khát nước nhiều,buồn nôn,sụt cân,tiểu nhiều,,,
Viêm cột sống cấp,đau khớp,cứng khớp,,,,,,
U lành tính dây thanh,đau tai,ho,nghẹt mũi,khàn tiếng,đau họng,,,
Thoái hóa gân gót,đau khớp,cứng khớp,đau xương,sưng khớp,,,,
Ung thư buồng trứng,rối loạn kinh nguyệt,mệt mỏi,chán ăn,sụt cân,đau bụng dưới,,,
Áp xe lách,chán ăn,mệt mỏi,đau hạ sườn phải,buồn nôn,sưng,sốt,,
Viêm amidan,sưng amidan,đau họng,khó nuốt,sốt,,,,
Ung thư phế quản,sụt cân,đau ngực,ho có đờm,,,,,
Viêm dạ dày,ợ chua,đau thượng vị,buồn nôn,,,,,
Viêm họng mạn,khàn tiếng,mệt mỏi,ho,,,,,
Viêm niệu đạo mạn,mệt mỏi,tiểu rắt,kéo dài,tiểu ra máu,tiểu buốt,,,
Nhiễm trùng niệu quản,tiểu ra máu,sốt,tiểu rắt,tiểu nhiều lần,tiểu buốt,đau đầu,,
Thoái hóa cột sống,cứng khớp,đau xương,sưng khớp,,,,,
U lành tính võng mạc,cộm mắt,đau mắt,mờ mắt,chảy nước mắt,,,,
Viêm cổ tử cung mạn,đổ mồ hôi,đau bụng dưới,ra khí hư,rối loạn kinh nguyệt,,,,
Sởi,tăng cân,sốt cao,ho,chảy nước mắt,phát ban,,,
Ung thư bàng quang,buồn nôn,sụt cân,đau lưng,chán ăn,tiểu buốt,,,
Viêm niệu quản mạn,đau lưng,tiểu rắt,kéo dài,tiểu ra máu,tiểu nhiều lần,tiểu buốt,,
Viêm tử cung cấp,đau khi quan hệ,đau bụng dưới,ra khí hư,đau dữ dội,sốt,rối loạn kinh nguyệt,,
Viêm phổi cấp,ho có đờm,khó thở,thở khò khè,sốt,,,,
Viêm hậu môn mạn,kéo dài,tiêu chảy,đầy hơi,đau bụng,,,,
Viêm ruột thừa,đau hố chậu phải,đau bụng,chán ăn,đau xương,,,,
Ung thư tá tràng,ợ chua,đau thượng vị,đầy hơi,sụt cân,,,,
U lành tính kết mạc,mắt đỏ,mờ mắt,chảy nước mắt,đau mắt,,,,
Viêm tâm vị,buồn nôn,ợ chua,sốt,chán ăn,đầy hơi,,,
U lành tính tuyến lệ,mờ mắt,chảy nước mắt,đau mắt,mắt đỏ,,,,
Viêm tuyến tiền liệt cấp,ra khí hư,đau dữ dội,rối loạn kinh nguyệt,đau bụng dưới,,,,
Loét tá tràng,chán ăn,ợ chua,nước tiểu sẫm màu,đau,,,,
Polyp thực quản,đau thượng vị,buồn nôn,chán ăn,đi ngoài ra máu,,,,
Nhiễm trùng vòi trứng,ra khí hư,đau bụng dưới,ớn lạnh,đau khi quan hệ,,,,
Nhiễm trùng bể thận,tiểu buốt,tiểu ra máu,tiểu nhiều lần,ớn lạnh,,,,
Viêm dạ dày mạn,ợ chua,đầy hơi,đau thượng vị,chán ăn,kéo dài,,,
Ung thư thanh quản,đau ngực,ho,sụt cân,ho có đờm,thở khò khè,,,
Viêm võng mạc mạn,mệt mỏi,sốt,cộm mắt,chảy nước mắt,mắt đỏ,đau mắt,,
Lao khớp háng,sưng khớp,hạn chế vận động,sụt cân,đổ mồ hôi đêm,,,,
Ung thư tụy,sụt cân,mệt mỏi,buồn nôn,đau hạ sườn phải,chán ăn,,,
Viêm dây thanh,ho,sốt,khàn tiếng,,,,,
Viêm gan cấp,đau dữ dội,chán ăn,vàng da,sốt,mệt mỏi,đau hạ sườn phải,,
Viêm da mạn,mụn nước,ngứa,kéo dài,phát ban,mệt mỏi,,,
Viêm tử cung mạn,kéo dài,đau bụng dưới,rối loạn kinh nguyệt,,,,,
Động kinh,co giật,mất ý thức,lơ mơ,,,,,
Viêm cơ tim cấp,đau dữ dội,đau ngực,sốt,mệt mỏi,phù chân,,,
Viêm gân gót mạn,đau khớp,đau xương,kéo dài,sốt,hạn chế vận động,,,
Viêm bàng quang mạn,nổi mẩn,tiểu buốt,tiểu nhiều lần,,,,,
Viêm buồng trứng cấp,rối loạn kinh nguyệt,đau khi quan hệ,đau dữ dội,ra khí hư,,,,
Viêm thận,tiểu nhiều lần,đau lưng,tiểu rắt,tiểu ra máu,,,,
Viêm tá tràng,đau thượng vị,đầy hơi,chán ăn,ợ chua,,,,
Ung thư nang lông,chán ăn,sụt cân,mụn nước,phát ban,bong tróc da,nói khó,da đỏ,
Viêm thanh quản cấp,thở khò khè,đau dữ dội,ho có đờm,sốt,ho,,,
Viêm dạ dày,đau thượng vị,ợ chua,,,,,,
Viêm cơ tim,sốt,phù chân,khó thở,đau ngực,,,,
U lành tính tụy,mệt mỏi,đau hạ sườn phải,chán ăn,vàng da,buồn nôn,,,
Ung thư tai giữa,ho,đau họng,sụt cân,chán ăn,đau tai,khàn tiếng,mệt mỏi,
Viêm hồi tràng,đầy hơi,đi ngoài ra máu,sốt,tiêu chảy,,,,
Viêm gan mạn,mệt mỏi,đau hạ sườn phải,sốt,vàng da,,,,
Viêm khớp vai mạn,sưng khớp,đau khớp,kéo dài,hạn chế vận động,,,,
U lành tính xoang,khàn tiếng,đau họng,đau tai,,,,,
Viêm mào tinh hoàn cấp,đau bụng dưới,đau khi quan hệ,rối loạn kinh nguyệt,ra khí hư,đau dữ dội,,,
Viêm ruột thừa cấp,sốt,đau dữ dội,đau bụng,đầy hơi,tiêu chảy,đi ngoài ra máu,,
Viêm tụy mạn,vàng da,buồn nôn,kéo dài,đau hạ sườn phải,mệt mỏi,,,
Thoái hóa khớp vai,sưng khớp,đau khớp,đau xương,,,,,
Viêm sụn khớp,sốt,đau khớp,hạn chế vận động,đau xương,cứng khớp,sưng khớp,,
Viêm trung thất mạn,sốt,ho có đờm,khó thở,thở khò khè,,,,
Ung thư túi mật,sụt cân,mệt mỏi,chán ăn,đau hạ sườn phải,,,,
Sốt rét,ớn lạnh,đổ mồ hôi,sốt cao,mệt mỏi,đau đầu,,,
Viêm võng mạc,mắt đỏ,mờ mắt,chảy nước mắt,cộm mắt,đau mắt,,,
Nhiễm trùng đại tràng,ớn lạnh,táo bón,sốt,tiêu chảy,đi ngoài ra máu,,,
Viêm van tim mạn,kéo dài,khó thở,mệt mỏi,sốt,,,,
Viêm vòi trứng cấp,đau bụng dưới,ra khí hư,,,,,,
Viêm phế quản,đau ngực,khó thở,ho có đờm,,,,,
Suy thận,mệt mỏi,phù chân,da xanh xao,tiểu ít,,,,
Nhiễm trùng bàng quang,ớn lạnh,đau lưng,tiểu buốt,tiểu rắt,,,,
Thoái hóa sụn khớp,sưng khớp,tiểu nhiều,đau xương,đau khớp,hạn chế vận động,,,
Ung thư tuyến tiền liệt,ra khí hư,đau khi quan hệ,sụt cân,mệt mỏi,,,,
Viêm kết mạc cấp,mờ mắt,đau mắt,sốt,mắt đỏ,,,,
Viêm khớp vai mạn,đau xương,đau khớp,cứng khớp,hạn chế vận động,,,,
Viêm gan mạn,vàng da,đau hạ sườn phải,mệt mỏi,buồn nôn,kéo dài,chán ăn,,
Nhiễm trùng ruột non,đi ngoài ra máu,táo bón,đau bụng,ớn lạnh,tiêu chảy,sốt,,
Viêm thực quản cấp,ợ chua,đau dữ dội,sốt,đau thượng vị,chán ăn,,,
Polyp tâm vị,đi ngoài ra máu,ợ chua,đau thượng vị,buồn nôn,đầy hơi,,,
Viêm họng cấp,khàn tiếng,ho,đau họng,đau dữ dội,đau tai,,,
Viêm vòi trứng,đau bụng dưới,ra khí hư,đau khi quan hệ,,,,,
Loét tâm vị,nôn ra máu,chán ăn,đau,đau thượng vị,ợ chua,buồn nôn,giảm thính lực,
Phình van tim,khó thở,hồi hộp,mệt mỏi,phù chân,,,,
Viêm gân gót,đau xương,sưng khớp,đau khớp,sốt,,,,
Viêm dạ dày,đau thượng vị,ợ chua,đầy hơi,phân cứng,,,,
Viêm khớp dạng thấp,cứng khớp,sưng khớp,sốt nhẹ,khó tập trung,mệt mỏi,,,
Viêm vòi trứng cấp,đau dữ dội,sốt,rối loạn kinh nguyệt,ra khí hư,,,,
Viêm cổ tử cung cấp,ra khí hư,đau bụng dưới,đau khi quan hệ,,,,,
Sốt xuất huyết,phát ban,đau sau hốc mắt,sốt cao,,,,,
Nhiễm trùng nang lông,mụn nước,ớn lạnh,bong tróc da,phát ban,,,,
Viêm bể thận,tiểu rắt,tiểu nhiều lần,táo bón,đau lưng,,,,
Viêm mống mắt cấp,chảy nước mắt,đau dữ dội,cộm mắt,,,,,
Viêm tiểu phế quản cấp,đầy hơi,ho có đờm,sốt,ho,thở khò khè,,,
Viêm ruột thừa cấp,tiêu chảy,đầy hơi,đau dữ dội,đau bụng,,,,
Viêm niệu đạo cấp,tiểu buốt,tiểu ra máu,tiểu rắt,đau lưng,,,,
Ung thư dây thanh,mệt mỏi,sụt cân,nghẹt mũi,khàn tiếng,ho,đau họng,,
Viêm gân gót mạn,mệt mỏi,kéo dài,hạn chế vận động,đau khớp,đau xương,,,
Viêm thanh quản,đau ngực,thở khò khè,sốt,ho có đờm,khó thở,ho,,
Ung thư tá tràng,ợ chua,mệt mỏi,chán ăn,đầy hơi,,,,
Viêm dạ dày cấp,sốt,chán ăn,đau thượng vị,ợ chua,đầy hơi,,,
Viêm tiểu phế quản,sốt,ho,ho có đờm,khó thở,đau ngực,,,
Ung thư bể thận,sụt cân,chán ăn,tiểu nhiều lần,tiểu rắt,,,,
Áp xe phổi,sốt,thở khò khè,đau,ho có đờm,khó thở,ho,sưng,
Viêm cổ tử cung cấp,đau khi quan hệ,sốt,đau bụng dưới,,,,,
Viêm bàng quang mạn,tiểu ra máu,tiểu buốt,sốt,tiểu nhiều lần,,,,
Ung thư tai giữa,khàn tiếng,sụt cân,đau họng,,,,,
Viêm dạ dày,đầy hơi,đau thượng vị,buồn nôn,chán ăn,ợ chua,,,
Viêm ruột thừa cấp,đầy hơi,đau dữ dội,đau bụng,tiêu chảy,,,,
Viêm ruột thừa mạn,đi ngoài ra máu,kéo dài,táo bón,sốt,đầy hơi,mệt mỏi,,
Polyp tâm vị,đau thượng vị,chán ăn,đầy hơi,buồn nôn,,,,
Viêm xoang,giảm khứu giác,nghẹt mũi,sổ mũi,,,,,
Ung thư tâm vị,sụt cân,buồn nôn,mệt mỏi,chán ăn,,,,
Thoái hóa cột sống cổ,cứng khớp,sưng khớp,đau khớp,đau xương,hạn chế vận động,,,
Viêm tiểu phế quản cấp,ho có đờm,đau ngực,thở khò khè,,,,,
Viêm tai ngoài mạn,ho,đau họng,đau tai,khàn tiếng,kéo dài,,,
Nhiễm trùng tuyến bã,ớn lạnh,da đỏ,bong tróc da,sốt,ngứa,,,
Polyp tá tràng,đầy hơi,đi ngoài ra máu,buồn nôn,đau thượng vị,,,,
Ung thư thanh quản,chán ăn,thở khò khè,sụt cân,đau ngực,,,,
Cường giáp,lồi mắt,hồi hộp,run tay,sụt cân,đổ mồ hôi,,,
Viêm nang lông cấp,da đỏ,bong tróc da,kéo dài,ngứa,phát ban,đau dữ dội,,
Viêm màng ngoài tim,khó thở,phù chân,tiểu rắt,đau ngực,,,,
Polyp thực quản,đi ngoài ra máu,ợ chua,buồn nôn,đầy hơi,,,,
Viêm vòm họng,ho,sốt,nghẹt mũi,đau tai,đau họng,,,
Nhiễm trùng hồi tràng,mất nước,đầy hơi,sốt,táo bón,,,,
Viêm tử cung,đau bụng dưới,,,,,,,
U lành tính âm đạo,đau bụng dưới,rối loạn kinh nguyệt,đau khi quan hệ,,,,,
Viêm túi mật cấp,buồn nôn,nhạy cảm ánh sáng,đau dữ dội,vàng da,mệt mỏi,chán ăn,đau hạ sườn phải,
Viêm thận cấp,đau lưng,sốt,tiểu rắt,tiểu nhiều lần,,,,
Thoái hóa khớp gối,cứng khớp,hạn chế vận động,sưng khớp,,,,,
U lành tính vòi trứng,ra khí hư,đau bụng dưới,đau khi quan hệ,rối loạn kinh nguyệt,,,,
Nhiễm trùng tử cung,đau khi quan hệ,sốt,rối loạn kinh nguyệt,đau bụng dưới,ra khí hư,,,
Thoái hóa khớp háng,hạn chế vận động,cứng khớp,đau xương,đau khớp,,,,
Viêm tâm vị mạn,đầy hơi,chán ăn,buồn nôn,đau thượng vị,ợ chua,mệt mỏi,kéo dài,
Hẹp cơ tim,đau ngực,phù chân,mệt mỏi,,,,,
Viêm ruột non mạn,đầy hơi,sốt,đi ngoài ra máu,đau bụng,mệt mỏi,,,
Ung thư tai giữa,khàn tiếng,sụt cân,đau họng,chán ăn,đau tai,nghẹt mũi,,
Viêm sụn khớp,đau khớp,đau xương,đau hậu môn,,,,,
Quai bị,sốt,đau đầu,,,,,,
Viêm đại tràng mạn,đau bụng,đi ngoài ra máu,tiêu chảy,táo bón,đầy hơi,,,
Loét tâm vị,đau,ợ chua,đầy hơi,đau thượng vị,,,,
U lành tính amidan,đau tai,đau họng,khàn tiếng,nghẹt mũi,,,,
Viêm lách cấp,đau lưng,đau dữ dội,vàng da,mệt mỏi,,,,
Tay chân miệng,phát ban,chán ăn,sốt,loét miệng,mệt mỏi,,,
Ung thư túi mật,sụt cân,chán ăn,đau hạ sườn phải,,,,,
Viêm tai ngoài cấp,đau tai,đau dữ dội,đau họng,ho,khàn tiếng,nghẹt mũi,,
Viêm hậu môn cấp,táo bón,tiêu chảy,đi ngoài ra máu,sốt,ù tai,đau bụng,,
Áp xe lách,mệt mỏi,sưng,buồn nôn,đau,vàng da,,,
Viêm niệu quản cấp,tiểu nhiều lần,tiểu rắt,đau dữ dội,sốt,tiểu buốt,,,
Viêm hậu môn,đau bụng,đầy hơi,tiêu chảy,sốt,đi ngoài ra máu,,,
Viêm tuyến bã,sốt,bong tróc da,phát ban,da đỏ,ngứa,,,
Viêm đường mật,sốt,mệt mỏi,,,,,,
Viêm niệu đạo mạn,sốt,tiểu buốt,tiểu ra máu,kéo dài,tiểu nhiều lần,mệt mỏi,tiểu rắt,
Ung thư phế quản,ho có đờm,ho,đau ngực,chán ăn,sụt cân,thở khò khè,,
Sỏi niệu quản,đau quặn thận,tiểu rắt,tiểu nhiều lần,đau lưng,tiểu ra máu,,,
Viêm móng cấp,sốt,ngứa,bong tróc da,mụn nước,phát ban,đau dữ dội,da đỏ,
Lao phổi,mệt mỏi,sụt cân,ho kéo dài,sốt nhẹ,ho ra máu,,,
Viêm màng phổi mạn,kéo dài,ho có đờm,ho,,,,,
Viêm võng mạc,cộm mắt,đau mắt,mắt đỏ,,,,,
Viêm bao hoạt dịch,sưng khớp,đau xương,cứng khớp,sốt,,,,
Viêm tụy,đau hạ sườn phải,chán ăn,sốt,buồn nôn,,,,
Viêm trực tràng cấp,táo bón,tiêu chảy,đi ngoài ra máu,đau dữ dội,đau bụng,sốt,,
Viêm khí quản cấp,ho,khó thở,đau dữ dội,sốt,đau ngực,,,
Sỏi thận,đau quặn thận,buồn nôn,đau lưng,tiểu buốt,,,,
Viêm manh tràng mạn,đau bụng,đi ngoài ra máu,tiêu chảy,sốt,,,,
Ung thư cổ tử cung,ra khí hư,đau khi quan hệ,đau bụng dưới,rối loạn kinh nguyệt,mệt mỏi,chán ăn,sụt cân,
U lành tính tuyến tiền liệt,rối loạn kinh nguyệt,đau bụng dưới,đau khi quan hệ,ra khí hư,,,,
Viêm gan,chán ăn,mệt mỏi,đau hạ sườn phải,ớn lạnh,vàng da,buồn nôn,,
Viêm buồng trứng,đau bụng dưới,sốt,rối loạn kinh nguyệt,đau khi quan hệ,,,,
Viêm khớp háng cấp,đau khớp,đau dữ dội,sưng khớp,cứng khớp,,,,
Viêm khớp dạng thấp,mệt mỏi,tiểu rắt,đau khớp,cứng khớp,sưng khớp,,,
Loét tá tràng,đau thượng vị,chán ăn,khó thở,buồn nôn,ợ chua,đau,,
Viêm gan,vàng da,chán ăn,mệt mỏi,,,,,
Viêm màng ngoài tim,phù chân,hồi hộp,sốt,mệt mỏi,đau ngực,,,
Ung thư tụy,chán ăn,sụt cân,mệt mỏi,,,,,
Ung thư niệu đạo,chán ăn,sụt cân,tiểu rắt,đau lưng,mệt mỏi,tiểu nhiều lần,,
Ung thư ruột thừa,chán ăn,mệt mỏi,táo bón,đầy hơi,sụt cân,đau bụng,buồn nôn,
Viêm võng mạc cấp,chảy nước mắt,mắt đỏ,mờ mắt,cộm mắt,ợ nóng,,,
Viêm cơ tim,phù chân,sốt,đau ngực,khó thở,,,,
Viêm thanh quản,thở khò khè,ho,khó thở,,,,,
Viêm niệu đạo cấp,tiểu rắt,đau lưng,tiểu ra máu,tiểu nhiều lần,sốt,,,
Viêm tinh hoàn,đau bụng dưới,rối loạn kinh nguyệt,đau khi quan hệ,,,,,
Viêm ruột thừa,đau hố chậu phải,buồn nôn,đau bụng,,,,,
Viêm trực tràng mạn,tiêu chảy,đi ngoài ra máu,đầy hơi,táo bón,,,,
Nhiễm trùng đại tràng,tiêu chảy,táo bón,đầy hơi,đi ngoài ra máu,sốt,đau bụng,ớn lạnh,
U lành tính kết mạc,mắt đỏ,mờ mắt,cộm mắt,chảy nước mắt,đau mắt,,,
Viêm bờ mi mạn,đau mắt,chảy nước mắt,mờ mắt,mắt đỏ,kéo dài,mệt mỏi,cộm mắt,
Viêm thực quản mạn,kéo dài,sốt,buồn nôn,mệt mỏi,chán ăn,đầy hơi,,
Viêm gân gót cấp,đau dữ dội,sưng khớp,đau khớp,cứng khớp,sốt,,,
Lao khớp vai,đổ mồ hôi đêm,sốt nhẹ,cứng khớp,hạn chế vận động,sụt cân,sưng khớp,,
Viêm bờ mi cấp,cộm mắt,chảy nước mắt,,,,,,
Ung thư lách,đau hạ sườn phải,đi lại khó,sụt cân,mệt mỏi,chán ăn,vàng da,,
U lành tính bờ mi,chảy nước mắt,đau mắt,mờ mắt,mắt đỏ,cộm mắt,,,
Viêm họng cấp,sốt,đau họng,ho,,,,,
Ung thư amidan,sụt cân,khàn tiếng,chán ăn,nghẹt mũi,mệt mỏi,,,
Viêm cột sống cổ,đau xương,đau khớp,hạn chế vận động,sốt,,,,
Lao cột sống cổ,đau khớp,cứng khớp,sụt cân,đau xương,sốt nhẹ,,,
Thoái hóa gân gót,đau khớp,cứng khớp,hạn chế vận động,,,,,
Viêm nội tâm mạc cấp,phù chân,sốt,khó thở,hồi hộp,,,,
Ung thư màng phổi,đau ngực,sụt cân,,,,,,
Viêm cột sống cổ,đau xương,hạn chế vận động,đau khớp,,,,,
U lành tính kết mạc,mờ mắt,chảy nước mắt,,,,,,
Viêm mào tinh hoàn mạn,ra khí hư,rối loạn kinh nguyệt,đau khi quan hệ,sợ lạnh,,,,
Nhiễm trùng tinh hoàn,ớn lạnh,đau khi quan hệ,đau bụng dưới,,,,,
Polyp tá tràng,đầy hơi,buồn nôn,ợ chua,,,,,
U lành tính mống mắt,mờ mắt,chảy nước mắt,mắt đỏ,,,,,
Viêm vòi trứng,rối loạn kinh nguyệt,ra khí hư,đau bụng dưới,sốt,,,,
Hẹp nội tâm mạc,phù chân,mệt mỏi,khó thở,phát ban,đau ngực,,,
U lành tính âm đạo,rối loạn kinh nguyệt,đau bụng dưới,,,,,,
Viêm phế quản,khó thở,ho có đờm,đau ngực,,,,,
Ung thư tuyến tiền liệt,ra khí hư,sụt cân,đau khi quan hệ,chán ăn,mệt mỏi,đau bụng dưới,,
Nhiễm trùng bàng quang,ớn lạnh,tiểu rắt,tiểu ra máu,sốt,tiểu nhiều lần,đau lưng,,
Ung thư tuyến bã,mụn nước,sụt cân,phát ban,,,,,
Viêm mống mắt,mờ mắt,mắt đỏ,chảy nước mắt,đau mắt,cộm mắt,,,
Viêm tâm vị mạn,đau thượng vị,sốt,đầy hơi,chán ăn,ợ chua,kéo dài,,
Ung thư tai ngoài,sụt cân,mệt mỏi,đau họng,đau tai,chán ăn,,,
Sỏi niệu đạo,đau lưng,đau quặn thận,tiểu buốt,tiểu ra máu,,,,
Ung thư tuyến tiền liệt,sụt cân,rối loạn kinh nguyệt,chán ăn,đau khi quan hệ,ra khí hư,,,
Ung thư niệu quản,tiểu rắt,sụt cân,đau lưng,mệt mỏi,tiểu buốt,,,
Viêm hậu môn mạn,táo bón,đầy hơi,tiêu chảy,sốt,kéo dài,đau bụng,,
Sốt rét,buồn nôn,đổ mồ hôi,ớn lạnh,sốt cao,,,,
Viêm nội tâm mạc mạn,khát nước nhiều,khó thở,kéo dài,đau ngực,,,,
Viêm nội tâm mạc cấp,mệt mỏi,đau dữ dội,phù chân,hồi hộp,sốt,,,
Viêm màng não,buồn nôn,sốt cao,cứng cổ,lơ mơ,đau đầu dữ dội,nhạy cảm ánh sáng,,
Viêm dây thanh mạn,đau tai,mệt mỏi,khàn tiếng,sốt,ho,nghẹt mũi,,
Ung thư hồi tràng,sụt cân,khó nuốt,đau bụng,đi ngoài ra máu,táo bón,tiêu chảy,đầy hơi,
Viêm thực quản cấp,đau thượng vị,đau dữ dội,ợ chua,chán ăn,,,,
Viêm mống mắt cấp,mờ mắt,sốt,chảy nước mắt,cộm mắt,,,,
Viêm tuyến tiền liệt,mờ mắt,đau bụng dưới,rối loạn kinh nguyệt,,,,,
Viêm bể thận cấp,đau dữ dội,tiểu rắt,tiểu buốt,,,,,
Ung thư màng não,yếu liệt tay chân,sụt cân,tê tay chân,chóng mặt,co giật,,,
Sỏi bể thận,đau quặn thận,tiểu buốt,tiểu rắt,tiểu ra máu,,,,
Viêm amidan cấp,sốt,nghẹt mũi,đau họng,,,,,
Viêm tinh hoàn,đau khi quan hệ,tăng cân,sốt,ra khí hư,,,,
Viêm niệu đạo,tiểu ra máu,tiểu buốt,sốt,,,,,
Suy thận,mệt mỏi,tiểu ít,khó thở,phù chân,,,,
Áp xe lách,sốt,mệt mỏi,buồn nôn,vàng da,chán ăn,,,
Thoái hóa khớp vai,đau khớp,sưng khớp,đau xương,cứng khớp,,,,
Viêm tuyến tiền liệt mạn,sốt,ra khí hư,rối loạn kinh nguyệt,đau bụng dưới,,,,
Viêm tuyến bã,bong tróc da,da đỏ,ngứa,,,,,
Ung thư bàng quang,chán ăn,đau lưng,mệt mỏi,sụt cân,tiểu ra máu,tiểu buốt,tiểu nhiều lần,
Viêm ruột thừa cấp,táo bón,đầy hơi,,,,,,
Viêm hồi tràng mạn,táo bón,tiêu chảy,kéo dài,đau bụng,đi ngoài ra máu,đầy hơi,,
Viêm khớp gối,đau xương,cứng khớp,hạn chế vận động,sốt,,,,
Ung thư ruột thừa,táo bón,nước tiểu đục,sụt cân,đi ngoài ra máu,đầy hơi,đau bụng,,
Viêm bao hoạt dịch mạn,đau xương,đau khớp,kéo dài,mệt mỏi,cứng khớp,,,
Ung thư ruột non,đau hố chậu phải,đau bụng,táo bón,mệt mỏi,đầy hơi,sụt cân,,
Viêm thận,tiểu rắt,đau lưng,tiểu buốt,tiểu nhiều lần,,,,
U lành tính túi mật,đau hạ sườn phải,chán ăn,buồn nôn,,,,,
Nhiễm trùng buồng trứng,đau bụng dưới,sốt,ra khí hư,ớn lạnh,,,,
Áp xe trung thất,sốt,ho có đờm,đau ngực,khó thở,,,,
Thiếu máu,khó thở,chóng mặt,đau đầu,da xanh xao,mệt mỏi,,,
Viêm thanh quản mạn,đau ngực,sốt,thở khò khè,ho có đờm,khó thở,ho,,
Viêm ruột thừa mạn,mệt mỏi,táo bón,đi ngoài ra máu,kéo dài,,,,
U lành tính âm đạo,rối loạn kinh nguyệt,đau bụng dưới,,,,,,
Viêm họng cấp,đau dữ dội,đau họng,đau tai,ho,sốt,nghẹt mũi,,
Viêm niệu quản mạn,tiểu buốt,tiểu ra máu,tiểu nhiều lần,đau lưng,kéo dài,,,
Hen suyễn,đau ngực,khó thở,thở khò khè,,,,,
Viêm họng mạn,kéo dài,sốt,nghẹt mũi,mệt mỏi,đau tai,ho,,
Viêm amidan mạn,đau tai,ho,mệt mỏi,khàn tiếng,đau họng,,,
Nhiễm trùng bàng quang,tiểu rắt,ớn lạnh,đau lưng,tiểu buốt,tiểu ra máu,,,
Tăng huyết áp,hồi hộp,đau đầu,chóng mặt,ù tai,,,,
Viêm trung thất cấp,khó thở,thở khò khè,đau ngực,sốt,ho,,,
U lành tính âm đạo,rối loạn kinh nguyệt,đau khi quan hệ,ra khí hư,,,,,
Viêm tiểu phế quản,khó thở,ho có đờm,đau ngực,ho,sốt,,,
Viêm tiểu phế quản mạn,ho có đờm,ho,đau ngực,,,,,
Viêm màng phổi cấp,sốt,ho,thở khò khè,ho có đờm,đau ngực,,,
Viêm võng mạc,đau mắt,chảy nước mắt,cộm mắt,,,,,
Viêm amidan mạn,ho,mệt mỏi,kéo dài,đau họng,đau tai,nghẹt mũi,,
Viêm đại tràng,sốt,tiêu chảy,đầy hơi,táo bón,,,,
Ung thư phế quản,đau ngực,đau tai,ho có đờm,khó thở,sụt cân,mệt mỏi,thở khò khè,
Viêm tụy mạn,đau hạ sườn phải,buồn nôn,vàng da,mệt mỏi,,,,
Viêm màng phổi mạn,ho có đờm,thở khò khè,khó thở,mệt mỏi,đau ngực,,,
Ung thư da,phát ban,mụn nước,mệt mỏi,,,,,
Nhiễm trùng nang lông,đau khi nhai,bong tróc da,phát ban,ớn lạnh,,,,
Viêm động mạch chủ mạn,đau ngực,sốt,mệt mỏi,kéo dài,phù chân,,,
Polyp đại tràng,đi ngoài ra máu,đau bụng,táo bón,tiêu chảy,đầy hơi,,,
Áp xe màng phổi,ho có đờm,ho,thở khò khè,sốt,,,,
Trầm cảm,mất ngủ,buồn bã kéo dài,chán ăn,mệt mỏi,mất hứng thú,khó tập trung,,
Ung thư màng phổi,đau ngực,ho có đờm,khó thở,chán ăn,sụt cân,,,
Viêm cơ tim,phù chân,khó thở,,,,,,
Viêm cơ tim cấp,mệt mỏi,đau dữ dội,,,,,,
Ung thư xoang,khàn tiếng,chán ăn,sụt cân,nghẹt mũi,,,,
Viêm động mạch chủ,mệt mỏi,sốt,phù chân,hồi hộp,,,,
Ung thư cổ tử cung,đau khi quan hệ,đau bụng dưới,sụt cân,,,,,
Viêm trung thất,khó thở,lơ mơ,đau ngực,thở khò khè,,,,
Suy tim,khó thở,đau ngực,mệt mỏi,phù chân,ho,hồi hộp,,
Viêm tá tràng mạn,đau thượng vị,đầy hơi,buồn nôn,chán ăn,sốt,ợ chua,,
Polyp ruột thừa,mắt đỏ,đầy hơi,đi ngoài ra máu,táo bón,đau bụng,,,
Sỏi bàng quang,tiểu nhiều lần,đau quặn thận,tiểu ra máu,đau lưng,,,,
Ung thư da,mụn nước,sụt cân,phát ban,chán ăn,bong tróc da,da đỏ,,
Viêm bể thận,tiểu rắt,đau lưng,,,,,,
Viêm màng não cấp,chóng mặt,tê tay chân,co giật,,,,,
Viêm lách mạn,vàng da,sốt,mệt mỏi,buồn nôn,đau hạ sườn phải,kéo dài,,
Thoái hóa khớp háng,hạn chế vận động,cứng khớp,,,,,,
Viêm mống mắt mạn,mệt mỏi,sốt,chảy nước mắt,mắt đỏ,đau mắt,,,
Hẹp động mạch chủ,mệt mỏi,hồi hộp,đau ngực,,,,,
Viêm trung thất mạn,khó thở,ho có đờm,mệt mỏi,sốt,đau ngực,,,
Thoái hóa sụn khớp,sưng khớp,đau khớp,cứng khớp,đau xương,,,,
Nhiễm trùng cổ tử cung,ra khí hư,rối loạn kinh nguyệt,đau khi quan hệ,sốt,ớn lạnh,,,
Viêm màng não,buồn nôn,lơ mơ,sốt cao,đau đầu dữ dội,cứng cổ,,,
Viêm ruột non,táo bón,đau bụng,đầy hơi,sốt,tiêu chảy,,,
Loét tâm vị,đau thượng vị,nhạy cảm ánh sáng,đầy hơi,,,,,
Viêm buồng trứng cấp,ra khí hư,sốt,đau khi quan hệ,,,,,
Ung thư thận,tiểu buốt,đau lưng,sụt cân,chán ăn,mệt mỏi,,,
Viêm phổi mạn,sốt,ho có đờm,thở khò khè,kéo dài,khó thở,,,
Viêm đường mật,buồn nôn,chán ăn,vàng da,,,,,
Viêm da mạn,ngứa,phát ban,mụn nước,,,,,
Ung thư dạ dày,chán ăn,đau thượng vị,sụt cân,đầy hơi,buồn nôn,,,
Viêm phế quản mạn,kéo dài,đau ngực,thở khò khè,ho có đờm,mệt mỏi,ho,,
Viêm manh tràng mạn,sốt,đầy hơi,táo bón,tiêu chảy,đau bụng,,,
Viêm bờ mi cấp,cộm mắt,chảy nước mắt,mắt đỏ,sốt,,,,
Viêm dây thanh cấp,khàn tiếng,đau họng,đau tai,,,,,
Viêm ruột non cấp,táo bón,đau bụng,tiêu chảy,đau dữ dội,sốt,,,
Viêm vòi trứng mạn,rối loạn kinh nguyệt,mệt mỏi,kéo dài,ra khí hư,đau khi quan hệ,đau bụng dưới,,
Nhiễm trùng móng,mụn nước,da đỏ,ớn lạnh,phát ban,,,,
Ung thư tá tràng,ợ chua,chán ăn,sụt cân,buồn nôn,mệt mỏi,tiểu nhiều,đau thượng vị,đầy hơi
U lành tính tuyến tiền liệt,ra khí hư,đau bụng dưới,,,,,,
Loét tá tràng,đầy hơi,đau thượng vị,chán ăn,nôn ra máu,ợ chua,đau,,
Viêm hậu môn cấp,đau bụng,tiêu chảy,đầy hơi,đau dữ dội,,,,
Lao cột sống,sưng khớp,sụt cân,cứng khớp,buồn nôn,hạn chế vận động,đau xương,,
Polyp trực tràng,tiêu chảy,đầy hơi,táo bón,,,,,
Viêm tai ngoài,đau tai,nghẹt mũi,sốt,khàn tiếng,đau họng,,,
Viêm tai giữa mạn,mệt mỏi,nghẹt mũi,đau tai,,,,,
Polyp thực quản,buồn nôn,chán ăn,ợ chua,,,,,
Phình cơ tim,khó thở,đau ngực,,,,,,
Thủy đậu,chán ăn,phát ban,mệt mỏi,mụn nước,ngứa,,,
Ung thư cổ tử cung,sụt cân,đau khi quan hệ,đau bụng dưới,chán ăn,rối loạn kinh nguyệt,,,
Viêm vòi trứng,đau bụng dưới,ra khí hư,,,,,,
Viêm nang lông cấp,bong tróc da,da đỏ,đau dữ dội,ngứa,,,,
Viêm mào tinh hoàn mạn,đau bụng dưới,rối loạn kinh nguyệt,kéo dài,ra khí hư,,,,
Viêm khớp gối mạn,đau xương,cứng khớp,sưng khớp,đau khớp,kéo dài,,,
Viêm amidan,sưng amidan,đau họng,sưng hạch,hôi miệng,,,,
Viêm màng phổi cấp,đau dữ dội,thở khò khè,ho có đờm,đau ngực,ho,,,
Thoái hóa khớp vai,sưng khớp,đau khớp,hạn chế vận động,,,,,
Ung thư tinh hoàn,ra khí hư,chán ăn,mệt mỏi,rối loạn kinh nguyệt,đau bụng dưới,sụt cân,,
U lành tính gan,chán ăn,buồn nôn,,,,,,
Viêm van tim cấp,sốt,phù chân,khó thở,đau ngực,,,,
Viêm đại tràng,đầy hơi,tiêu chảy,sốt,táo bón,,,,
Ung thư ruột non,đầy hơi,đau bụng,sụt cân,táo bón,chán ăn,mệt mỏi,,
Thoái hóa gân gót,đau khớp,sưng khớp,cứng khớp,hạn chế vận động,,,,
Viêm cổ tử cung cấp,đau khi quan hệ,đau bụng dưới,đau dữ dội,,,,,
Ung thư họng,đau họng,khàn tiếng,sụt cân,nghẹt mũi,chán ăn,mệt mỏi,,
Polyp thực quản,đi ngoài ra máu,đầy hơi,buồn nôn,đau thượng vị,chán ăn,,,
Viêm màng phổi cấp,khó thở,ho có đờm,thở khò khè,đau ngực,đau dữ dội,,,
Ung thư màng não,chán ăn,đau đầu,yếu liệt tay chân,mệt mỏi,tê tay chân,sụt cân,,
Viêm màng phổi cấp,đau ngực,ho,khó thở,,,,,
U lành tính tai ngoài,đau tai,đau họng,khàn tiếng,nghẹt mũi,ho,,,
Zona thần kinh,đau rát da,tiêu chảy,phát ban,mụn nước,sốt nhẹ,,,
U lành tính mào tinh hoàn,đau bụng dưới,,,,,,,
Nhiễm trùng vòi trứng,rối loạn kinh nguyệt,đau bụng dưới,đau khi quan hệ,ớn lạnh,ra khí hư,,,
Ung thư bể thận,đau lưng,lồi mắt,tiểu buốt,sụt cân,tiểu rắt,chán ăn,tiểu nhiều lần,
Viêm màng não cấp,yếu liệt tay chân,đau đầu,co giật,sốt,chóng mặt,tê tay chân,,
Polyp đại tràng,đau bụng,đi ngoài ra máu,táo bón,đầy hơi,,,,
Nhiễm trùng nang lông,ngứa,phát ban,da đỏ,bong tróc da,mụn nước,,,
Viêm họng,sưng hạch,khó nuốt,đau họng,ho,,,,
Viêm hồi tràng,tiêu chảy,sốt,,,,,,
U lành tính mống mắt,mờ mắt,chảy nước mắt,đau mắt,,,,,
U lành tính tụy,buồn nôn,chán ăn,vàng da,,,,,
Viêm võng mạc mạn,mắt đỏ,cộm mắt,,,,,,
U lành tính amidan,khàn tiếng,nghẹt mũi,đau tai,đau họng,,,,
Viêm khí quản mạn,thở khò khè,khó thở,ho có đờm,kéo dài,đau ngực,,,
Ung thư đường mật,vàng da,mệt mỏi,đau hạ sườn phải,sụt cân,chán ăn,,,
Nhiễm trùng trực tràng,táo bón,đầy hơi,sốt,ớn lạnh,đi ngoài ra máu,,,
Đau nửa đầu,buồn nôn,đau đầu,chóng mặt,,,,,
Nhiễm trùng móng,phát ban,mụn nước,,,,,,
Ung thư âm đạo,sụt cân,đau khi quan hệ,ra khí hư,mệt mỏi,đau lan cánh tay,rối loạn kinh nguyệt,,
Ung thư màng não,chóng mặt,đau đầu,yếu liệt tay chân,sụt cân,tê tay chân,,,
Sốt xuất huyết,đau quặn thận,buồn nôn,đau sau hốc mắt,phát ban,,,,
Viêm ruột non cấp,đi ngoài ra máu,đau bụng,đau dữ dội,tiêu chảy,sốt,,,
Áp xe tiểu phế quản,đau,khó thở,ho,sốt,,,,
Viêm dạ dày cấp,buồn nôn,đầy hơi,mệt mỏi,chán ăn,ợ chua,,,
Viêm gan,buồn nôn,chán ăn,nước tiểu sẫm màu,vàng da,đau hạ sườn phải,,,
Viêm tuyến bã cấp,bong tróc da,phát ban,mụn nước,sốt,ngứa,đau dữ dội,,
Ung thư vòm họng,sụt cân,khàn tiếng,chán ăn,đau tai,ho,mệt mỏi,nghẹt mũi,đau họng
Viêm vòi trứng,đau bụng dưới,ra khí hư,rối loạn kinh nguyệt,,,,,
Ung thư lách,sụt cân,đau hạ sườn phải,chán ăn,vàng da,,,,
Viêm tai giữa,đau tai,sốt,giảm thính lực,chảy mủ tai,,,,
Viêm manh tràng,tiêu chảy,táo bón,đi ngoài ra máu,đầy hơi,,,,
Viêm khớp vai mạn,mệt mỏi,hạn chế vận động,sốt,đau khớp,,,,
Viêm cột sống cổ mạn,cứng khớp,sưng khớp,sốt,mệt mỏi,kéo dài,,,
Ung thư tinh hoàn,sụt cân,mệt mỏi,chán ăn,rối loạn kinh nguyệt,đau bụng dưới,,,
Viêm khớp vai mạn,mệt mỏi,đau xương,hạn chế vận động,sưng khớp,đau khớp,cứng khớp,sốt,kéo dài
Phình nội tâm mạc,mệt mỏi,hồi hộp,khó thở,,,,,
U lành tính xoang,đau họng,khàn tiếng,đau tai,,,,,
Cảm cúm,mệt mỏi,sốt cao,đau nhức cơ,,,,,
Ung thư vòi trứng,đau khi quan hệ,sụt cân,ra khí hư,,,,,
Viêm đường mật cấp,đau hạ sườn phải,chán ăn,sốt,vàng da,mệt mỏi,,,
Viêm kết mạc,ngứa mắt,mắt đỏ,cộm mắt,,,,,
Áp xe tụy,buồn nôn,chán ăn,vàng da,sốt,đau hạ sườn phải,,,
Viêm khớp háng,đau xương,,,,,,,
Viêm niệu quản cấp,tiểu nhiều lần,tiểu buốt,sốt,đau dữ dội,đau lưng,tiểu ra máu,,
Áp xe thanh quản,ho có đờm,đau,đau ngực,thở khò khè,ho,sốt,,
U lành tính lách,mệt mỏi,vàng da,,,,,,
Ung thư mào tinh hoàn,rối loạn kinh nguyệt,đau khi quan hệ,chán ăn,đau bụng dưới,ra khí hư,sụt cân,,
Áp xe tụy,mệt mỏi,đau,vàng da,sốt,chán ăn,sưng,,
Viêm tai ngoài mạn,đau tai,đau họng,ho,kéo dài,sốt,,,
Viêm cổ tử cung mạn,đau bụng dưới,sốt,mệt mỏi,đau khi quan hệ,rối loạn kinh nguyệt,ra khí hư,,
Ung thư trung thất,ho có đờm,đau ngực,mệt mỏi,chán ăn,ho,sụt cân,,
Sốt rét,mệt mỏi,đổ mồ hôi,ớn lạnh,sốt cao,,,,
U lành tính móng,mụn nước,phát ban,bong tróc da,da đỏ,,,,
Viêm mống mắt mạn,đau mắt,sốt,kéo dài,mờ mắt,chảy nước mắt,cộm mắt,,
Viêm mống mắt,mờ mắt,sốt,đau mắt,,,,,
Viêm màng phổi,khó thở,đau ngực,thở khò khè,sốt,,,,
Sởi,sổ mũi,sốt cao,ho,chảy nước mắt,phát ban,,,
Nhiễm trùng cổ tử cung,ớn lạnh,rối loạn kinh nguyệt,đau khi quan hệ,,,,,
Viêm khí quản cấp,đau ngực,khó thở,thở khò khè,đau dữ dội,ho,,,
Áp xe lách,sưng,buồn nôn,ho,sốt,đau,mệt mỏi,vàng da,
Ung thư vòm họng,đau họng,ho,khàn tiếng,mệt mỏi,sụt cân,đau tai,,
Trĩ,ngứa hậu môn,sa búi trĩ,đi ngoài ra máu,đau hậu môn,,,,
Sỏi bàng quang,tiểu ra máu,đau lưng,tiểu nhiều lần,đau quặn thận,,,,
Thoái hóa sụn khớp,đau xương,cứng khớp,sưng khớp,hạn chế vận động,đau khớp,,,
Viêm gan,đau hạ sườn phải,vàng da,buồn nôn,chán ăn,,,,
Nhiễm trùng đại tràng,táo bón,sốt,đi ngoài ra máu,ớn lạnh,đau bụng,,,
Viêm cột sống mạn,sưng khớp,hạn chế vận động,đau xương,cứng khớp,mệt mỏi,,,
U lành tính âm đạo,đau khi quan hệ,ra khí hư,đau bụng dưới,,,,,
Viêm khí quản cấp,thở khò khè,khó thở,ho có đờm,đau dữ dội,,,,
Viêm khớp vai cấp,hạn chế vận động,đau xương,sưng khớp,cứng khớp,,,,
Tay chân miệng,phát ban,loét miệng,sốt,,,,,
Viêm da,đau quặn thận,phát ban,bong tróc da,,,,,
Lao bao hoạt dịch,sụt cân,cứng khớp,đau khớp,sưng khớp,hạn chế vận động,,,
Dị ứng,ngứa,nghẹt mũi,chảy nước mắt,hắt hơi,,,,
Viêm tử cung,ra khí hư,đau bụng dưới,rối loạn kinh nguyệt,đau khi quan hệ,,,,
Lao khớp gối,sưng khớp,đau khớp,sốt nhẹ,đau xương,hạn chế vận động,sụt cân,,
Áp xe đường mật,mệt mỏi,sưng,sốt,buồn nôn,đau hạ sườn phải,,,
U lành tính màng não,co giật,chóng mặt,đau đầu,,,,,
Viêm móng cấp,da đỏ,đau dữ dội,sốt,bong tróc da,phát ban,ngứa,,
Nhiễm trùng móng,da đỏ,ngứa,phát ban,mụn nước,,,,
Viêm bờ mi cấp,chảy nước mắt,mắt đỏ,cộm mắt,,,,,
U lành tính gan,buồn nôn,vàng da,mệt mỏi,,,,,
Viêm gân gót,đau khớp,hạn chế vận động,cứng khớp,sốt,sưng khớp,,,
Viêm tuyến bã cấp,ngứa,phát ban,mụn nước,bong tróc da,,,,
Áp xe trung thất,đau,ho có đờm,sưng,đau ngực,sốt,ho,,
Viêm amidan,đau họng,khó nuốt,sưng amidan,sưng hạch,,,,
Viêm phế quản,khó thở,ho có đờm,,,,,,
Viêm trực tràng mạn,táo bón,đau bụng,mệt mỏi,đầy hơi,kéo dài,,,
Viêm gan mạn,đau hạ sườn phải,chán ăn,buồn nôn,mệt mỏi,,,,
Viêm khớp vai,sốt,sưng khớp,hạn chế vận động,cứng khớp,,,,
Mề đay,ngứa,nổi mẩn,,,,,,
Ung thư da,sụt cân,mệt mỏi,phát ban,chán ăn,mụn nước,,,
Viêm buồng trứng mạn,rối loạn kinh nguyệt,mệt mỏi,đau bụng dưới,sốt,ra khí hư,đau khi quan hệ,,
Phình cơ tim,mệt mỏi,khó thở,phù chân,,,,,
Viêm tụy cấp,mệt mỏi,buồn nôn,đau dữ dội,đau hạ sườn phải,chán ăn,vàng da,,
Dị ứng,chảy nước mắt,phát ban,hắt hơi,nghẹt mũi,ngứa,,,
Ung thư cổ tử cung,đau khi quan hệ,đau bụng dưới,sụt cân,chán ăn,rối loạn kinh nguyệt,,,
Viêm niệu đạo,đau lưng,tiểu buốt,sốt,,,,,
Ung thư tụy,đau hạ sườn phải,sụt cân,mệt mỏi,,,,,
Hẹp cơ tim,phù chân,mệt mỏi,,,,,,
Viêm âm đạo mạn,mệt mỏi,sốt,buồn nôn,đau khi quan hệ,đau bụng dưới,,,
Viêm gân gót,sốt,sưng khớp,cứng khớp,đau xương,,,,
Viêm tá tràng mạn,đau thượng vị,mệt mỏi,chán ăn,ợ chua,đầy hơi,,,
Viêm bể thận mạn,kéo dài,tiểu rắt,tiểu nhiều lần,sốt,đau lưng,,,
Ung thư thực quản,buồn nôn,ợ chua,sụt cân,,,,,
Viêm cột sống cổ,đau khớp,đau xương,sốt,hạn chế vận động,,,,
Áp xe gan,sốt,chán ăn,đau hạ sườn phải,,,,,
Viêm đại tràng,đi ngoài ra máu,đầy hơi,sốt,táo bón,,,,
Viêm tuyến bã mạn,bong tróc da,mệt mỏi,phát ban,kéo dài,,,,
Ung thư trực tràng,sụt cân,chán ăn,tiêu chảy,táo bón,mệt mỏi,đầy hơi,,
Zona thần kinh,đau rát da,phát ban,sốt nhẹ,mụn nước,,,,
Trĩ,đau hậu môn,đi ngoài ra máu,sa búi trĩ,,,,,
Viêm dây thần kinh,đau đầu,tê tay chân,co giật,yếu liệt tay chân,,,,
Viêm ruột non,sốt,đau bụng,tiêu chảy,đi ngoài ra máu,táo bón,,,
Viêm tai ngoài cấp,ho,đau dữ dội,đau họng,khàn tiếng,sốt,đau tai,,
Dị ứng,phát ban,ngứa,hắt hơi,,,,,
Viêm ruột thừa,đau bụng,buồn nôn,chán ăn,,,,,
Viêm khớp háng mạn,đau khớp,tăng cân,mệt mỏi,hạn chế vận động,đau xương,sưng khớp,,
Lao khớp gối,đau khớp,đổ mồ hôi đêm,cứng khớp,sụt cân,sưng khớp,hạn chế vận động,sốt nhẹ,
U lành tính da,đau đầu,phát ban,ngứa,da đỏ,,,,
Viêm lách,vàng da,sốt,buồn nôn,đau hạ sườn phải,,,,
Viêm nang lông,ngứa,mụn nước,bong tróc da,ghèn mắt,phát ban,,,
Viêm hậu môn,đi ngoài ra máu,sốt,đau bụng,tiêu chảy,kéo dài,,,
Áp xe tụy,buồn nôn,đau hạ sườn phải,mệt mỏi,chán ăn,sốt,,,
Viêm khớp gối,sưng khớp,sốt,cứng khớp,,,,,
Viêm sụn khớp mạn,đau khớp,cứng khớp,mệt mỏi,,,,,
Ung thư phổi,chán ăn,đau ngực,sụt cân,thở khò khè,ho có đờm,ho,,
Ung thư tiểu phế quản,đau ngực,mệt mỏi,ho,sụt cân,khó thở,,,
Viêm vòm họng cấp,đau họng,nghẹt mũi,đau tai,khàn tiếng,,,,
Lao cột sống cổ,hạn chế vận động,đổ mồ hôi đêm,đau khớp,sụt cân,,,,
Tăng huyết áp,mờ mắt,chóng mặt,đau đầu,,,,,
Ung thư tử cung,ra khí hư,chán ăn,đau bụng dưới,đau khi quan hệ,sụt cân,,,
Viêm bể thận cấp,đau dữ dội,tiểu buốt,sốt,đau lưng,,,,
Viêm phổi,sốt cao,đau ngực,ho có đờm,khó thở,,,,
Viêm trung thất cấp,thở khò khè,khó thở,lơ mơ,đau ngực,ho có đờm,đau dữ dội,sốt,
Viêm màng phổi,sốt,đau ngực,thở khò khè,ho,khó thở,,,
U lành tính mào tinh hoàn,đau bụng dưới,ra khí hư,,,,,,
Viêm van tim,đau ngực,phù chân,mệt mỏi,,,,,
U lành tính tinh hoàn,rối loạn kinh nguyệt,đau bụng dưới,ra khí hư,đau khi quan hệ,,,,
Viêm bao hoạt dịch mạn,đau xương,cứng khớp,hạn chế vận động,mệt mỏi,đau khớp,,,
U lành tính vòm họng,khàn tiếng,đau họng,ho,nghẹt mũi,,,,
Viêm niệu quản,tiểu ra máu,tiểu rắt,sưng amidan,tiểu nhiều lần,đau lưng,,,
Viêm đường mật mạn,da khô,đau hạ sườn phải,vàng da,,,,,
Nhiễm trùng cổ tử cung,ớn lạnh,rối loạn kinh nguyệt,đau khi quan hệ,sốt,,,,
Ung thư màng phổi,thở khò khè,đau ngực,sụt cân,khó thở,chán ăn,ho,,
Viêm màng não mạn,sốt,đau đầu,co giật,tê tay chân,kéo dài,yếu liệt tay chân,,
Viêm lách,đau hạ sườn phải,sốt,buồn nôn,mệt mỏi,vàng da,,,
Viêm dây thanh,đau họng,khàn tiếng,ho,nghẹt mũi,,,,
Suy tim,mệt mỏi,đau ngực,khó thở,hồi hộp,phù chân,,,
Nhồi máu cơ tim,hồi hộp,đổ mồ hôi lạnh,khó thở,đau ngực,,,,
Viêm gan mạn,vàng da,chán ăn,buồn nôn,đau hạ sườn phải,ợ nóng,,,
Nhiễm trùng hồi tràng,đầy hơi,táo bón,ớn lạnh,,,,,
Viêm buồng trứng,đau bụng dưới,đau khi quan hệ,,,,,,
COVID-19,ho khan,khó thở,mệt mỏi,sốt,mất khứu giác,,,
Viêm cột sống mạn,cứng khớp,đau xương,hạn chế vận động,đau khớp,,,,
Loét dạ dày,chán ăn,đau thượng vị,ợ chua,,,,,
Viêm hậu môn cấp,đầy hơi,tiêu chảy,đau bụng,đi ngoài ra máu,đau dữ dội,sốt,,
Viêm họng mạn,đau họng,sốt,đau tai,khàn tiếng,,,,
Lao khớp gối,đau xương,đổ mồ hôi đêm,sưng khớp,sốt nhẹ,sụt cân,hạn chế vận động,,
Viêm màng não,đau đầu dữ dội,cứng cổ,sốt cao,đau dữ dội về đêm,,,,
Lao cột sống,đau khớp,hạn chế vận động,đau xương,sưng khớp,đổ mồ hôi đêm,sụt cân,,
U lành tính móng,da đỏ,ngứa,phát ban,mụn nước,,,,
Phình nội tâm mạc,khó thở,phù chân,yếu liệt tay chân,mệt mỏi,đau ngực,hồi hộp,,
U lành tính kết mạc,chảy nước mắt,mờ mắt,đau mắt,,,,,
Viêm mào tinh hoàn mạn,đau bụng dưới,mệt mỏi,ra khí hư,rối loạn kinh nguyệt,sốt,,,
U lành tính gan,vàng da,chán ăn,sụt cân,buồn nôn,,,,
Viêm màng não,đau đầu dữ dội,cứng cổ,sốt cao,nhạy cảm ánh sáng,,,,
Viêm hồi tràng mạn,tiêu chảy,táo bón,mệt mỏi,đau bụng,đầy hơi,sốt,kéo dài,
Rối loạn lo âu,hồi hộp,chóng mặt,khó thở,lo lắng quá mức,,,,
U lành tính tai ngoài,đau tai,khàn tiếng,đau họng,nghẹt mũi,,,,
U lành tính móng,ngứa,bong tróc da,da đỏ,,,,,
Viêm dạ dày,chán ăn,đau thượng vị,ợ chua,,,,,
Viêm lách mạn,kéo dài,vàng da,đau hạ sườn phải,mệt mỏi,,,,
Viêm tá tràng cấp,ợ chua,đầy hơi,chán ăn,buồn nôn,,,,
Ung thư gan,sụt cân,buồn nôn,mệt mỏi,đau hạ sườn phải,,,,
Hen suyễn,khó thở,thở khò khè,đau ngực,,,,,
Viêm gân gót,sưng khớp,cứng khớp,đau khớp,hạn chế vận động,đau xương,,,
Viêm khớp vai mạn,sốt,cứng khớp,kéo dài,đau khớp,hạn chế vận động,,,
Ung thư ruột thừa,chán ăn,mệt mỏi,đau bụng,táo bón,tiêu chảy,đi ngoài ra máu,sụt cân,
Viêm tuyến bã cấp,sốt,da đỏ,phát ban,ngứa,mụn nước,,,
Nhiễm trùng tử cung,ra khí hư,đau bụng dưới,đau khi quan hệ,,,,,
Sỏi bàng quang,tiểu buốt,tiểu ra máu,đau lưng,tiểu nhiều lần,,,,
Viêm thanh quản,ho,ho có đờm,đau ngực,thở khò khè,sốt,,,
Sốt rét,đổ mồ hôi,sốt cao,ớn lạnh,đau đầu,mệt mỏi,buồn nôn,,
Nhiễm trùng buồng trứng,rối loạn kinh nguyệt,đau bụng dưới,ngứa hậu môn,ớn lạnh,ra khí hư,,,
Sởi,ho,sốt cao,đau hố chậu phải,chảy nước mắt,phát ban,,,
Nhiễm trùng nang lông,bong tróc da,sốt,ớn lạnh,phát ban,,,,
Viêm thanh quản mạn,sốt,kéo dài,khó thở,ho,đau ngực,,,
Ung thư tuyến tiền liệt,sụt cân,ra khí hư,mệt mỏi,đau khi quan hệ,sưng môi,chán ăn,,
Táo bón,đi ngoài khó,đau bụng,phân cứng,,,,,
U lành tính buồng trứng,đau khi quan hệ,ra khí hư,rối loạn kinh nguyệt,,,,,
Viêm nội tâm mạc cấp,phù chân,mệt mỏi,,,,,,
Loét thực quản,ợ chua,đau thượng vị,chán ăn,đầy hơi,đau,nôn ra máu,,
Áp xe đường mật,đau hạ sườn phải,buồn nôn,sưng,mệt mỏi,sốt,chán ăn,vàng da,
Viêm dây thanh,ho,khàn tiếng,đau họng,nghẹt mũi,,,,
Viêm tuyến lệ mạn,cộm mắt,mệt mỏi,mắt đỏ,mờ mắt,,,,
Viêm tuyến tiền liệt mạn,ra khí hư,đau bụng dưới,kéo dài,sốt,rối loạn kinh nguyệt,,,
Viêm võng mạc,chảy nước mắt,mắt đỏ,đau mắt,,,,,
Viêm kết mạc mạn,mắt đỏ,đau mắt,bầm tím,,,,,
Viêm manh tràng,sốt,tiêu chảy,đầy hơi,,,,,
Viêm xoang,nghẹt mũi,sổ mũi,đau mặt,nóng khớp,,,,
U lành tính móng,nhạy cảm ánh sáng,da đỏ,mụn nước,,,,,
Viêm hậu môn,táo bón,đi ngoài ra máu,đau bụng,,,,,
Viêm tiểu phế quản,ho có đờm,ho,thở khò khè,đau ngực,khó thở,,,
Viêm cột sống cổ mạn,sưng khớp,đau xương,hạn chế vận động,cứng khớp,mệt mỏi,đau khớp,kéo dài,sốt
Viêm gan,mệt mỏi,buồn nôn,chán ăn,vàng da,,,,
Lao khớp vai,hạn chế vận động,đau xương,sụt cân,sốt nhẹ,cứng khớp,,,
Viêm khớp háng,đau xương,cứng khớp,hạn chế vận động,sốt,đau khớp,sưng khớp,,
Viêm giác mạc mạn,mắt đỏ,đau mắt,chảy nước mắt,mệt mỏi,cộm mắt,mờ mắt,,
U lành tính dây thanh,khàn tiếng,nghẹt mũi,ho,đau họng,,,,
Viêm tuyến lệ cấp,đau dữ dội,mờ mắt,mắt đỏ,đau mắt,chảy nước mắt,,,
Mề đay,ngứa,nổi mẩn,,,,,,
Ung thư bể thận,sụt cân,chán ăn,tiểu rắt,tiểu nhiều lần,,,,
Sỏi bể thận,tiểu nhiều lần,đau lưng,tiểu buốt,tiểu rắt,tiểu ra máu,,,
Viêm cơ tim mạn,kéo dài,sốt,hồi hộp,khó thở,,,,
Ung thư âm đạo,đau khi quan hệ,ra khí hư,chán ăn,sụt cân,rối loạn kinh nguyệt,đau nhức cơ,,
Viêm móng,sốt,ngứa,da đỏ,,,,,
Rối loạn lo âu,lo lắng quá mức,hồi hộp,khó thở,mất ngủ,,,,
Nhiễm trùng đại tràng,ớn lạnh,tiêu chảy,đầy hơi,táo bón,đi ngoài ra máu,đau bụng,,
Viêm khớp vai mạn,hạn chế vận động,sưng khớp,cứng khớp,mệt mỏi,kéo dài,,,
Viêm dây thanh mạn,khàn tiếng,nghẹt mũi,kéo dài,,,,,
Nhiễm trùng cổ tử cung,đau bụng dưới,sốt,rối loạn kinh nguyệt,,,,,
Polyp manh tràng,đi ngoài ra máu,tiêu chảy,đau bụng,táo bón,,,,
Sỏi mật,sốt,đau hạ sườn phải,buồn nôn,,,,,
Ung thư tinh hoàn,ra khí hư,sụt cân,đau bụng dưới,,,,,
Ung thư hồi tràng,đau bụng,táo bón,mệt mỏi,chán ăn,sụt cân,đầy hơi,đi ngoài ra máu,
Áp xe lách,vàng da,sưng,buồn nôn,đau hạ sườn phải,mệt mỏi,sốt,,
Ung thư dây thần kinh,đau đầu,chán ăn,sụt cân,chóng mặt,tê tay chân,,,
Viêm tinh hoàn cấp,rối loạn kinh nguyệt,đau dữ dội,ra khí hư,đau khi quan hệ,đau bụng dưới,,,
Viêm sụn khớp cấp,hạn chế vận động,cứng khớp,sưng khớp,,,,,
Dị ứng,hắt hơi,,,,,,,
Viêm dạ dày mạn,sốt,đau thượng vị,chán ăn,ợ chua,mệt mỏi,kéo dài,,
Ung thư thực quản,sụt cân,chán ăn,đầy hơi,buồn nôn,ợ chua,mệt mỏi,,
U lành tính túi mật,đau hạ sườn phải,mệt mỏi,vàng da,buồn nôn,chán ăn,,,
Viêm tuyến tiền liệt cấp,nôn ra máu,đau khi quan hệ,đau dữ dội,ra khí hư,đau bụng dưới,,,
Mề đay,nổi mẩn,phát ban,ngứa,,,,,
Viêm tuyến lệ,chảy nước mắt,mắt đỏ,đau mắt,,,,,
Viêm amidan mạn,đau tai,sốt,khàn tiếng,nghẹt mũi,mệt mỏi,,,
Sỏi niệu đạo,đau quặn thận,tiểu rắt,tiểu nhiều lần,tiểu ra máu,cộm mắt,đau lưng,,
Viêm tinh hoàn cấp,đau bụng dưới,rối loạn kinh nguyệt,đau dữ dội,,,,,
Viêm dây thần kinh,sốt,tê tay chân,đau đầu,yếu liệt tay chân,co giật,,,
Nhiễm trùng trực tràng,táo bón,sốt,đau bụng,đầy hơi,chậm chạp,,,
Polyp trực tràng,táo bón,đau bụng,đầy hơi,đi ngoài ra máu,,,,
Viêm dạ dày mạn,chán ăn,ợ chua,đau thượng vị,,,,,
Viêm tụy mạn,kéo dài,đau hạ sườn phải,vàng da,,,,,
Viêm màng ngoài tim mạn,phù chân,sốt,đau ngực,khó thở,hồi hộp,,,
Viêm tuyến lệ,đau mắt,mờ mắt,,,,,,
Gout,sưng khớp,nóng khớp,đau khớp,đỏ khớp,,,,
Táo bón,đau bụng,phân cứng,chán ăn,,,,,
Áp xe phế quản,đau ngực,ho,thở khò khè,sốt,ho có đờm,khó thở,,
U lành tính lách,buồn nôn,vàng da,mệt mỏi,,,,,
Viêm bờ mi,mắt đỏ,đau mắt,cộm mắt,sốt,mờ mắt,chảy nước mắt,,
Sỏi bể thận,đau lưng,tiểu nhiều lần,đau quặn thận,,,,,
U lành tính đường mật,mệt mỏi,buồn nôn,vàng da,đau hạ sườn phải,,,,
Viêm vòm họng cấp,đau tai,đau họng,đau dữ dội,ho,sốt,nghẹt mũi,,
Thoái hóa khớp gối,cứng khớp,hạn chế vận động,,,,,,
Hẹp cơ tim,mệt mỏi,đau ngực,phù chân,khó thở,,,,
U lành tính tuyến tiền liệt,đau bụng dưới,rối loạn kinh nguyệt,đau khi quan hệ,,,,,
U lành tính mống mắt,đau mắt,chảy nước mắt,cộm mắt,,,,,
Ung thư phổi,ho có đờm,sụt cân,đau ngực,ho,thở khò khè,,,
Viêm tuyến tiền liệt mạn,kéo dài,đau bụng dưới,rối loạn kinh nguyệt,ra khí hư,,,,
Động kinh,đau đầu,co giật,nói khó,mất ý thức,,,,
Viêm nang lông mạn,phát ban,da đỏ,mụn nước,kéo dài,ngứa,mệt mỏi,,
Viêm thận,đau lưng,sốt,tiểu rắt,tiểu nhiều lần,tiểu buốt,,,
Áp xe phế quản,sốt,sưng,ho có đờm,thở khò khè,khó thở,ho,đau,
Ung thư họng,sụt cân,khàn tiếng,đau họng,ho,đau tai,mệt mỏi,,
Viêm màng phổi,ho có đờm,ho,đau ngực,khó thở,thở khò khè,,,
Viêm bàng quang mạn,đau lưng,tiểu buốt,tiểu ra máu,,,,,
Viêm tuyến tiền liệt,rối loạn kinh nguyệt,đau khi quan hệ,đau thượng vị,sốt,đau bụng dưới,,,
Nhiễm trùng manh tràng,đau bụng,ớn lạnh,sốt,tiêu chảy,,,,
Lao khớp gối,hạn chế vận động,đau khớp,đau xương,sưng khớp,sốt nhẹ,,,
U lành tính âm đạo,đau khi quan hệ,đau bụng dưới,rối loạn kinh nguyệt,,,,,
Trầm cảm,mất ngủ,khó tập trung,chán ăn,mệt mỏi,buồn bã kéo dài,,,
Ung thư lách,chán ăn,vàng da,sụt cân,đau hạ sườn phải,,,,
Viêm túi mật,đau hạ sườn phải,mệt mỏi,vàng da,chán ăn,,,,
Rối loạn lo âu,hồi hộp,lo lắng quá mức,khó thở,,,,,
Viêm tá tràng cấp,đau dữ dội,sốt,buồn nôn,ợ chua,đầy hơi,chán ăn,,
U lành tính túi mật,buồn nôn,đau hạ sườn phải,vàng da,,,,,
Sốt rét,sốt cao,đổ mồ hôi,buồn nôn,ớn lạnh,,,,
Lao cột sống,sụt cân,sốt nhẹ,hạn chế vận động,sưng khớp,đau khớp,đổ mồ hôi đêm,,
Viêm tai ngoài,khàn tiếng,đau tai,đau họng,,,,,
Nhiễm trùng tinh hoàn,ra khí hư,đau bụng dưới,sốt,đau khi quan hệ,,,,
Viêm manh tràng cấp,táo bón,đau dữ dội,đầy hơi,,,,,
Viêm phế quản,mệt mỏi,đau ngực,khó thở,ho có đờm,sốt nhẹ,,,
Hẹp van tim,mệt mỏi,hồi hộp,phù chân,,,,,
Phình màng ngoài tim,phù chân,mệt mỏi,khó thở,hồi hộp,,,,
Cảm cúm,ớn lạnh,đau họng,đau đầu,mệt mỏi,sốt cao,,,
Viêm trực tràng,tiêu chảy,sốt,đầy hơi,đau bụng,táo bón,,,
Viêm phổi,khó thở,ho có đờm,sốt cao,,,,,
Ung thư tuyến tiền liệt,ra khí hư,đau bụng dưới,sụt cân,đau khi quan hệ,,,,
Hẹp van tim,phù chân,khó thở,mệt mỏi,,,,,
Ung thư âm đạo,sụt cân,đau bụng dưới,ra khí hư,đau khi quan hệ,rối loạn kinh nguyệt,,,
Ung thư vòm họng,sụt cân,chán ăn,đau họng,khàn tiếng,nghẹt mũi,mệt mỏi,đau tai,ho
Viêm van tim mạn,mệt mỏi,kéo dài,đau ngực,,,,,
Viêm bàng quang,tiểu buốt,tiểu rắt,tiểu nhiều lần,đau bụng dưới,nước tiểu đục,,,
Ung thư tâm vị,chán ăn,đau thượng vị,buồn nôn,đầy hơi,sụt cân,,,
Phình nội tâm mạc,mệt mỏi,khó thở,hồi hộp,thở khò khè,,,,
Viêm lách cấp,buồn nôn,chán ăn,vàng da,mệt mỏi,sốt,đau hạ sườn phải,,
Viêm tai giữa,chảy mủ tai,ù tai,đau tai,sốt,,,,
Áp xe màng phổi,thở khò khè,ho,sốt,khó thở,ho có đờm,,,
U lành tính lách,mệt mỏi,vàng da,đau hạ sườn phải,,,,,
Polyp tá tràng,ợ chua,chán ăn,buồn nôn,đau thượng vị,đầy hơi,,,
Hẹp động mạch chủ,đau ngực,khó thở,mệt mỏi,phù chân,,,,
Viêm hậu môn mạn,đau bụng,đi ngoài ra máu,sốt,đầy hơi,,,,
Thủy đậu,chán ăn,mụn nước,ngứa,phát ban,,,,
Viêm tâm vị,sốt,ợ chua,đầy hơi,chán ăn,đau thượng vị,,,
Hẹp màng ngoài tim,hồi hộp,mệt mỏi,khó thở,đau ngực,phù chân,,,
Hẹp nội tâm mạc,đau ngực,khó thở,mệt mỏi,,,,,
Viêm lách mạn,buồn nôn,sốt,vàng da,,,,,
Ung thư phổi,sụt cân,ho,mệt mỏi,đau ngực,khó thở,thở khò khè,,
U lành tính mống mắt,chảy nước mắt,cộm mắt,mờ mắt,mắt đỏ,,,,
Viêm tá tràng mạn,buồn nôn,kéo dài,mệt mỏi,đau thượng vị,đầy hơi,chán ăn,sốt,
Viêm dây thanh mạn,khàn tiếng,nghẹt mũi,,,,,,
Viêm dạ dày,đau thượng vị,ợ chua,,,,,,
U lành tính vòi trứng,ra khí hư,rối loạn kinh nguyệt,,,,,,
Áp xe khí quản,ho có đờm,sốt,sưng,khó thở,,,,
Viêm bờ mi cấp,đau dữ dội,sốt,đau mắt,cộm mắt,chảy nước mắt,mắt đỏ,,
Ung thư âm đạo,mệt mỏi,đau bụng dưới,sụt cân,đau khi quan hệ,,,,
Viêm ruột non cấp,đau bụng,đau dữ dội,tiêu chảy,táo bón,,,,
Nhiễm trùng thận,ớn lạnh,đau lưng,tiểu rắt,tiểu nhiều lần,tiểu buốt,,,
Viêm màng não,buồn nôn,đau đầu dữ dội,sốt cao,cứng cổ,,,,
Viêm hồi tràng cấp,đau dữ dội,tiêu chảy,đi ngoài ra máu,táo bón,,,,
U lành tính tai ngoài,ho,khàn tiếng,đau họng,,,,,
Viêm lách mạn,kéo dài,mệt mỏi,sốt,đau hạ sườn phải,,,,
Ung thư dây thần kinh,chán ăn,co giật,chóng mặt,sụt cân,đau đầu,,,
Viêm động mạch chủ cấp,đau ngực,phù chân,khó thở,,,,,
Viêm mống mắt cấp,sốt,chảy nước mắt,mờ mắt,đau mắt,cộm mắt,,,
Áp xe tiểu phế quản,sốt,đau ngực,ho,đau,thở khò khè,khó thở,,
Thiếu máu,chóng mặt,mệt mỏi,khó thở,hồi hộp,đau đầu,,,
Nhiễm trùng móng,da đỏ,phát ban,mụn nước,ngứa,bong tróc da,,,
Zona thần kinh,mụn nước,đau rát da,ngứa,phát ban,,,,
Viêm bàng quang cấp,đau lưng,đau dữ dội,tiểu nhiều lần,tiểu rắt,tiểu buốt,,,
Polyp tá tràng,ợ chua,đầy hơi,buồn nôn,,,,,
Lao sụn khớp,sụt cân,sưng khớp,đau xương,hạn chế vận động,,,,
Viêm tá tràng,buồn nôn,chán ăn,,,,,,
Ung thư amidan,sụt cân,khàn tiếng,đau tai,chán ăn,ho,nghẹt mũi,mệt mỏi,
Viêm khớp háng,sưng khớp,sốt,đau xương,cứng khớp,,,,
Ung thư dây thanh,mệt mỏi,đau họng,sụt cân,ho,nghẹt mũi,đau tai,,
Viêm cổ tử cung,rối loạn kinh nguyệt,ra khí hư,đau bụng dưới,đau khi quan hệ,,,,
Viêm ruột thừa mạn,mệt mỏi,tiêu chảy,đau bụng,táo bón,đi ngoài ra máu,,,
U lành tính màng não,tê tay chân,yếu liệt tay chân,chóng mặt,co giật,,,,
U lành tính đường mật,mệt mỏi,đau hạ sườn phải,buồn nôn,,,,,
COVID-19,đau nhức cơ,đau họng,mất khứu giác,ho khan,sốt,loét miệng,khó thở,mệt mỏi
U lành tính vòi trứng,rối loạn kinh nguyệt,ra khí hư,đau khi quan hệ,,,,,
Viêm tử cung cấp,sốt,đau bụng dưới,rối loạn kinh nguyệt,,,,,
Viêm cột sống cổ cấp,đau dữ dội,cứng khớp,sưng khớp,hạn chế vận động,sốt,,,
Sỏi bể thận,tiểu ra máu,tiểu rắt,tiểu buốt,tiểu nhiều lần,đau lưng,,,
Viêm tuyến tiền liệt mạn,ra khí hư,rối loạn kinh nguyệt,đau bụng dưới,kéo dài,đau khi quan hệ,,,
Viêm khớp gối,sưng khớp,hạn chế vận động,đau khớp,cứng khớp,,,,
Viêm kết mạc cấp,mờ mắt,cộm mắt,mắt đỏ,chảy nước mắt,,,,
Viêm khớp háng,sốt,sưng khớp,đau xương,,,,,
Viêm họng cấp,sốt,nghẹt mũi,ho,đau dữ dội,,,,
Viêm trung thất cấp,ho có đờm,khó thở,đau dữ dội,thở khò khè,đau ngực,,,
Lao gân gót,đổ mồ hôi đêm,đau khớp,hạn chế vận động,sụt cân,sưng khớp,,,
Viêm gân gót mạn,sốt,hạn chế vận động,kéo dài,đau khớp,,,,
Viêm vòi trứng mạn,mệt mỏi,đau bụng dưới,rối loạn kinh nguyệt,kéo dài,đau khi quan hệ,sốt,ra khí hư,
Nhiễm trùng manh tràng,ớn lạnh,táo bón,đầy hơi,đi ngoài ra máu,đau bụng,tiêu chảy,,
Rối loạn lo âu,khó thở,mất ngủ,lo lắng quá mức,hồi hộp,chóng mặt,,,
Viêm ruột non,sốt,táo bón,đi ngoài ra máu,đau bụng,,,,
Ung thư trực tràng,sụt cân,chán ăn,tiêu chảy,đầy hơi,táo bón,mệt mỏi,,
Viêm phổi,ho có đờm,ớn lạnh,khó thở,sốt cao,,,,
Ung thư tâm vị,đau thượng vị,chán ăn,buồn nôn,đầy hơi,sụt cân,ợ chua,,
Viêm gân gót,đau khớp,sưng khớp,sốt,đau xương,,,,
U lành tính đường mật,vàng da,đau hạ sườn phải,,,,,,
Nhiễm trùng cổ tử cung,đau khi quan hệ,rối loạn kinh nguyệt,ớn lạnh,ra khí hư,,,,
Ung thư khí quản,ho,sụt cân,thở khò khè,mệt mỏi,ho có đờm,đau ngực,,
Nhiễm trùng móng,phát ban,mụn nước,ngứa,da đỏ,,,,
Polyp tâm vị,đau thượng vị,đầy hơi,ợ chua,chán ăn,đi ngoài ra máu,buồn nôn,,
Ung thư tinh hoàn,đau khi quan hệ,rối loạn kinh nguyệt,đau bụng dưới,ra khí hư,mệt mỏi,sụt cân,,
Ung thư tuyến tiền liệt,sụt cân,rối loạn kinh nguyệt,đau khi quan hệ,ra khí hư,đau bụng dưới,mệt mỏi,,
Viêm manh tràng,sốt,đầy hơi,đi ngoài ra máu,,,,,
Viêm tiểu phế quản cấp,khó thở,sốt,đau dữ dội,hồi hộp,thở khò khè,ho,ho có đờm,
Viêm thực quản,sốt,ợ chua,đầy hơi,đau thượng vị,,,,
Trĩ,đau hậu môn,đi ngoài ra máu,sa búi trĩ,,,,,
Ung thư thực quản,sụt cân,đầy hơi,buồn nôn,ợ chua,đau thượng vị,,,
Viêm lách,vàng da,đau hạ sườn phải,sốt,,,,,
Thiếu máu,da xanh xao,hồi hộp,mệt mỏi,chóng mặt,đau đầu,,,
Đột quỵ,méo miệng,yếu liệt tay chân,chóng mặt,đau đầu dữ dội,mờ mắt,mất nước,nói khó,
Ung thư tá tràng,buồn nôn,sụt cân,ợ chua,đầy hơi,đau thượng vị,,,
Viêm hồi tràng cấp,đầy hơi,đau dữ dội,sốt,đi ngoài ra máu,táo bón,tiêu chảy,,
Viêm khớp gối mạn,cứng khớp,đau khớp,đau xương,sốt,hạn chế vận động,,,
Nhiễm trùng trực tràng,tiêu chảy,đầy hơi,ớn lạnh,đau bụng,táo bón,,,
U lành tính gan,chán ăn,đau hạ sườn phải,buồn nôn,vàng da,,,,
Lao khớp vai,sụt cân,hạn chế vận động,cứng khớp,đau khớp,sưng khớp,,,
U lành tính đường mật,buồn nôn,mệt mỏi,,,,,,
Viêm cột sống cổ cấp,sưng khớp,run tay,đau xương,đau dữ dội,hạn chế vận động,,,
Sỏi niệu đạo,tiểu ra máu,tiểu rắt,đau lưng,tiểu buốt,,,,
Viêm amidan mạn,đau tai,sốt,nghẹt mũi,mệt mỏi,kéo dài,khàn tiếng,,
Ung thư nang lông,chán ăn,bong tróc da,da đỏ,sụt cân,,,,
Viêm tai giữa cấp,nghẹt mũi,đau tai,khàn tiếng,đau họng,ho,,,
Viêm tuyến bã mạn,mệt mỏi,da đỏ,bong tróc da,phát ban,mụn nước,,,
Viêm tá tràng mạn,đầy hơi,đau thượng vị,ợ chua,chán ăn,,,,
Suy tim,khó thở,phù chân,ho,mệt mỏi,,,,
Ung thư lách,đau hạ sườn phải,sụt cân,vàng da,mệt mỏi,chán ăn,,,
U lành tính tai ngoài,nghẹt mũi,đau họng,khàn tiếng,,,,,
Phình màng ngoài tim,phù chân,khó thở,mệt mỏi,đau ngực,,,,
Viêm lách cấp,đau hạ sườn phải,sốt,vàng da,mệt mỏi,,,,
Viêm khớp háng,hạn chế vận động,cứng khớp,đau xương,đau khớp,sưng khớp,sốt,,
Ung thư gan,mệt mỏi,vàng da,sụt cân,đau hạ sườn phải,buồn nôn,,,
Ngộ độc thực phẩm,tiêu chảy,buồn nôn,sốt,nôn,đau bụng,,,
Viêm dây thanh,đau họng,ho,nghẹt mũi,đau tai,,,,
Viêm màng phổi,thở khò khè,khó thở,đau ngực,,,,,
Viêm tai ngoài cấp,nghẹt mũi,đau dữ dội,đau tai,đau họng,ho,,,
Viêm đại tràng cấp,đi ngoài ra máu,táo bón,đau dữ dội,sốt,tiêu chảy,,,
Viêm âm đạo cấp,ra khí hư,đau bụng dưới,rối loạn kinh nguyệt,đau dữ dội,đau khi quan hệ,,,
Viêm nang lông,bong tróc da,ngứa,mụn nước,đau tai,,,,
Viêm ruột non mạn,đau bụng,táo bón,kéo dài,đi ngoài ra máu,đầy hơi,,,
Viêm cơ tim mạn,sốt,phù chân,hồi hộp,,,,,
Nhiễm trùng trực tràng,đi ngoài ra máu,đầy hơi,táo bón,,,,,
Viêm tuyến bã cấp,da đỏ,mụn nước,phát ban,sốt,bong tróc da,ngứa,,
Viêm mào tinh hoàn mạn,ra khí hư,đau bụng dưới,rối loạn kinh nguyệt,mệt mỏi,,,,
Thoái hóa bao hoạt dịch,đau khớp,hạn chế vận động,đau sau hốc mắt,đau xương,cứng khớp,,,
Viêm đường mật mạn,đau hạ sườn phải,vàng da,buồn nôn,,,,,
Viêm tâm vị mạn,kéo dài,đầy hơi,ợ chua,mệt mỏi,,,,
Polyp dạ dày,đau thượng vị,buồn nôn,chán ăn,,,,,
Viêm cổ tử cung mạn,đau khi quan hệ,mệt mỏi,ra khí hư,đau bụng dưới,rối loạn kinh nguyệt,,,
Ung thư gan,đau hạ sườn phải,vàng da,nghẹt mũi,mệt mỏi,sụt cân,,,
U lành tính đường mật,chán ăn,mệt mỏi,buồn nôn,đau hạ sườn phải,,,,
Viêm khí quản mạn,kéo dài,khó thở,mệt mỏi,sốt,ho,,,
Lao sụn khớp,cứng khớp,hạn chế vận động,đau khớp,sụt cân,sưng khớp,đau xương,,
Viêm dây thần kinh,yếu liệt tay chân,co giật,tê tay chân,đau đầu,,,,
Hẹp cơ tim,mệt mỏi,hồi hộp,khó thở,phù chân,nôn ra máu,,,
Viêm động mạch chủ mạn,hồi hộp,phù chân,mệt mỏi,khó thở,đau ngực,,,
Đột quỵ,chóng mặt,yếu liệt tay chân,méo miệng,mờ mắt,đau đầu dữ dội,nói khó,,
U lành tính đường mật,đau hạ sườn phải,chán ăn,vàng da,buồn nôn,,,,
U lành tính tuyến bã,ngứa,phát ban,mụn nước,da đỏ,,,,
Viêm tiểu phế quản,sốt,khó thở,ho,ho có đờm,thở khò khè,,,
Viêm trung thất,ho,khó thở,đau ngực,thở khò khè,,,,
Áp xe túi mật,buồn nôn,đau hạ sườn phải,sốt,sưng,,,,
Lao khớp gối,cứng khớp,hạn chế vận động,đau xương,sưng khớp,sụt cân,,,
Ung thư tuyến tiền liệt,rối loạn kinh nguyệt,sụt cân,đau bụng dưới,ra khí hư,mệt mỏi,,,
Quai bị,sốt,đau khi nhai,sưng tuyến mang tai,đau hậu môn,mệt mỏi,,,
Viêm da cấp,bong tróc da,ngứa,phát ban,sốt,mụn nước,,,
Ung thư bàng quang,tiểu ra máu,tiểu nhiều lần,tiểu rắt,sụt cân,tiểu buốt,chán ăn,,
Viêm tử cung cấp,ra khí hư,đau khi quan hệ,đau bụng dưới,đau dữ dội,sốt,rối loạn kinh nguyệt,,
Dị ứng,phát ban,hắt hơi,ngứa,,,,,
Viêm tuyến lệ cấp,mờ mắt,cộm mắt,mắt đỏ,đau mắt,,,,
Ung thư phế quản,đau ngực,thở khò khè,chán ăn,ho có đờm,khó thở,ho,sụt cân,
Viêm khớp gối mạn,sưng khớp,sốt,cứng khớp,đau xương,đau khớp,kéo dài,mệt mỏi,
Polyp tá tràng,đầy hơi,buồn nôn,đau thượng vị,,,,,
COVID-19,mất khứu giác,mệt mỏi,sốt,ho khan,,,,
Nhiễm trùng hồi tràng,đau bụng,ớn lạnh,sốt,táo bón,đầy hơi,,,
U lành tính tuyến lệ,đau mắt,chảy nước mắt,mắt đỏ,mờ mắt,,,,
Viêm tiểu phế quản cấp,ho,đau ngực,thở khò khè,ho có đờm,khó thở,,,
Viêm xoang cấp,khàn tiếng,đau họng,nghẹt mũi,,,,,
Sốt xuất huyết,phát ban,đau khớp,sốt cao,đau sau hốc mắt,,,,
Viêm cột sống cổ,hạn chế vận động,cứng khớp,đau khớp,sốt,,,,
COVID-19,mất khứu giác,đau họng,sốt,khó thở,ho khan,mệt mỏi,,
Viêm tâm vị mạn,mệt mỏi,kéo dài,ợ chua,sốt,đầy hơi,,,
Viêm nang lông cấp,bong tróc da,mụn nước,da đỏ,phát ban,sốt,,,
Viêm thanh quản cấp,đau ngực,ho,khó thở,sốt,ho có đờm,đau dữ dội,,
Lao bao hoạt dịch,sụt cân,hạn chế vận động,đổ mồ hôi đêm,đau xương,,,,
Ung thư xoang,chán ăn,mệt mỏi,sụt cân,khàn tiếng,nghẹt mũi,,,
Ung thư móng,bong tróc da,ngứa,sụt cân,,,,,
Ung thư phế quản,ho có đờm,đau ngực,khó thở,sụt cân,mệt mỏi,,,
Viêm thận,đau lưng,tiểu rắt,sốt,,,,,
Viêm bàng quang cấp,tiểu ra máu,tiểu rắt,tiểu buốt,đau lưng,tiểu nhiều lần,,,
Viêm gan cấp,vàng da,đau dữ dội,mệt mỏi,sốt,buồn nôn,chán ăn,,
Viêm thanh quản mạn,thở khò khè,ho có đờm,kéo dài,khó thở,ho,,,
Viêm mào tinh hoàn mạn,rối loạn kinh nguyệt,sốt,kéo dài,,,,,
Nhiễm trùng bàng quang,đau lưng,sốt,,,,,,
Viêm thanh quản,thở khò khè,ho,khó thở,ho có đờm,,,,
Viêm tâm vị cấp,đầy hơi,đau thượng vị,buồn nôn,ợ chua,,,,
Viêm động mạch chủ,phù chân,mệt mỏi,đau ngực,hồi hộp,,,,
Viêm khớp vai cấp,cứng khớp,đau khớp,hạn chế vận động,sưng khớp,đau xương,,,
Gout,nóng khớp,đau khớp,đỏ khớp,,,,,
Viêm móng,mụn nước,ngứa,da đỏ,,,,,
U lành tính bờ mi,mờ mắt,mắt đỏ,đau mắt,chảy nước mắt,,,,
Lao cột sống cổ,đổ mồ hôi đêm,sốt nhẹ,đau khớp,đau xương,hạn chế vận động,,,
Loét thực quản,đau thượng vị,chán ăn,,,,,,
U lành tính dây thanh,đau tai,đau họng,ho,,,,,
Ung thư da,mụn nước,ngứa,chán ăn,mệt mỏi,phát ban,sụt cân,,
Lao cột sống cổ,đau khớp,sụt cân,đau xương,đổ mồ hôi đêm,hạn chế vận động,,,
Viêm gan cấp,sốt,mệt mỏi,chán ăn,vàng da,buồn nôn,đau hạ sườn phải,đau dữ dội,
Polyp ruột non,đầy hơi,táo bón,tiêu chảy,đi ngoài ra máu,,,,
Nhiễm trùng niệu quản,tiểu nhiều lần,tiểu rắt,tiểu ra máu,ớn lạnh,,,,
Viêm phổi cấp,thở khò khè,đau dữ dội,sốt,ho có đờm,,,,
Viêm niệu quản,tiểu rắt,tiểu buốt,,,,,,
Viêm kết mạc cấp,mắt đỏ,cộm mắt,mờ mắt,chảy nước mắt,sốt,,,
Ung thư tai giữa,khàn tiếng,cộm mắt,sụt cân,nghẹt mũi,đau tai,,,
Viêm tinh hoàn cấp,sốt,rối loạn kinh nguyệt,đau bụng dưới,đau dữ dội,,,,
Viêm tụy mạn,vàng da,chán ăn,đau hạ sườn phải,buồn nôn,,,,
Mề đay,nổi mẩn,ngứa,phát ban,,,,,
Viêm khí quản mạn,ho,kéo dài,khó thở,ho có đờm,đau ngực,,,
Tăng huyết áp,chóng mặt,đau đầu,hồi hộp,mờ mắt,ù tai,,,
U lành tính tai giữa,đau họng,khàn tiếng,đau tai,,,,,
U lành tính tinh hoàn,ra khí hư,đau bụng dưới,đau khi quan hệ,,,,,
Viêm bể thận cấp,đau lưng,tiểu rắt,sốt,đau dữ dội,tiểu buốt,tiểu nhiều lần,,
Thoái hóa cột sống cổ,đau khớp,hạn chế vận động,đau xương,sưng khớp,,,,
Viêm sụn khớp mạn,đau xương,kéo dài,hạn chế vận động,đau khớp,,,,
U lành tính võng mạc,đau mắt,chảy nước mắt,cộm mắt,,,,,
Ung thư trực tràng,táo bón,sụt cân,đau bụng,chán ăn,đầy hơi,đi ngoài ra máu,mệt mỏi,
Viêm cột sống mạn,sốt,đau xương,cứng khớp,kéo dài,,,,
Thoái hóa khớp háng,sưng khớp,hạn chế vận động,đau xương,,,,,
Lao khớp gối,cứng khớp,đau xương,đau khớp,sụt cân,hạn chế vận động,sưng khớp,sốt nhẹ,
Áp xe tiểu phế quản,sốt,ho,đau ngực,đau,khó thở,,,
Viêm buồng trứng,sốt,đau khi quan hệ,rối loạn kinh nguyệt,,,,,
Sỏi niệu quản,tiểu nhiều lần,tiểu rắt,tiểu ra máu,,,,,
Viêm dạ dày mạn,co giật,kéo dài,chán ăn,ợ chua,,,,
Lao phổi,ho kéo dài,sụt cân,mệt mỏi,ho ra máu,sốt nhẹ,,,
Viêm dây thanh cấp,nghẹt mũi,ho,đau tai,khàn tiếng,,,,
Nhiễm trùng tuyến tiền liệt,rối loạn kinh nguyệt,đau khi quan hệ,đau bụng dưới,ra khí hư,,,,
U lành tính mống mắt,chảy nước mắt,mờ mắt,cộm mắt,,,,,
Viêm ruột thừa mạn,tiểu rắt,đầy hơi,tiêu chảy,đau bụng,táo bón,,,
Áp xe trung thất,thở khò khè,khó thở,sưng,ho có đờm,ho,đau ngực,,
Thoái hóa khớp vai,đau khớp,sưng khớp,hạn chế vận động,,,,,
Zona thần kinh,mụn nước,đau rát da,,,,,,
Polyp ruột thừa,tiêu chảy,đầy hơi,đau bụng,,,,,
Ung thư ruột thừa,tiêu chảy,sụt cân,đau bụng,táo bón,,,,
Nhiễm trùng niệu đạo,tiểu rắt,sốt,tiểu buốt,tiểu nhiều lần,,,,
U lành tính tai giữa,khàn tiếng,nghẹt mũi,ho,đau họng,,,,
Viêm túi mật,chán ăn,sốt,vàng da,đau hạ sườn phải,,,,
Viêm hồi tràng mạn,kéo dài,sốt,táo bón,đau bụng,tiêu chảy,chậm chạp,,
Viêm amidan mạn,nghẹt mũi,khàn tiếng,đau tai,mệt mỏi,,,,
Ung thư bể thận,tiểu nhiều lần,mệt mỏi,tiểu rắt,đau lưng,sụt cân,,,
Viêm màng ngoài tim mạn,mệt mỏi,hồi hộp,sưng khớp,phù chân,sốt,khó thở,,
Viêm khí quản cấp,đau dữ dội,thở khò khè,khó thở,,,,,
U lành tính tinh hoàn,đau khi quan hệ,đau bụng dưới,,,,,,
Ung thư manh tràng,mệt mỏi,đầy hơi,đau bụng,sụt cân,đi ngoài ra máu,tiêu chảy,,
Cường giáp,hồi hộp,mất ngủ,lồi mắt,run tay,sụt cân,,,
Viêm vòi trứng cấp,rối loạn kinh nguyệt,sốt,đau dữ dội,đau khi quan hệ,ra khí hư,đau bụng dưới,,
Viêm mào tinh hoàn cấp,đau khi quan hệ,rối loạn kinh nguyệt,đau bụng dưới,ra khí hư,,,,
Viêm khớp háng mạn,sưng khớp,cứng khớp,kéo dài,hạn chế vận động,đau xương,sốt,,
Thoái hóa cột sống cổ,hạn chế vận động,sưng khớp,đau khớp,đau xương,,,,
Viêm da mạn,sốt,mệt mỏi,mụn nước,bong tróc da,da đỏ,phát ban,ngứa,
Thoái hóa sụn khớp,sưng khớp,hạn chế vận động,đau xương,cứng khớp,,,,
Viêm lách cấp,chán ăn,đau hạ sườn phải,buồn nôn,đau dữ dội,mệt mỏi,vàng da,,
Polyp hậu môn,táo bón,đầy hơi,đau bụng,tiêu chảy,đi ngoài ra máu,,,
Ngộ độc thực phẩm,nôn,buồn nôn,tiêu chảy,,,,,
U lành tính bờ mi,mắt đỏ,chảy nước mắt,mờ mắt,cộm mắt,,,,
Nhiễm trùng da,ớn lạnh,ngứa,mụn nước,bong tróc da,da đỏ,,,
Loét dạ dày,đau,chán ăn,ợ chua,đau thượng vị,buồn nôn,,,
Viêm thận,đau lưng,tiểu buốt,sốt,tiểu nhiều lần,tiểu rắt,,,
Nhiễm trùng bể thận,tiểu rắt,tiểu buốt,đau lưng,tiểu nhiều lần,tiểu ra máu,,,
Viêm túi mật mạn,mệt mỏi,vàng da,chán ăn,sốt,,,,
Viêm tá tràng cấp,chán ăn,buồn nôn,ợ chua,,,,,
Viêm móng cấp,sốt,ngứa,da đỏ,bong tróc da,,,,
Viêm phổi cấp,thở khò khè,ho có đờm,đau mắt,sốt,,,,
Viêm cổ tử cung mạn,đau bụng dưới,ra khí hư,đau khi quan hệ,,,,,
Viêm dạ dày mạn,ợ chua,chán ăn,đau thượng vị,,,,,
Viêm cột sống cấp,sốt,hạn chế vận động,bầm tím,đau khớp,cứng khớp,,,
Ung thư manh tràng,chán ăn,đầy hơi,tiêu chảy,đi ngoài ra máu,sụt cân,,,
Viêm niệu quản mạn,tiểu buốt,tiểu nhiều lần,tiểu rắt,tiểu ra máu,đau lưng,,,
Cường giáp,hồi hộp,lồi mắt,run tay,sụt cân,,,,
Suy giáp,da khô,tăng cân,sợ lạnh,táo bón,rụng tóc,mệt mỏi,,
Viêm bể thận mạn,kéo dài,tiểu buốt,tiểu nhiều lần,sốt,,,,
Viêm bờ mi mạn,cộm mắt,mệt mỏi,đau mắt,kéo dài,sốt,mắt đỏ,mờ mắt,
Hẹp màng ngoài tim,hồi hộp,mệt mỏi,đau ngực,phù chân,,,,
Ung thư dây thần kinh,đau đầu,sụt cân,co giật,chóng mặt,chán ăn,mệt mỏi,yếu liệt tay chân,tê tay chân
Lao phổi,sụt cân,mệt mỏi,ho kéo dài,,,,,
Ung thư bàng quang,tiểu buốt,sụt cân,tiểu rắt,đau lưng,,,,
Viêm tâm vị,ợ chua,sốt,đầy hơi,chán ăn,,,,
Viêm nội tâm mạc,mệt mỏi,phù chân,khó thở,,,,,
Nhiễm trùng trực tràng,đầy hơi,đi ngoài ra máu,ớn lạnh,táo bón,sốt,,,
Nhiễm trùng ruột non,tiêu chảy,đau bụng,táo bón,đầy hơi,ớn lạnh,,,
Ung thư phế quản,mệt mỏi,ho có đờm,khó thở,thở khò khè,sụt cân,,,
Polyp ruột non,đầy hơi,táo bón,đi ngoài ra máu,,,,,
Ung thư bể thận,chán ăn,tiểu nhiều lần,đau lưng,sụt cân,tiểu rắt,mệt mỏi,tiểu buốt,tiểu ra máu
U lành tính nang lông,đổ mồ hôi,ngứa,phát ban,mụn nước,da đỏ,,,
Viêm mào tinh hoàn,đau bụng dưới,sốt,rối loạn kinh nguyệt,đau khi quan hệ,,,,
Viêm hồi tràng,táo bón,đầy hơi,đi ngoài ra máu,sốt,tiêu chảy,đau bụng,,
Đau nửa đầu,đau đầu,nôn,nhạy cảm ánh sáng,,,,,
Polyp manh tràng,đau bụng,tiêu chảy,,,,,,
Suy thận,buồn nôn,mệt mỏi,tiểu ít,khó thở,phù chân,,,
Gout,sưng khớp,đau khớp,đỏ khớp,,,,,
Đột quỵ,méo miệng,nói khó,đau đầu dữ dội,chóng mặt,,,,
Phình màng ngoài tim,khó thở,đau ngực,phù chân,hồi hộp,mệt mỏi,,,
Thoái hóa cột sống,đau xương,sưng khớp,đau khớp,cứng khớp,hạn chế vận động,,,
Loét dạ dày,chán ăn,nôn ra máu,đau thượng vị,ợ chua,,,,
Viêm phế quản,đau ngực,khó thở,sốt nhẹ,,,,,
Thoái hóa bao hoạt dịch,hạn chế vận động,đau khớp,cứng khớp,đau xương,,,,
Viêm mống mắt cấp,đau mắt,cộm mắt,sốt,đau dữ dội,mờ mắt,,,
Suy giáp,mệt mỏi,sợ lạnh,táo bón,tăng cân,,,,
Lao sụn khớp,da khô,sụt cân,đau khớp,hạn chế vận động,đau xương,,,
Viêm thực quản,đầy hơi,ợ chua,chán ăn,,,,,
Viêm võng mạc,mờ mắt,cộm mắt,mắt đỏ,chảy nước mắt,,,,
Viêm tử cung cấp,đau bụng dưới,đau dữ dội,sưng tuyến mang tai,rối loạn kinh nguyệt,đau khi quan hệ,sốt,,
Viêm cổ tử cung,đau khi quan hệ,ra khí hư,rối loạn kinh nguyệt,đau bụng dưới,,,,
Viêm vòi trứng mạn,đau bụng dưới,rối loạn kinh nguyệt,mệt mỏi,sốt,,,,
Áp xe túi mật,sưng,vàng da,đau hạ sườn phải,chán ăn,sốt,,,
Viêm âm đạo mạn,đau bụng dưới,nôn,sốt,kéo dài,đau khi quan hệ,rối loạn kinh nguyệt,ra khí hư,
Ung thư tụy,đau hạ sườn phải,mệt mỏi,chán ăn,sụt cân,buồn nôn,,,
Viêm ruột thừa mạn,táo bón,tiêu chảy,đi ngoài ra máu,sốt,đau bụng,mệt mỏi,,
Viêm võng mạc cấp,sốt,đau dữ dội,mờ mắt,sưng,chảy nước mắt,đau mắt,mắt đỏ,
Viêm nang lông,mụn nước,sốt,ngứa,,,,,
Tăng huyết áp,mờ mắt,đau đầu,chóng mặt,,,,,
Nhiễm trùng niệu đạo,đau lưng,tiểu buốt,tiểu nhiều lần,tiểu rắt,,,,
Thoái hóa gân gót,đau xương,đau khớp,cứng khớp,,,,,
Áp xe phế quản,sưng,ho có đờm,ho,đau,sốt,khó thở,thở khò khè,
U lành tính tuyến bã,da đỏ,bong tróc da,ngứa,phát ban,,,,
Viêm tuyến tiền liệt cấp,đau bụng dưới,đau dữ dội,đau khi quan hệ,,,,,
Viêm thanh quản cấp,ho có đờm,ho,thở khò khè,,,,,
Viêm tâm vị cấp,đau dữ dội,đau thượng vị,buồn nôn,đầy hơi,,,,
Viêm sụn khớp,sốt,sưng khớp,đau khớp,đau xương,hạn chế vận động,,,
Sỏi bàng quang,đau lưng,tiểu ra máu,tiểu rắt,tiểu buốt,,,,
U lành tính tai giữa,đau họng,nghẹt mũi,,,,,,
Ung thư tiểu phế quản,chán ăn,sụt cân,khó thở,đau ngực,mệt mỏi,ho,,
Phình động mạch chủ,tiểu nhiều lần,khó thở,hồi hộp,phù chân,đau ngực,mệt mỏi,,
Zona thần kinh,phát ban,mụn nước,ngứa,đau rát da,,,,
Ung thư buồng trứng,rối loạn kinh nguyệt,đau bụng dưới,sụt cân,đau khi quan hệ,,,,
Viêm tiểu phế quản,ho có đờm,khó thở,đau ngực,ho,,,,
Viêm cổ tử cung mạn,rối loạn kinh nguyệt,ra khí hư,mệt mỏi,sốt,đau bụng dưới,đau khi quan hệ,,
Viêm xoang cấp,nghẹt mũi,khàn tiếng,sốt,đau dữ dội,đau họng,,,
Viêm trực tràng cấp,đi ngoài ra máu,tiêu chảy,đầy hơi,táo bón,đau dữ dội,,,
Ung thư bàng quang,tiểu rắt,đau lưng,tiểu buốt,,,,,
Viêm ruột thừa,buồn nôn,chán ăn,đau hố chậu phải,,,,,
Viêm họng,khó nuốt,sưng hạch,,,,,,
Viêm nội tâm mạc,sốt,mệt mỏi,khó thở,phù chân,,,,
Hen suyễn,ho,đau ngực,thở khò khè,khó thở,,,,
Ung thư trung thất,ho có đờm,sụt cân,khó thở,đau ngực,ho,,,
Viêm phổi cấp,sốt,thở khò khè,ho,đau ngực,khó thở,ho có đờm,,
Thiếu máu,chóng mặt,da xanh xao,khó thở,mệt mỏi,,,,
Viêm ruột non,đau bụng,mất nước,sốt,táo bón,,,,
Viêm mống mắt cấp,đau dữ dội,cộm mắt,chảy nước mắt,,,,,
Viêm trung thất mạn,khó thở,thở khò khè,mệt mỏi,,,,,
Viêm thực quản mạn,buồn nôn,ợ chua,đau thượng vị,sốt,kéo dài,đầy hơi,,
Viêm túi mật cấp,đau hạ sườn phải,sốt,mệt mỏi,buồn nôn,,,,
Hẹp cơ tim,khó thở,đau ngực,hồi hộp,mệt mỏi,,,,
Nhiễm trùng tuyến tiền liệt,rối loạn kinh nguyệt,sốt,đau bụng dưới,ra khí hư,,,,
Viêm khớp vai cấp,sốt,đau dữ dội,cứng khớp,đau xương,sưng khớp,,,
Ung thư vòi trứng,sụt cân,ra khí hư,đau khi quan hệ,,,,,
Viêm nang lông mạn,ngứa,phát ban,bong tróc da,mệt mỏi,,,,
Viêm phổi cấp,sốt,khó thở,đau dữ dội,ho,thở khò khè,ho có đờm,,
Nhiễm trùng tuyến tiền liệt,đau bụng dưới,ra khí hư,sốt,đau khi quan hệ,,,,
Viêm tụy cấp,đau dữ dội,sốt,buồn nôn,đau hạ sườn phải,vàng da,,,
Viêm tiểu phế quản cấp,khó thở,thở khò khè,ho,ho có đờm,,,,
Viêm tụy cấp,vàng da,đau dữ dội,buồn nôn,đau hạ sườn phải,sốt,,,
Viêm van tim,phù chân,khó thở,,,,,,
Đau nửa đầu,đau đầu,nhạy cảm ánh sáng,buồn nôn,,,,,
Viêm phổi,ho có đờm,ớn lạnh,sốt cao,khó thở,,,,
Parkinson,run tay,đi lại khó,cứng đờ,chậm chạp,,,,
Viêm vòi trứng cấp,sốt,ra khí hư,đau bụng dưới,đau dữ dội,,,,
Viêm động mạch chủ cấp,sốt,đau dữ dội,phù chân,mệt mỏi,đau ngực,,,
Nhiễm trùng thận,sốt,tiểu nhiều lần,tiểu buốt,tiểu ra máu,,,,
Viêm buồng trứng,đau khi quan hệ,đau bụng dưới,sốt,rối loạn kinh nguyệt,,,,
Nhiễm trùng móng,bong tróc da,ớn lạnh,da đỏ,mụn nước,phát ban,,,
Nhiễm trùng hậu môn,tiêu chảy,đau bụng,táo bón,,,,,
Viêm kết mạc,mắt đỏ,cộm mắt,ghèn mắt,chảy nước mắt,,,,
Thoái hóa gân gót,sưng khớp,cứng khớp,đau khớp,đau xương,,,,
Ung thư nang lông,sụt cân,da đỏ,phát ban,mụn nước,bong tróc da,mệt mỏi,,
Ung thư vòi trứng,chán ăn,ra khí hư,đau bụng dưới,đau khi quan hệ,sụt cân,,,
Suy giáp,mệt mỏi,táo bón,tăng cân,sợ lạnh,,,,
Thiếu máu,đau đầu,mệt mỏi,chóng mặt,khó thở,hồi hộp,,,
U lành tính móng,mụn nước,ngứa,bong tróc da,phát ban,ghèn mắt,,,
Nhiễm trùng âm đạo,ra khí hư,rối loạn kinh nguyệt,ớn lạnh,đau bụng dưới,sốt,,,
Viêm tụy,đau hạ sườn phải,chán ăn,,,,,,
Ung thư phổi,mệt mỏi,thở khò khè,sụt cân,,,,,
Áp xe phổi,ho có đờm,sốt,sưng,ho,,,,
Lao cột sống,hạn chế vận động,đau khớp,sụt cân,đổ mồ hôi đêm,sưng khớp,,,
Viêm nội tâm mạc cấp,phù chân,sốt,đau dữ dội,mệt mỏi,hồi hộp,,,
Lao gân gót,đổ mồ hôi đêm,đau xương,cứng khớp,sưng khớp,hạn chế vận động,sụt cân,,
Sỏi niệu quản,tiểu nhiều lần,tiểu ra máu,đau lưng,đau quặn thận,,,,
U lành tính bờ mi,mắt đỏ,chảy nước mắt,cộm mắt,,,,,
U lành tính tử cung,ra khí hư,phù chân,đau bụng dưới,đau khi quan hệ,,,,
Nhiễm trùng ruột thừa,đầy hơi,tiêu chảy,táo bón,,,,,
Loét dạ dày,ợ chua,đau thượng vị,đầy hơi,buồn nôn,,,,
Viêm bờ mi,đau mắt,mắt đỏ,chảy nước mắt,mờ mắt,,,,
Viêm thực quản cấp,chán ăn,đau thượng vị,,,,,,
Nhiễm trùng ruột non,đau bụng,sốt,tiêu chảy,,,,,
Viêm khớp gối cấp,cứng khớp,hạn chế vận động,sốt,đau khớp,sưng khớp,,,
Viêm bao hoạt dịch mạn,đau khớp,đau xương,cứng khớp,sưng khớp,nước tiểu sẫm màu,kéo dài,mệt mỏi,
Viêm tuyến bã mạn,mụn nước,yếu liệt tay chân,bong tróc da,phát ban,kéo dài,,,
Viêm phổi cấp,khó thở,ho có đờm,thở khò khè,,,,,
Nhiễm trùng ruột thừa,đi ngoài ra máu,đầy hơi,sốt,táo bón,,,,
Viêm mống mắt,chảy nước mắt,sốt,đau mắt,cộm mắt,mắt đỏ,,,
Viêm vòi trứng mạn,ra khí hư,rối loạn kinh nguyệt,đau bụng dưới,sốt,,,,
Parkinson,run tay,cứng đờ,đi lại khó,chậm chạp,,,,
U lành tính nang lông,ù tai,da đỏ,ngứa,bong tróc da,mụn nước,,,
Viêm khớp háng cấp,đau xương,đau khớp,cứng khớp,,,,,
Zona thần kinh,phát ban,ngứa,mụn nước,đau rát da,,,,
Viêm màng ngoài tim cấp,mệt mỏi,đau dữ dội,đau ngực,khó thở,,,,
Nhiễm trùng niệu đạo,tiểu rắt,tiểu buốt,,,,,,
Tiểu đường,sụt cân,tiểu nhiều,mờ mắt,khát nước nhiều,,,,
Viêm thực quản cấp,đau thượng vị,chán ăn,đau dữ dội,,,,,
Viêm khí quản mạn,kéo dài,ho có đờm,mệt mỏi,khó thở,đau ngực,thở khò khè,sưng,sốt
Polyp hậu môn,tiêu chảy,đầy hơi,đau bụng,đi ngoài ra máu,táo bón,,,
Viêm hồi tràng cấp,tiêu chảy,đau dữ dội,đầy hơi,đi ngoài ra máu,đau bụng,,,
Viêm bể thận mạn,tiểu nhiều lần,tiểu buốt,tiểu rắt,,,,,
Viêm tuyến bã,sốt,phát ban,da đỏ,mụn nước,,,,
Viêm da,mụn nước,phát ban,da đỏ,,,,,
Viêm tử cung mạn,ra khí hư,mệt mỏi,đau bụng dưới,đau khi quan hệ,,,,
Ung thư thận,đau lưng,mệt mỏi,chán ăn,tiểu rắt,tiểu ra máu,sụt cân,tiểu buốt,
Ung thư hồi tràng,mệt mỏi,chán ăn,đau bụng,đi ngoài ra máu,đầy hơi,sụt cân,táo bón,
Quai bị,sốt,mệt mỏi,sưng tuyến mang tai,đau đầu,,,,
U lành tính tai giữa,đau họng,đau tai,khàn tiếng,nghẹt mũi,,,,
Viêm giác mạc,sốt,chảy nước mắt,cộm mắt,đau mắt,,,,
U lành tính dây thanh,ho,đau tai,đau họng,nghẹt mũi,,,,
Viêm khớp háng cấp,sưng khớp,đau khớp,đau dữ dội,cứng khớp,,,,
Ung thư màng phổi,khó thở,đau ngực,ho,sụt cân,thở khò khè,,,
Viêm kết mạc,ghèn mắt,mắt đỏ,chảy nước mắt,ngứa mắt,,,,
Viêm khớp háng mạn,sốt,đau khớp,đau xương,sưng khớp,cứng khớp,,,
Viêm ruột non mạn,đau bụng,tiêu chảy,kéo dài,đi ngoài ra máu,đầy hơi,,,
U lành tính tai giữa,khàn tiếng,đau tai,đau họng,,,,,
Viêm phổi cấp,thở khò khè,ho,đau dữ dội,ho có đờm,đau ngực,,,
Nhiễm trùng trực tràng,ớn lạnh,táo bón,đầy hơi,đau bụng,,,,
Viêm manh tràng cấp,đau bụng,táo bón,đầy hơi,,,,,
Viêm đại tràng,sốt,đầy hơi,tiêu chảy,táo bón,đau bụng,,,
Loét thực quản,ngứa mắt,đau thượng vị,đau,,,,,
Lao khớp vai,sốt nhẹ,đau khớp,đổ mồ hôi đêm,cứng khớp,hạn chế vận động,sụt cân,,
Viêm nội tâm mạc mạn,đau ngực,khó thở,mệt mỏi,,,,,
Viêm túi mật cấp,buồn nôn,vàng da,đau hạ sườn phải,,,,,
Nhiễm trùng manh tràng,đi ngoài ra máu,đầy hơi,đau bụng,táo bón,,,,
Viêm gân gót cấp,đau khớp,sưng khớp,đau xương,sốt,hạn chế vận động,cứng khớp,,
Loét thực quản,ợ chua,chán ăn,đau thượng vị,,,,,
Nhiễm trùng cổ tử cung,sốt,ra khí hư,rối loạn kinh nguyệt,đau khi quan hệ,đau,,,
Ung thư da,chán ăn,ngứa,da đỏ,phát ban,sụt cân,bong tróc da,mụn nước,mệt mỏi
Viêm tử cung mạn,tiểu ra máu,đau khi quan hệ,mệt mỏi,đau bụng dưới,,,,
Viêm tinh hoàn,sốt,rối loạn kinh nguyệt,ra khí hư,,,,,
Viêm amidan mạn,mệt mỏi,nghẹt mũi,sốt,đau họng,kéo dài,đau tai,,
Thoái hóa khớp háng,sưng khớp,đau xương,hạn chế vận động,đau khớp,,,,
Viêm bao hoạt dịch,tiểu rắt,đau xương,cứng khớp,đau khớp,sưng khớp,hạn chế vận động,,
Ung thư tinh hoàn,chán ăn,ra khí hư,đau khi quan hệ,mệt mỏi,đau bụng dưới,rối loạn kinh nguyệt,sụt cân,
Áp xe túi mật,sưng,đau,sốt,đau hạ sườn phải,buồn nôn,mệt mỏi,,
Ung thư móng,da đỏ,mệt mỏi,chán ăn,bong tróc da,sụt cân,phát ban,,
Ung thư manh tràng,táo bón,tiêu chảy,mệt mỏi,sụt cân,đau bụng,đầy hơi,,
Ung thư dây thanh,khàn tiếng,mệt mỏi,đau tai,đau họng,sụt cân,ho,,
Polyp ruột non,táo bón,đi ngoài ra máu,,,,,,
Suy giáp,đau hạ sườn phải,tăng cân,sợ lạnh,táo bón,,,,
Ung thư da,sụt cân,phát ban,ngứa,bong tróc da,mụn nước,chán ăn,,
Ung thư tụy,sụt cân,buồn nôn,mệt mỏi,chán ăn,đau hạ sườn phải,,,
Viêm cơ tim,phù chân,đau ngực,sốt,khó thở,hồi hộp,,,
U lành tính tử cung,đau bụng dưới,đau khi quan hệ,,,,,,
Trầm cảm,mất ngủ,mệt mỏi,mất hứng thú,buồn bã kéo dài,chán ăn,,,
Loét tâm vị,chán ăn,buồn nôn,đầy hơi,đau thượng vị,ợ chua,,,
Táo bón,đau bụng,phân cứng,chán ăn,đi ngoài khó,,,,
Hẹp van tim,phù chân,mệt mỏi,,,,,,
Viêm mống mắt cấp,mắt đỏ,mờ mắt,cộm mắt,chảy nước mắt,sốt,đau dữ dội,,
Viêm phế quản cấp,khó thở,ho có đờm,,,,,,
Viêm đại tràng cấp,đi ngoài ra máu,tiêu chảy,đau dữ dội,đau bụng,táo bón,,,
Ung thư niệu đạo,sụt cân,tiểu ra máu,tiểu buốt,đau lưng,,,,
Phình van tim,hồi hộp,đau ngực,mệt mỏi,,,,,
Viêm tai giữa mạn,đau tai,nghẹt mũi,,,,,,
Viêm bể thận cấp,tiểu buốt,sốt,đau lưng,tiểu nhiều lần,đau dữ dội,,,
Ung thư dây thần kinh,co giật,chóng mặt,mệt mỏi,sụt cân,đau đầu,tê tay chân,yếu liệt tay chân,
Ung thư tá tràng,sụt cân,ợ chua,chán ăn,mệt mỏi,đầy hơi,,,
Nhồi máu cơ tim,khó thở,đau lan cánh tay,đổ mồ hôi lạnh,đau ngực,buồn nôn,,,
Thoái hóa bao hoạt dịch,đau xương,cứng khớp,hạn chế vận động,,,,,
Ung thư dây thanh,sụt cân,ho,nghẹt mũi,đau họng,đau tai,,,
Viêm phế quản mạn,ho,ho có đờm,kéo dài,thở khò khè,sốt,đau ngực,,
Viêm vòm họng cấp,khàn tiếng,nghẹt mũi,,,,,,
Sốt rét,sốt cao,đổ mồ hôi,đau đầu,,,,,
Sỏi bể thận,tiểu buốt,tiểu nhiều lần,tiểu rắt,đau quặn thận,đau lưng,,,
Trầm cảm,mất ngủ,khó tập trung,mệt mỏi,chán ăn,buồn bã kéo dài,,,
Viêm họng,sưng hạch,đau họng,khó nuốt,ho,,,,
Viêm bờ mi mạn,chảy nước mắt,kéo dài,mệt mỏi,mờ mắt,đau mắt,,,
Ung thư nang lông,mụn nước,da đỏ,chán ăn,phát ban,sụt cân,bong tróc da,,
Áp xe lách,buồn nôn,sốt,mệt mỏi,,,,,
Viêm màng não cấp,tê tay chân,nước tiểu đục,đau dữ dội,chóng mặt,yếu liệt tay chân,,,
Viêm tuyến lệ,đau mắt,mờ mắt,chảy nước mắt,cộm mắt,mắt đỏ,,,
Viêm phế quản mạn,kéo dài,khó thở,ho có đờm,,,,,
Nhiễm trùng manh tràng,đầy hơi,ớn lạnh,đi ngoài ra máu,đau bụng,tiêu chảy,,,
Viêm xoang,đau đầu,sổ mũi,đau mặt,giảm khứu giác,nghẹt mũi,,,
Viêm họng,đau họng,khó nuốt,,,,,,
Viêm tuyến lệ,sốt,đau mắt,chảy nước mắt,mắt đỏ,,,,
Ung thư trực tràng,chán ăn,đầy hơi,táo bón,sụt cân,,,,
U lành tính tai ngoài,ho,đau tai,nghẹt mũi,đau họng,,,,
Viêm bờ mi,sốt,mắt đỏ,mờ mắt,đau mắt,chảy nước mắt,,,
Thoái hóa sụn khớp,đau xương,đau khớp,,,,,,
Ung thư vòm họng,ho,mệt mỏi,đau tai,sụt cân,đau họng,,,
Viêm buồng trứng,đau khi quan hệ,ra khí hư,đau bụng dưới,rối loạn kinh nguyệt,,,,
U lành tính tai ngoài,đau họng,đau tai,ho,khàn tiếng,nghẹt mũi,,,
Nhiễm trùng ruột thừa,tiêu chảy,đau bụng,táo bón,,,,,
Viêm khớp vai,sưng khớp,đau xương,hạn chế vận động,cứng khớp,,,,
Viêm mào tinh hoàn mạn,rối loạn kinh nguyệt,ra khí hư,,,,,,
Ung thư hồi tràng,sụt cân,táo bón,đi ngoài ra máu,đau bụng,chán ăn,,,
Viêm họng,sưng hạch,ho,khó nuốt,đau họng,méo miệng,,,
Ung thư vòm họng,nghẹt mũi,sụt cân,ho,khàn tiếng,đau tai,mệt mỏi,,
Nhiễm trùng tuyến bã,ớn lạnh,phát ban,sốt,ngứa,da đỏ,bong tróc da,mụn nước,
Viêm bể thận,đau lưng,tiểu rắt,tiểu nhiều lần,tiểu ra máu,sốt,,,
Viêm dạ dày cấp,buồn nôn,đau dữ dội,đau thượng vị,ợ chua,chán ăn,sốt,,
Viêm nang lông,mụn nước,bong tróc da,da đỏ,,,,,
Nhồi máu cơ tim,khó thở,buồn nôn,đổ mồ hôi lạnh,đau ngực,,,,
U lành tính vòi trứng,đau khi quan hệ,ra khí hư,rối loạn kinh nguyệt,,,,,
Viêm mống mắt cấp,sốt,mờ mắt,cộm mắt,,,,,
Viêm trung thất mạn,mệt mỏi,ho,khó thở,đau ngực,sốt,,,
Nhiễm trùng tử cung,ớn lạnh,đau khi quan hệ,ra khí hư,đau bụng dưới,,,,
Viêm cột sống,đau xương,sưng khớp,hạn chế vận động,,,,,
Viêm màng não cấp,đau dữ dội,sốt,tê tay chân,đau đầu,chóng mặt,yếu liệt tay chân,co giật,
Ung thư bể thận,tiểu rắt,tiểu nhiều lần,sụt cân,tiểu ra máu,,,,
Viêm tai ngoài cấp,đau dữ dội,đau tai,khàn tiếng,ho,,,,
Cường giáp,hồi hộp,run tay,sụt cân,chảy nước mắt,,,,
Ung thư khí quản,sụt cân,ho có đờm,đau ngực,ho,thở khò khè,mệt mỏi,,
Nhiễm trùng niệu đạo,sốt,tiểu nhiều lần,tiểu rắt,tiểu buốt,,,,
Ung thư ruột non,sụt cân,đầy hơi,đau bụng,táo bón,,,,
Viêm hồi tràng mạn,đau bụng,táo bón,đầy hơi,,,,,
Viêm ruột thừa cấp,tiêu chảy,đau bụng,đầy hơi,táo bón,,,,
Viêm dây thanh cấp,đau tai,nghẹt mũi,khàn tiếng,sốt,đau họng,,,
Thoái hóa gân gót,sưng khớp,đau xương,cứng khớp,đau khớp,,,,
Viêm dạ dày cấp,đau thượng vị,đầy hơi,ợ chua,chán ăn,sốt,,,
Viêm trực tràng,táo bón,tiêu chảy,,,,,,
Ung thư tai giữa,đau tai,sụt cân,khàn tiếng,chán ăn,nghẹt mũi,,,
Động kinh,mất hứng thú,đau đầu,co giật,,,,,
Xơ gan,đau hạ sườn phải,vàng da,mệt mỏi,chán ăn,phù chân,,,
Viêm hậu môn mạn,đau bụng,mệt mỏi,,,,,,
Viêm gan cấp,sốt,chán ăn,vàng da,mệt mỏi,,,,
U lành tính da,phát ban,ngứa,da đỏ,,,,,
Nhiễm trùng âm đạo,đau khi quan hệ,ớn lạnh,rối loạn kinh nguyệt,sốt,,,,
Áp xe lách,buồn nôn,sưng,sốt,mệt mỏi,,,,
Viêm cột sống cổ cấp,cứng khớp,hạn chế vận động,sưng khớp,đau xương,đau dữ dội,,,
Viêm bờ mi,chảy nước mắt,mắt đỏ,cộm mắt,,,,,
Nhiễm trùng ruột thừa,táo bón,sốt,đi ngoài ra máu,tiêu chảy,đau bụng,,,
Viêm bờ mi mạn,chảy nước mắt,kéo dài,mờ mắt,mệt mỏi,mắt đỏ,đau mắt,,
Ung thư niệu đạo,đau lưng,tiểu rắt,sụt cân,tiểu ra máu,tiểu nhiều lần,chán ăn,tiểu buốt,
Viêm võng mạc mạn,chảy nước mắt,mắt đỏ,sốt,kéo dài,đau mắt,cộm mắt,,
Viêm họng cấp,khàn tiếng,đau tai,nghẹt mũi,đau họng,đau dữ dội,,,
Viêm màng não mạn,sốt,kéo dài,tê tay chân,co giật,đau đầu,chóng mặt,,
Ung thư màng não,chóng mặt,co giật,sụt cân,chán ăn,yếu liệt tay chân,tê tay chân,đau đầu,mệt mỏi
Viêm cột sống cổ mạn,cứng khớp,sốt,kéo dài,,,,,
Viêm tuyến tiền liệt mạn,mệt mỏi,rối loạn kinh nguyệt,kéo dài,đau khi quan hệ,đau bụng dưới,sốt,,
Suy tim,khó thở,phù chân,mệt mỏi,đau ngực,,,,
Thoái hóa cột sống cổ,sưng khớp,hạn chế vận động,đau khớp,,,,,
Viêm túi mật cấp,mệt mỏi,đau hạ sườn phải,buồn nôn,vàng da,,,,
U lành tính da,da đỏ,phát ban,ngứa,bong tróc da,mụn nước,,,
Viêm màng phổi cấp,ho có đờm,khó thở,đau ngực,thở khò khè,ho,,,
Quai bị,đau đầu,mệt mỏi,sốt,sưng tuyến mang tai,,,,
Viêm giác mạc mạn,sốt,kéo dài,mệt mỏi,đau mắt,chảy nước mắt,mắt đỏ,,
Viêm dây thanh mạn,nghẹt mũi,ho,khàn tiếng,mệt mỏi,sốt,,,
Ung thư âm đạo,mệt mỏi,sụt cân,đau khi quan hệ,rối loạn kinh nguyệt,,,,
U lành tính buồng trứng,rối loạn kinh nguyệt,ra khí hư,,,,,,
U lành tính dây thanh,khàn tiếng,đau họng,ho,,,,,
Viêm bao hoạt dịch,hạn chế vận động,đau khớp,sốt,đau xương,sưng khớp,,,
Viêm cơ tim mạn,ho ra máu,sốt,khó thở,,,,,
Thoái hóa khớp gối,đau xương,cứng khớp,hạn chế vận động,,,,,
Viêm van tim cấp,đau ngực,sốt,phù chân,khó thở,,,,
Viêm niệu đạo cấp,đau lưng,tiểu nhiều lần,tiểu buốt,tiểu rắt,đau dữ dội,,,
U lành tính màng não,co giật,chóng mặt,yếu liệt tay chân,,,,,
Phình cơ tim,đau ngực,hồi hộp,ra khí hư,phù chân,mệt mỏi,khó thở,,
Viêm xoang mạn,khàn tiếng,ho,đau tai,,,,,
Viêm giác mạc,sốt,mờ mắt,cộm mắt,mắt đỏ,chảy nước mắt,,,
Ung thư màng phổi,đau ngực,sụt cân,khó thở,ho có đờm,,,,
Viêm đại tràng mạn,tiêu chảy,mệt mỏi,đầy hơi,đau bụng,sốt,,,
Viêm ruột thừa mạn,đau bụng,đi ngoài ra máu,táo bón,,,,,
Viêm tâm vị mạn,ợ chua,đau thượng vị,buồn nôn,đầy hơi,chán ăn,kéo dài,mệt mỏi,sốt
Viêm nội tâm mạc,khó thở,mệt mỏi,,,,,,
Rối loạn lo âu,lo lắng quá mức,hồi hộp,khó thở,mất ngủ,,,,
Viêm nội tâm mạc,mệt mỏi,khó thở,,,,,,
Viêm bao hoạt dịch cấp,sốt,đau khớp,đau dữ dội,hạn chế vận động,sưng khớp,,,
Viêm buồng trứng,rối loạn kinh nguyệt,đau bụng dưới,,,,,,
Viêm tuyến bã cấp,phát ban,ngứa,mụn nước,,,,,
Nhiễm trùng da,sốt,ớn lạnh,ngứa,mụn nước,,,,
U lành tính võng mạc,đau mắt,cộm mắt,mắt đỏ,,,,,
U lành tính amidan,đau tai,khàn tiếng,ho,đau họng,,,,
Lao sụn khớp,đổ mồ hôi đêm,sụt cân,đau khớp,hạn chế vận động,đau xương,,,
Sỏi bàng quang,đau lưng,tiểu nhiều lần,tiểu ra máu,,,,,
Viêm tử cung,ra khí hư,đau bụng dưới,sưng khớp,đau khi quan hệ,,,,
Viêm cột sống mạn,đau xương,cứng khớp,kéo dài,hạn chế vận động,,,,
Loét tá tràng,ợ chua,nôn ra máu,chán ăn,đau thượng vị,đau,,,
Hẹp cơ tim,mệt mỏi,phù chân,đau ngực,,,,,
Viêm đường mật mạn,vàng da,đau hạ sườn phải,buồn nôn,,,,,
Viêm buồng trứng mạn,đau bụng dưới,sốt,rối loạn kinh nguyệt,đau khi quan hệ,,,,
Polyp ruột non,tiêu chảy,táo bón,đi ngoài ra máu,,,,,
Polyp ruột thừa,đau bụng,đi ngoài ra máu,đầy hơi,táo bón,,,,
Viêm họng mạn,mệt mỏi,khàn tiếng,đau tai,đau họng,,,,
Viêm trực tràng,tiêu chảy,sốt,táo bón,,,,,
Viêm móng cấp,ngứa,da đỏ,bong tróc da,phát ban,,,,
Viêm tuyến bã mạn,mụn nước,sốt,phát ban,,,,,
Viêm họng,ho,khó nuốt,sốt,đau họng,,,,
Viêm bể thận,đau lưng,tiểu ra máu,tiểu rắt,tiểu nhiều lần,,,,
Nhiễm trùng mào tinh hoàn,đau bụng dưới,ra khí hư,rối loạn kinh nguyệt,,,,,
Ung thư dạ dày,ợ chua,đầy hơi,buồn nôn,mệt mỏi,chán ăn,sụt cân,,
Nhiễm trùng vòi trứng,sốt,đau bụng dưới,ra khí hư,đau khi quan hệ,,,,
Viêm âm đạo mạn,đau khi quan hệ,đau bụng dưới,kéo dài,,,,,
Parkinson,cứng đờ,mất thăng bằng,đi lại khó,run tay,chậm chạp,,,
Viêm cơ tim cấp,hồi hộp,phù chân,mệt mỏi,đau ngực,,,,
Viêm mào tinh hoàn cấp,rối loạn kinh nguyệt,đau dữ dội,sốt,đau bụng dưới,ra khí hư,,,
Nhiễm trùng tuyến tiền liệt,đau khi quan hệ,đau bụng dưới,ra khí hư,rối loạn kinh nguyệt,sốt,,,
Viêm đường mật mạn,mệt mỏi,vàng da,sốt,đau hạ sườn phải,,,,
Viêm khí quản,đau ngực,khó thở,,,,,,
Polyp tá tràng,buồn nôn,đau thượng vị,đầy hơi,đi ngoài ra máu,chán ăn,ợ chua,,
Viêm cột sống,đau xương,sưng khớp,đau khớp,hạn chế vận động,,,,
Viêm tuyến lệ mạn,mờ mắt,sốt,mắt đỏ,chảy nước mắt,đau mắt,mệt mỏi,,
Viêm niệu quản,tiểu nhiều lần,đau lưng,tiểu rắt,sốt,tiểu ra máu,,,
Viêm thực quản,ợ chua,,,,,,,
Polyp đại tràng,đau bụng,đầy hơi,đi ngoài ra máu,táo bón,,,,
Viêm khớp gối cấp,đau khớp,đau dữ dội,sưng khớp,cứng khớp,hạn chế vận động,đau xương,,
Nhiễm trùng hồi tràng,sốt,đầy hơi,đi ngoài ra máu,tiêu chảy,táo bón,,,
Viêm tá tràng cấp,ợ chua,đầy hơi,chán ăn,đau dữ dội,buồn nôn,sốt,,
Viêm buồng trứng mạn,ra khí hư,rối loạn kinh nguyệt,sốt,đau khi quan hệ,đau bụng dưới,,,
Viêm niệu đạo mạn,đau lưng,tiểu rắt,sốt,tiểu buốt,,,,
Viêm thực quản cấp,đầy hơi,đau dữ dội,chán ăn,sốt,đau thượng vị,,,
Ung thư tuyến bã,mụn nước,sụt cân,chán ăn,phát ban,,,,
Phình nội tâm mạc,mệt mỏi,hồi hộp,đau ngực,,,,,
Nhiễm trùng mào tinh hoàn,ra khí hư,đau bụng dưới,ớn lạnh,,,,,
Viêm tuyến tiền liệt,đau khi quan hệ,đau bụng dưới,rối loạn kinh nguyệt,,,,,
Áp xe trung thất,ho có đờm,sốt,đau,,,,,
Sốt xuất huyết,sốt cao,đau sau hốc mắt,đau khớp,phát ban,,,,
Viêm dạ dày,ợ chua,đầy hơi,chán ăn,,,,,
Viêm khớp vai,đau khớp,cứng khớp,,,,,,
Ung thư họng,sụt cân,đau tai,nghẹt mũi,đau họng,khàn tiếng,,,
Viêm ruột non mạn,rối loạn kinh nguyệt,đau bụng,đầy hơi,,,,,
Nhiễm trùng hồi tràng,tiêu chảy,sốt,táo bón,ớn lạnh,đầy hơi,,,
Ung thư tuyến tiền liệt,mệt mỏi,chán ăn,sụt cân,đau khi quan hệ,ra khí hư,,,
Viêm thực quản mạn,chán ăn,buồn nôn,,,,,,
Viêm thực quản,đầy hơi,đau thượng vị,ợ chua,,,,,
Viêm nang lông,sốt,ngứa,mụn nước,,,,,
Viêm sụn khớp,đau xương,đau khớp,hạn chế vận động,sưng khớp,sốt,cứng khớp,,
Viêm tâm vị mạn,ợ chua,buồn nôn,sốt,chán ăn,đầy hơi,,,
Ung thư tai giữa,chán ăn,khàn tiếng,sợ lạnh,sụt cân,nghẹt mũi,đau tai,,
Viêm võng mạc cấp,chảy nước mắt,mờ mắt,cộm mắt,mắt đỏ,đau dữ dội,,,
Thoái hóa bao hoạt dịch,đau xương,đau khớp,cứng khớp,,,,,
Ung thư thanh quản,khó thở,ho có đờm,thở khò khè,đau ngực,sụt cân,ho,,
Viêm tử cung cấp,rối loạn kinh nguyệt,đau bụng dưới,,,,,,
U lành tính da,ngứa,phát ban,da đỏ,bong tróc da,,,,
Viêm amidan,đau họng,đau khớp,hôi miệng,khó nuốt,sưng amidan,,,
Thoái hóa khớp háng,cứng khớp,hạn chế vận động,đau khớp,đau xương,,,,
U lành tính giác mạc,đau mắt,cộm mắt,chảy nước mắt,,,,,
Viêm khớp gối,sưng khớp,cứng khớp,sốt,đau khớp,hạn chế vận động,,,
Viêm vòm họng,ho khan,đau họng,sốt,khàn tiếng,ho,,,
Polyp hồi tràng,đau bụng,táo bón,đầy hơi,,,,,
Ung thư tử cung,đau khi quan hệ,đau bụng dưới,sụt cân,chán ăn,khó tập trung,,,
Viêm võng mạc mạn,mắt đỏ,cộm mắt,sốt,đau mắt,,,,
Ung thư tuyến bã,mệt mỏi,chán ăn,mụn nước,da đỏ,bong tróc da,sụt cân,phát ban,
Ung thư mào tinh hoàn,sụt cân,rối loạn kinh nguyệt,đau khi quan hệ,mệt mỏi,đau bụng dưới,,,
Ung thư trực tràng,đầy hơi,đau bụng,sụt cân,đi ngoài ra máu,táo bón,,,
Phình động mạch chủ,đau ngực,hồi hộp,phù chân,khó thở,,,,
Ung thư tụy,chán ăn,sụt cân,mệt mỏi,đau hạ sườn phải,,,,
Viêm cổ tử cung,ra khí hư,rối loạn kinh nguyệt,sốt,đau bụng dưới,,,,
Cảm lạnh,nghẹt mũi,sổ mũi,hắt hơi,,,,,
Viêm kết mạc mạn,đau mắt,mệt mỏi,kéo dài,mắt đỏ,,,,
Trào ngược dạ dày,ho khan,ợ nóng,đau ngực,khó tập trung,,,,
Nhiễm trùng cổ tử cung,ra khí hư,rối loạn kinh nguyệt,đau bụng dưới,ớn lạnh,đau khi quan hệ,,,
Viêm kết mạc,ngứa mắt,mắt đỏ,ghèn mắt,chảy nước mắt,,,,
Nhiễm trùng mào tinh hoàn,ra khí hư,ớn lạnh,sốt,đau khi quan hệ,đau bụng dưới,,,
U lành tính dây thanh,ho,đau họng,đau tai,khàn tiếng,nghẹt mũi,,,
Ung thư trực tràng,đầy hơi,táo bón,mệt mỏi,chán ăn,sụt cân,,,
Ung thư hậu môn,mệt mỏi,tiêu chảy,đau bụng,đầy hơi,sụt cân,đi ngoài ra máu,táo bón,mất nước
Viêm niệu đạo mạn,kéo dài,đau lưng,tiểu buốt,sốt,tiểu rắt,mệt mỏi,,
Áp xe túi mật,buồn nôn,mệt mỏi,sốt,mất khứu giác,đau hạ sườn phải,vàng da,,
Lao khớp vai,hạn chế vận động,cứng khớp,sụt cân,,,,,
Viêm niệu quản cấp,tiểu buốt,tiểu nhiều lần,đi ngoài khó,đau lưng,,,,
Viêm khí quản cấp,khó thở,ho có đờm,sốt,đau dữ dội,đau ngực,thở khò khè,,
Viêm họng,sốt,khó nuốt,đau họng,,,,,
Polyp tâm vị,đầy hơi,chán ăn,buồn nôn,ợ chua,,,,
U lành tính tử cung,đau khi quan hệ,ra khí hư,rối loạn kinh nguyệt,đau bụng dưới,,,,
Đột quỵ,yếu liệt tay chân,méo miệng,mờ mắt,chóng mặt,nói khó,,,
Viêm bể thận,tiểu rắt,tiểu ra máu,tiểu nhiều lần,tiểu buốt,,,,
Nhiễm trùng mào tinh hoàn,rối loạn kinh nguyệt,đau bụng dưới,ra khí hư,đau khi quan hệ,,,,
Ung thư niệu đạo,tiểu nhiều lần,đau lưng,chán ăn,tiểu ra máu,sụt cân,mệt mỏi,tiểu rắt,
Áp xe phổi,thở khò khè,ho có đờm,ho,sưng,sốt,đau,,
Sỏi bể thận,tiểu nhiều lần,tiểu ra máu,tiểu rắt,tiểu buốt,,,,
Sỏi mật,buồn nôn,đau hạ sườn phải,,,,,,
Viêm màng não cấp,chóng mặt,tê tay chân,yếu liệt tay chân,sốt,co giật,,,
Viêm khớp vai cấp,hạn chế vận động,cứng khớp,sốt,đau xương,,,,
U lành tính võng mạc,cộm mắt,chảy nước mắt,mắt đỏ,mờ mắt,đau mắt,,,
Gout,nóng khớp,sưng khớp,đau khớp,,,,,
Ung thư tai ngoài,đau tai,nghẹt mũi,mệt mỏi,đau họng,sụt cân,,,
Nhiễm trùng tuyến tiền liệt,ra khí hư,sốt,ớn lạnh,rối loạn kinh nguyệt,,,,
Rối loạn lo âu,mất ngủ,hồi hộp,lo lắng quá mức,,,,,
U lành tính amidan,khàn tiếng,nghẹt mũi,ho,đau họng,,,,
Hẹp cơ tim,đau ngực,mệt mỏi,,,,,,
Áp xe tiểu phế quản,khó thở,đau ngực,sốt,ho,ho có đờm,,,
Viêm cơ tim cấp,sốt,khó thở,mệt mỏi,phù chân,,,,
Viêm giác mạc mạn,chảy nước mắt,cộm mắt,mắt đỏ,,,,,
Viêm nội tâm mạc,khó thở,đau ngực,sốt,,,,,
Áp xe phổi,ho có đờm,sốt,đau,sưng,ho,mất thăng bằng,đau ngực,
Ung thư niệu quản,tiểu ra máu,tiểu nhiều lần,chán ăn,sụt cân,tiểu rắt,tiểu buốt,mệt mỏi,
Viêm khớp háng mạn,hạn chế vận động,cứng khớp,đau xương,sưng khớp,,,,
Viêm khí quản cấp,ho có đờm,đau dữ dội,khó thở,thở khò khè,,,,
Viêm tụy cấp,sốt,buồn nôn,vàng da,đau hạ sườn phải,sưng,chán ăn,,
Áp xe đường mật,đau hạ sườn phải,vàng da,sưng,đau,buồn nôn,sốt,,
Viêm thực quản mạn,đau thượng vị,mệt mỏi,đầy hơi,buồn nôn,,,,
Sỏi thận,đau quặn thận,,,,,,,
Viêm tai giữa mạn,nghẹt mũi,đau tai,,,,,,
Viêm đường mật mạn,mệt mỏi,đau hạ sườn phải,sốt,chán ăn,vàng da,,,
Viêm cổ tử cung mạn,ra khí hư,rối loạn kinh nguyệt,đau bụng dưới,đau,,,,
Viêm khí quản,thở khò khè,khó thở,ho có đờm,đau ngực,ho,,,
Viêm hồi tràng,đầy hơi,sốt,tiêu chảy,táo bón,đau bụng,đi ngoài ra máu,đau ngực,
Viêm hậu môn,đau bụng,đau dữ dội,đi ngoài ra máu,đầy hơi,,,,
Viêm móng mạn,mụn nước,phát ban,mệt mỏi,ngứa,sốt,bong tróc da,,
Viêm khớp gối cấp,đau khớp,cứng khớp,hạn chế vận động,sưng khớp,sốt,,,
Ung thư bể thận,mệt mỏi,tiểu ra máu,tiểu nhiều lần,đau lưng,sụt cân,,,
Viêm lách,buồn nôn,vàng da,ngứa mắt,đau hạ sườn phải,,,,
Lao bao hoạt dịch,sưng khớp,đau bụng,đổ mồ hôi đêm,đau khớp,hạn chế vận động,,,
Viêm xoang,đau mặt,đau đầu,nghẹt mũi,sổ mũi,giảm khứu giác,,,
Viêm cơ tim mạn,hồi hộp,sốt,đau ngực,khó thở,,,,
Áp xe lách,sốt,đau,đau hạ sườn phải,buồn nôn,chán ăn,mệt mỏi,,
Viêm dây thần kinh,tê tay chân,đau đầu,chóng mặt,yếu liệt tay chân,sốt,,,
Viêm giác mạc mạn,mắt đỏ,sốt,chảy nước mắt,run tay,đau mắt,mờ mắt,,
Trĩ,đau hậu môn,sa búi trĩ,ngứa hậu môn,đi ngoài ra máu,,,,
Loét thực quản,đau,đau thượng vị,buồn nôn,chán ăn,,,,
U lành tính giác mạc,chảy nước mắt,cộm mắt,,,,,,
Lao khớp háng,sưng khớp,hạn chế vận động,đau xương,đau khớp,sụt cân,cứng khớp,,
Viêm kết mạc cấp,mờ mắt,cộm mắt,mắt đỏ,đau dữ dội,,,,
Nhiễm trùng thận,tiểu rắt,tiểu nhiều lần,tiểu buốt,tiểu ra máu,ớn lạnh,méo miệng,,
Viêm thận mạn,kéo dài,ho ra máu,tiểu ra máu,sốt,mệt mỏi,tiểu buốt,,
Viêm gan mạn,vàng da,buồn nôn,mệt mỏi,kéo dài,đau hạ sườn phải,chán ăn,,
Động kinh,mất ý thức,co giật,lơ mơ,,,,,
U lành tính họng,đau tai,khàn tiếng,đau họng,,,,,
Viêm khớp dạng thấp,mệt mỏi,đau khớp,cứng khớp,sưng khớp,,,,
Viêm họng mạn,đau họng,kéo dài,đau tai,đau quặn thận,khàn tiếng,ho,sốt,
Ung thư dạ dày,sụt cân,đau thượng vị,buồn nôn,đầy hơi,chán ăn,ợ chua,,
Viêm bờ mi cấp,mắt đỏ,sốt,cộm mắt,chảy nước mắt,mờ mắt,mất hứng thú,,
Viêm tinh hoàn,đau bụng dưới,đau khi quan hệ,rối loạn kinh nguyệt,,,,,
Viêm khớp háng cấp,sốt,cứng khớp,đau dữ dội,đau khớp,,,,
Thoái hóa sụn khớp,sưng khớp,ho khan,đau xương,đau khớp,,,,
Viêm đại tràng,đầy hơi,tiêu chảy,sốt,đau bụng,táo bón,,,
Ung thư manh tràng,sụt cân,tiêu chảy,đi ngoài ra máu,đầy hơi,,,,
Polyp thực quản,chán ăn,buồn nôn,đau thượng vị,ợ chua,,,,
Viêm tụy,đau hạ sườn phải,chán ăn,buồn nôn,,,,,
Nhiễm trùng vòi trứng,sốt,đau bụng dưới,rối loạn kinh nguyệt,đau khi quan hệ,,,,
Viêm da,phát ban,ngứa,da đỏ,bong tróc da,,,,
Viêm kết mạc cấp,cộm mắt,mắt đỏ,đau dữ dội,sốt,chảy nước mắt,mờ mắt,,
Ung thư khí quản,khó thở,đau ngực,chán ăn,ho,ho có đờm,,,
Viêm tuyến bã,mụn nước,phát ban,da đỏ,,,,,
U lành tính tai giữa,nghẹt mũi,đau tai,ho,khàn tiếng,,,,
Polyp dạ dày,đau thượng vị,đi ngoài ra máu,chán ăn,,,,,
U lành tính túi mật,buồn nôn,chán ăn,vàng da,,,,,
Áp xe tiểu phế quản,sốt,ho,đau ngực,khó thở,ho có đờm,,,
Ung thư tụy,buồn nôn,chán ăn,mệt mỏi,đau hạ sườn phải,sụt cân,,,
Viêm túi mật,đau hạ sườn phải,mệt mỏi,chán ăn,ho ra máu,,,,
Viêm vòm họng cấp,đau họng,nghẹt mũi,đau tai,ho,sốt,,,
Áp xe lách,buồn nôn,mệt mỏi,sưng,vàng da,sốt,,,
U lành tính gan,vàng da,mệt mỏi,buồn nôn,,,,,
Viêm màng ngoài tim mạn,hồi hộp,mệt mỏi,khó thở,sốt,kéo dài,,,
Viêm amidan cấp,sốt,khàn tiếng,nghẹt mũi,ho,đau họng,đau dữ dội,,
Polyp ruột non,tiêu chảy,đi ngoài ra máu,đau bụng,táo bón,,,,
Viêm tai ngoài mạn,kéo dài,khàn tiếng,ho,nghẹt mũi,,,,
Hẹp nội tâm mạc,mệt mỏi,đau ngực,khó thở,,,,,
Viêm lách cấp,đau hạ sườn phải,chán ăn,buồn nôn,mệt mỏi,đau dữ dội,,,
Viêm nang lông,ngứa,da đỏ,mụn nước,bong tróc da,sốt,,,
Phình động mạch chủ,đau ngực,khó thở,mệt mỏi,,,,,
Viêm tụy,chán ăn,sốt,vàng da,,,,,
Viêm hồi tràng,tiêu chảy,sốt,đầy hơi,ho có đờm,đau bụng,,,
Viêm ruột non cấp,táo bón,đi ngoài ra máu,tiêu chảy,đau bụng,,,,
Cảm lạnh,sổ mũi,hắt hơi,nghẹt mũi,mệt mỏi,,,,
Viêm mào tinh hoàn mạn,ra khí hư,sốt,táo bón,,,,,
Viêm mào tinh hoàn,rối loạn kinh nguyệt,đau bụng dưới,ra khí hư,,,,,
Polyp manh tràng,đau bụng,tiêu chảy,,,,,,
Ung thư phế quản,ho có đờm,đau ngực,sụt cân,thở khò khè,,,,
Viêm buồng trứng cấp,ra khí hư,đau khi quan hệ,rối loạn kinh nguyệt,,,,,
Phình nội tâm mạc,hồi hộp,mệt mỏi,phù chân,khó thở,,,,
Viêm móng mạn,mụn nước,phát ban,da đỏ,sốt,,,,
Xơ gan,vàng da,phù chân,bầm tím,chán ăn,mệt mỏi,,,
Viêm màng phổi mạn,mệt mỏi,ho,khó thở,ho có đờm,đau ngực,sốt,,
Viêm manh tràng,đầy hơi,đi ngoài ra máu,tiêu chảy,táo bón,,,,
Viêm võng mạc mạn,cộm mắt,mắt đỏ,đau mắt,chảy nước mắt,,,,
U lành tính kết mạc,mờ mắt,đau mắt,chảy nước mắt,,,,,
Viêm vòm họng cấp,sốt,đau họng,nghẹt mũi,ho,đau dữ dội,khàn tiếng,,
Phình màng ngoài tim,hồi hộp,phù chân,khó thở,,,,,
COVID-19,mệt mỏi,ho khan,mất khứu giác,sốt,,,,
Ung thư xoang,khàn tiếng,nghẹt mũi,đau họng,sụt cân,,,,
Viêm tá tràng cấp,đầy hơi,sốt,buồn nôn,đau dữ dội,đau thượng vị,chán ăn,,
Sỏi bàng quang,tiểu nhiều lần,đau quặn thận,đau lưng,,,,,
Viêm da,phát ban,da đỏ,sốt,mụn nước,,,,
Viêm bàng quang cấp,đau lưng,tiểu nhiều lần,tiểu buốt,sốt,tiểu rắt,,,
Hẹp van tim,mệt mỏi,phù chân,,,,,,
Thoái hóa cột sống cổ,hạn chế vận động,đau khớp,sưng khớp,,,,,
Viêm trung thất,thở khò khè,đau ngực,ho,ho có đờm,,,,
Zona thần kinh,sốt nhẹ,phát ban,mụn nước,ngứa,đau rát da,,,
Ung thư vòm họng,chán ăn,đau tai,khàn tiếng,ho,nghẹt mũi,,,
Sỏi thận,tiểu buốt,đau lưng,tiểu ra máu,đau quặn thận,,,,
Nhiễm trùng manh tràng,đi ngoài ra máu,táo bón,sốt,đau bụng,,,,
Nhiễm trùng niệu quản,tiểu ra máu,tiểu nhiều lần,tiểu rắt,,,,,
Viêm phổi mạn,thở khò khè,kéo dài,khó thở,ho,ho có đờm,,,
Hen suyễn,đau ngực,thở khò khè,khó thở,,,,,
Viêm mào tinh hoàn,ra khí hư,đau bụng dưới,đau khi quan hệ,rối loạn kinh nguyệt,,,,
Viêm trực tràng cấp,tiêu chảy,đau dữ dội,đi ngoài ra máu,đau bụng,,,,
Viêm da mạn,mệt mỏi,mụn nước,ngứa,phát ban,bong tróc da,đau bụng,,
U lành tính lách,mệt mỏi,đau hạ sườn phải,vàng da,,,,,
Rối loạn lo âu,hồi hộp,mất ngủ,lo lắng quá mức,chóng mặt,khó thở,,,
Sỏi thận,sợ lạnh,đau quặn thận,buồn nôn,đau lưng,,,,
Polyp trực tràng,tiêu chảy,táo bón,,,,,,
Cảm cúm,đau đầu,ớn lạnh,sốt cao,đau nhức cơ,,,,
Viêm van tim mạn,khó thở,kéo dài,mệt mỏi,đau ngực,sốt,sưng,,
Viêm động mạch chủ cấp,đau ngực,khó thở,sốt,đau dữ dội,phù chân,,,
Polyp ruột thừa,tiêu chảy,đầy hơi,đau bụng,đi ngoài ra máu,,,,
Gout,đỏ khớp,đau khớp,sưng khớp,đau dữ dội về đêm,,,,
Áp xe trung thất,khó thở,sốt,ho có đờm,thở khò khè,,,,
U lành tính tuyến tiền liệt,đau bụng dưới,ra khí hư,,,,,,
Động kinh,mất ý thức,co giật,,,,,,
Ung thư tinh hoàn,chán ăn,rối loạn kinh nguyệt,đau khi quan hệ,sụt cân,đau bụng dưới,,,
Viêm vòi trứng,đau khi quan hệ,ra khí hư,sốt,đau bụng dưới,rối loạn kinh nguyệt,,,
Nhiễm trùng đại tràng,đau bụng,tiêu chảy,đi ngoài ra máu,táo bón,đầy hơi,,,
Viêm khớp háng,hạn chế vận động,đau xương,sốt,,,,,
U lành tính móng,mụn nước,da đỏ,ngứa,,,,,
Áp xe đường mật,đau hạ sườn phải,vàng da,đau,chán ăn,sốt,mệt mỏi,buồn nôn,
Polyp hồi tràng,táo bón,tiêu chảy,đầy hơi,,,,,
Nhiễm trùng cổ tử cung,sốt,rối loạn kinh nguyệt,ra khí hư,ớn lạnh,đau khi quan hệ,,,
U lành tính đường mật,buồn nôn,đau hạ sườn phải,vàng da,,,,,
Viêm hậu môn cấp,đầy hơi,đau bụng,táo bón,tiêu chảy,đi ngoài ra máu,sốt,,
Viêm thanh quản mạn,đau ngực,khó thở,ho,thở khò khè,sốt,,,
Ung thư dây thần kinh,chóng mặt,chán ăn,sụt cân,yếu liệt tay chân,đau đầu,mệt mỏi,co giật,
Viêm niệu quản,đau lưng,tiểu rắt,khó thở,,,,,
Ung thư cổ tử cung,đau khi quan hệ,đau bụng dưới,sụt cân,mệt mỏi,,,,
Viêm thực quản cấp,chán ăn,buồn nôn,sốt,,,,,
Hẹp nội tâm mạc,hồi hộp,khó thở,mệt mỏi,đau ngực,,,,
Viêm cơ tim cấp,phù chân,đau dữ dội,sốt,hồi hộp,khó thở,đau ngực,,
Nhiễm trùng ruột thừa,đi ngoài ra máu,đau bụng,tiêu chảy,đầy hơi,táo bón,,,
Viêm võng mạc,mắt đỏ,sốt,cộm mắt,,,,,
Ung thư trực tràng,đầy hơi,đi ngoài ra máu,táo bón,mệt mỏi,tiêu chảy,sụt cân,,
Viêm dạ dày cấp,đầy hơi,đau thượng vị,buồn nôn,ợ chua,chán ăn,đau dữ dội,,
Áp xe tiểu phế quản,sốt,khó thở,sưng,ho có đờm,ho,,,
Viêm khớp gối mạn,cứng khớp,đau khớp,đau xương,hạn chế vận động,kéo dài,sưng khớp,mệt mỏi,
Đau nửa đầu,đau đầu,nhạy cảm ánh sáng,buồn nôn,,,,,
Viêm tuyến bã cấp,phát ban,ngứa,mụn nước,,,,,
U lành tính amidan,đau tai,ho,khàn tiếng,nghẹt mũi,,,,
Động kinh,co giật,mất ý thức,lơ mơ,,,,,
Viêm niệu quản,đau lưng,tiểu buốt,tiểu nhiều lần,tiểu rắt,,,,
Viêm niệu quản mạn,đau lưng,tiểu ra máu,tiểu buốt,,,,,
Phình động mạch chủ,khó thở,phù chân,mệt mỏi,hồi hộp,,,,
Gout,đau khớp,đau dữ dội về đêm,sưng khớp,,,,,
Ung thư móng,chán ăn,phát ban,sụt cân,ngứa,bong tróc da,mệt mỏi,,
Viêm nội tâm mạc cấp,đau ngực,phù chân,mệt mỏi,đau dữ dội,khó thở,hồi hộp,cứng khớp,
Cảm lạnh,ho,sổ mũi,mệt mỏi,hắt hơi,nghẹt mũi,,,
Ung thư thanh quản,đau ngực,ho có đờm,thở khò khè,chán ăn,ho,,,
Áp xe đường mật,đau,buồn nôn,đau hạ sườn phải,vàng da,sưng,sốt,,
Viêm sụn khớp cấp,cứng khớp,hạn chế vận động,đau dữ dội,,,,,
Nhiễm trùng nang lông,bong tróc da,sốt,ớn lạnh,phát ban,da đỏ,,,
Viêm khí quản cấp,khó thở,đau ngực,sốt,thở khò khè,ho có đờm,,,
Xơ gan,phù chân,đau hạ sườn phải,vàng da,,,,,
Ung thư tâm vị,đầy hơi,sụt cân,chán ăn,ợ chua,mệt mỏi,buồn nôn,,
Nhiễm trùng tuyến tiền liệt,sốt,đau khi quan hệ,ra khí hư,ớn lạnh,đau bụng dưới,,,
Suy thận,tiểu ít,mệt mỏi,phù chân,buồn nôn,da xanh xao,,,
Viêm van tim,đau ngực,sốt,phù chân,mệt mỏi,,,,
Thiếu máu,da xanh xao,chóng mặt,mệt mỏi,,,,,
Sởi,sốt cao,ho,phát ban,,,,,
Ung thư túi mật,vàng da,đau hạ sườn phải,sụt cân,chán ăn,,,,
Viêm cổ tử cung,rối loạn kinh nguyệt,ra khí hư,,,,,,
Sỏi bàng quang,tiểu buốt,ho có đờm,đau lưng,tiểu ra máu,tiểu nhiều lần,,,
Áp xe lách,vàng da,buồn nôn,đau,sốt,mệt mỏi,,,
Viêm tai giữa,sốt,,,,,,,
Viêm tuyến lệ cấp,mờ mắt,mắt đỏ,đau mắt,sốt,,,,
Viêm mống mắt,đau mắt,chảy nước mắt,mắt đỏ,,,,,
Viêm khớp gối,đau xương,sưng khớp,đau khớp,hạn chế vận động,cứng khớp,,,
Nhiễm trùng buồng trứng,đau khi quan hệ,ra khí hư,rối loạn kinh nguyệt,đau bụng dưới,,,,
Rối loạn lo âu,khó thở,lo lắng quá mức,mất ngủ,,,,,
Phình màng ngoài tim,khó thở,phù chân,mệt mỏi,,,,,
U lành tính tinh hoàn,ra khí hư,đau khi quan hệ,,,,,,
Nhiễm trùng mào tinh hoàn,đau khi quan hệ,sốt,đau bụng dưới,,,,,
Viêm tinh hoàn,rối loạn kinh nguyệt,đau khi quan hệ,đau bụng dưới,,,,,
Viêm niệu đạo,tiểu buốt,tiểu ra máu,tiểu nhiều lần,tiểu rắt,sốt,,,
Viêm vòi trứng cấp,đau bụng dưới,sốt,đau dữ dội,ra khí hư,,,,
Sỏi bể thận,tiểu ra máu,tiểu buốt,,,,,,
Cường giáp,hồi hộp,run tay,mất ngủ,sụt cân,,,,
Áp xe gan,sưng,đau,đau hạ sườn phải,sốt,mệt mỏi,chán ăn,,
Rối loạn lo âu,khó thở,lo lắng quá mức,hồi hộp,,,,,
Viêm kết mạc cấp,cộm mắt,đau mắt,mắt đỏ,đau dữ dội,,,,
Viêm nang lông,phát ban,mụn nước,,,,,,
Phình động mạch chủ,mệt mỏi,phù chân,sưng hạch,khó thở,,,,
Áp xe khí quản,khó thở,sốt,thở khò khè,ho có đờm,đau,,,
U lành tính amidan,đau tai,nghẹt mũi,khàn tiếng,,,,,
Ung thư móng,mệt mỏi,sụt cân,bong tróc da,chán ăn,,,,
Ung thư niệu đạo,tiểu nhiều lần,mệt mỏi,đau lưng,tiểu rắt,tiểu buốt,chán ăn,tiểu ra máu,
Viêm hậu môn,đi ngoài ra máu,đau bụng,,,,,,
Ung thư gan,sụt cân,chán ăn,vàng da,đau hạ sườn phải,mệt mỏi,,,
Viêm động mạch chủ mạn,đau ngực,sốt,phù chân,,,,,
Viêm trung thất,ho,ho có đờm,thở khò khè,,,,,
Viêm màng ngoài tim cấp,sốt,đau dữ dội,mệt mỏi,đau ngực,,,,
Lao khớp vai,sưng khớp,đổ mồ hôi đêm,sốt nhẹ,cứng khớp,hạn chế vận động,sụt cân,,
Viêm bể thận,tiểu nhiều lần,tiểu rắt,tiểu ra máu,,,,,
Viêm tá tràng,chán ăn,đầy hơi,ợ chua,sốt,,,,
Viêm thận,đau lưng,tiểu nhiều lần,tiểu buốt,tiểu ra máu,tiểu rắt,sốt,,
Viêm nang lông,sốt,mụn nước,da đỏ,ngứa,,,,
Áp xe đường mật,mệt mỏi,sốt,đau hạ sườn phải,chán ăn,,,,
Viêm giác mạc cấp,chảy nước mắt,đau dữ dội,cộm mắt,mắt đỏ,,,,
Parkinson,chậm chạp,run tay,đi lại khó,mất thăng bằng,cứng đờ,,,
Viêm gân gót,đau xương,sưng khớp,,,,,,
U lành tính tuyến bã,da đỏ,bong tróc da,mụn nước,,,,,
Đau nửa đầu,chóng mặt,đổ mồ hôi đêm,đau đầu,,,,,
Ung thư thận,tiểu rắt,mệt mỏi,sụt cân,chán ăn,tiểu buốt,đau lưng,,
Viêm màng ngoài tim cấp,khó thở,mệt mỏi,phù chân,đau dữ dội,đau ngực,đau tai,,
Ngộ độc thực phẩm,mất nước,sốt,buồn nôn,nôn,tiêu chảy,,,
Viêm trực tràng,tiêu chảy,sốt,táo bón,đau bụng,,,,
Nhiễm trùng ruột thừa,táo bón,ớn lạnh,sốt,đau bụng,tiêu chảy,đầy hơi,,
Nhiễm trùng hồi tràng,sốt,tiêu chảy,táo bón,đầy hơi,ớn lạnh,,,
Viêm trực tràng mạn,táo bón,kéo dài,đầy hơi,đau bụng,,,,
Viêm trực tràng,tiêu chảy,táo bón,đau bụng,,,,,
Tay chân miệng,sốt,phát ban,loét miệng,mệt mỏi,chán ăn,,,
Viêm da cấp,đau dữ dội,bong tróc da,mụn nước,ngứa,,,,
Viêm lách,vàng da,mệt mỏi,đau hạ sườn phải,,,,,
Viêm dây thanh mạn,sốt,đau tai,mệt mỏi,nghẹt mũi,khàn tiếng,,,
Viêm tiểu phế quản cấp,thở khò khè,ho có đờm,khó thở,da đỏ,đau ngực,,,
Viêm tuyến tiền liệt mạn,đau khi quan hệ,đau bụng dưới,ra khí hư,kéo dài,mệt mỏi,,,
Viêm cột sống cổ mạn,nôn,đau xương,cứng khớp,hạn chế vận động,,,,
Viêm tai ngoài,khàn tiếng,đau họng,nghẹt mũi,ho,sốt,,,
Viêm hồi tràng,đi ngoài ra máu,sốt,tiêu chảy,đau bụng,,,,
Viêm khí quản cấp,sốt,ho có đờm,ho,khó thở,đau dữ dội,thở khò khè,,
Ung thư đại tràng,táo bón,nhạy cảm ánh sáng,đi ngoài ra máu,sụt cân,đầy hơi,tiêu chảy,,
U lành tính xoang,ho,khàn tiếng,đau họng,,,,,
Viêm dây thanh mạn,nghẹt mũi,đau họng,ho,đau tai,kéo dài,sốt,,
Viêm van tim,khó thở,phù chân,mệt mỏi,sốt,,,,
Táo bón,đau bụng,đi ngoài khó,phân cứng,,,,,
Đột quỵ,mờ mắt,đau đầu dữ dội,yếu liệt tay chân,méo miệng,nói khó,,,
U lành tính nang lông,da đỏ,bong tróc da,,,,,,
Loét tâm vị,đầy hơi,đau,chóng mặt,đau thượng vị,,,,
Ung thư màng não,chóng mặt,chán ăn,đau đầu,yếu liệt tay chân,tê tay chân,,,
U lành tính họng,nghẹt mũi,đau họng,đau tai,,,,,
Viêm bể thận,tiểu ra máu,tiểu nhiều lần,tiểu rắt,,,,,
Ung thư thực quản,mệt mỏi,đầy hơi,đau thượng vị,sụt cân,buồn nôn,,,
Viêm cột sống cổ mạn,đau xương,mệt mỏi,hạn chế vận động,cứng khớp,sốt,sưng khớp,,
Viêm màng não,sốt cao,đau đầu dữ dội,cứng cổ,nhạy cảm ánh sáng,,,,
Viêm cơ tim mạn,kéo dài,khó thở,phù chân,hồi hộp,đau ngực,sốt,,
Ung thư đường mật,mệt mỏi,đau hạ sườn phải,chán ăn,sụt cân,buồn nôn,vàng da,,
U lành tính cổ tử cung,rối loạn kinh nguyệt,đau bụng dưới,,,,,,
Viêm bao hoạt dịch cấp,đau dữ dội,sưng khớp,hạn chế vận động,sốt,đau quặn thận,cứng khớp,,
Viêm da cấp,sốt,mụn nước,ngứa,bong tróc da,đau dữ dội,phát ban,,
Nhiễm trùng ruột thừa,đi ngoài ra máu,táo bón,,,,,,
U lành tính bờ mi,đau mắt,mờ mắt,chảy nước mắt,cộm mắt,,,,
U lành tính họng,đau họng,đau tai,ho,khàn tiếng,,,,
Đau nửa đầu,chóng mặt,buồn nôn,đau đầu,nhạy cảm ánh sáng,nôn,,,
U lành tính buồng trứng,ra khí hư,đau bụng dưới,đau khi quan hệ,da đỏ,rối loạn kinh nguyệt,,,
Áp xe túi mật,buồn nôn,đau,sốt,vàng da,,,,
Viêm tuyến tiền liệt cấp,đau dữ dội,đau bụng dưới,rối loạn kinh nguyệt,,,,,
Viêm khớp háng cấp,sưng khớp,đau dữ dội,cứng khớp,,,,,
Nhiễm trùng da,ngứa mắt,mụn nước,sốt,ớn lạnh,ngứa,,,
Lao gân gót,hạn chế vận động,sụt cân,cứng khớp,đau khớp,sưng khớp,,,
Viêm gân gót cấp,đau khớp,sốt,cứng khớp,,,,,
Xơ gan,đau hạ sườn phải,phù chân,mệt mỏi,chán ăn,vàng da,,,
Viêm khớp gối cấp,đau dữ dội,đau xương,sốt,cứng khớp,,,,
Ngộ độc thực phẩm,tiêu chảy,đau bụng,méo miệng,sốt,mất nước,buồn nôn,nôn,
Viêm khớp gối mạn,cứng khớp,mệt mỏi,đau xương,đau khớp,sưng khớp,,,
Áp xe phổi,ho có đờm,cứng khớp,ho,sốt,thở khò khè,,,
Polyp thực quản,đầy hơi,đau thượng vị,chán ăn,,,,,
Parkinson,đi lại khó,chậm chạp,mất thăng bằng,run tay,,,,
Phình nội tâm mạc,mệt mỏi,hồi hộp,đau ngực,,,,,
Viêm manh tràng cấp,đau bụng,đau dữ dội,đầy hơi,táo bón,,,,
Ung thư xoang,sụt cân,khàn tiếng,nghẹt mũi,mệt mỏi,,,,
Viêm khí quản,sốt,thở khò khè,khó thở,đau ngực,ho,,,
U lành tính tụy,chán ăn,đau thượng vị,đau hạ sườn phải,,,,,
Sỏi mật,buồn nôn,sốt,vàng da,,,,,
Trầm cảm,mất ngủ,khó tập trung,chán ăn,buồn bã kéo dài,,,,
Nhồi máu cơ tim,đổ mồ hôi lạnh,hồi hộp,khó thở,đau ngực,,,,
U lành tính lách,chán ăn,vàng da,mệt mỏi,,,,,
Viêm giác mạc mạn,cộm mắt,chảy nước mắt,mắt đỏ,kéo dài,đau mắt,mệt mỏi,,
Viêm da,sốt,ngứa,mụn nước,bong tróc da,phát ban,da đỏ,,
Thoái hóa bao hoạt dịch,cứng khớp,đau khớp,đau xương,,,,,
Viêm mống mắt mạn,đau mắt,chảy nước mắt,cộm mắt,,,,,
Viêm màng ngoài tim,đau ngực,khó thở,phù chân,,,,,
Viêm kết mạc mạn,mờ mắt,kéo dài,mệt mỏi,mắt đỏ,đau mắt,sốt,,
Viêm tuyến tiền liệt,đau khi quan hệ,sốt,đau bụng dưới,,,,,
Viêm võng mạc mạn,mắt đỏ,chảy nước mắt,đau mắt,mệt mỏi,kéo dài,sốt,cộm mắt,
Ung thư niệu đạo,đau lưng,sụt cân,tiểu buốt,tiểu ra máu,mệt mỏi,,,
Viêm móng cấp,da đỏ,bong tróc da,ngứa,sốt,,,,
Viêm thận cấp,tiểu rắt,tiểu nhiều lần,tiểu ra máu,đau dữ dội,đau lưng,sốt,,
Suy giáp,mệt mỏi,táo bón,rụng tóc,sợ lạnh,ngứa mắt,tăng cân,,
Viêm vòm họng cấp,khàn tiếng,đau tai,nghẹt mũi,đau họng,,,,
Thoái hóa khớp háng,cứng khớp,đau xương,đau khớp,,,,,
Viêm kết mạc mạn,mờ mắt,sốt,kéo dài,đau mắt,cộm mắt,,,
U lành tính bờ mi,cộm mắt,chảy nước mắt,mắt đỏ,mờ mắt,đau mắt,,,
Viêm võng mạc cấp,chảy nước mắt,mờ mắt,mắt đỏ,đau dữ dội,,,,
Nhiễm trùng ruột non,đau bụng,táo bón,đi ngoài ra máu,ớn lạnh,đầy hơi,tiểu ít,,
Viêm tai giữa cấp,khàn tiếng,đau tai,đau họng,ho,sốt,đau dữ dội,,
Viêm tâm vị,sốt,ợ chua,chán ăn,đau thượng vị,đầy hơi,buồn nôn,,
Ung thư dây thanh,đau họng,ho,mệt mỏi,khàn tiếng,chán ăn,sụt cân,,
Viêm thực quản,đầy hơi,,,,,,,
Ung thư cổ tử cung,rối loạn kinh nguyệt,đau bụng dưới,chán ăn,sụt cân,đau khi quan hệ,ra khí hư,mệt mỏi,
Viêm mào tinh hoàn,đau bụng dưới,ra khí hư,sốt,,,,,
Viêm võng mạc,sốt,cộm mắt,mắt đỏ,mờ mắt,,,,
Viêm trực tràng mạn,mệt mỏi,tiêu chảy,kéo dài,táo bón,sốt,đi ngoài ra máu,đau bụng,đầy hơi
Thoái hóa khớp gối,cứng khớp,đau khớp,hạn chế vận động,đau xương,,,,
Viêm cột sống cổ mạn,sốt,hạn chế vận động,cứng khớp,sưng khớp,,,,
Viêm họng mạn,mệt mỏi,đau họng,kéo dài,khàn tiếng,sốt,đau tai,ho,
Phình cơ tim,khó thở,mệt mỏi,,,,,,
Viêm màng não,sốt cao,đau đầu dữ dội,cứng cổ,lơ mơ,nhạy cảm ánh sáng,,,
Viêm tai giữa mạn,đau tai,kéo dài,khàn tiếng,nghẹt mũi,,,,
Viêm khớp vai,khó nuốt,đau khớp,đau xương,sốt,sưng khớp,,,
Nhiễm trùng niệu đạo,đau lưng,ớn lạnh,tiểu buốt,tiểu rắt,,,,
Lao sụn khớp,đổ mồ hôi đêm,hạn chế vận động,đau khớp,sụt cân,,,,
Viêm thận mạn,tiểu ra máu,đau lưng,tiểu buốt,mệt mỏi,sốt,,,
Viêm vòi trứng mạn,mệt mỏi,đau khi quan hệ,đau bụng dưới,sốt,rối loạn kinh nguyệt,,,
Hẹp màng ngoài tim,khó thở,mệt mỏi,hồi hộp,phù chân,,,,
U lành tính vòm họng,đau họng,ho,nghẹt mũi,,,,,
Thoái hóa khớp gối,hạn chế vận động,đau xương,sưng khớp,cứng khớp,,,,
Áp xe phổi,sốt,ho,ho có đờm,,,,,
Viêm trực tràng mạn,sốt,kéo dài,táo bón,ù tai,tiêu chảy,đầy hơi,,
Nhiễm trùng niệu quản,đau lưng,tiểu ra máu,,,,,,
Thoái hóa bao hoạt dịch,cứng khớp,sưng khớp,hạn chế vận động,,,,,
Viêm phế quản mạn,ho có đờm,khó thở,sốt,đau ngực,,,,
Viêm tử cung mạn,đau khi quan hệ,,,,,,,
Viêm buồng trứng mạn,đau khi quan hệ,sốt,rối loạn kinh nguyệt,,,,,
Viêm túi mật,chán ăn,buồn nôn,mệt mỏi,vàng da,,,,
Viêm nội tâm mạc mạn,khó thở,hồi hộp,đau ngực,,,,,
Viêm cột sống cổ cấp,sưng khớp,đau dữ dội,sốt,hạn chế vận động,cứng khớp,đau xương,,
Viêm gân gót cấp,cứng khớp,sốt,đau mắt,đau dữ dội,hạn chế vận động,sưng khớp,đau khớp,
Hẹp động mạch chủ,đau ngực,mệt mỏi,hồi hộp,khó thở,,,,
Ung thư thận,tiểu rắt,sụt cân,tiểu nhiều lần,đau lưng,chán ăn,tiểu buốt,,
Viêm hậu môn,đi ngoài ra máu,sốt,đau bụng,,,,,
Ung thư màng phổi,ho có đờm,ho,sụt cân,thở khò khè,chán ăn,khó thở,,
Viêm màng ngoài tim mạn,phù chân,mệt mỏi,khó thở,hồi hộp,sốt,kéo dài,,
Viêm van tim,mệt mỏi,phù chân,hồi hộp,,,,,
Viêm gân gót,đau xương,cứng khớp,sưng khớp,sốt,,,,
Viêm van tim,đau ngực,hồi hộp,phù chân,mệt mỏi,,,,
Ung thư gan,mệt mỏi,sụt cân,,,,,,
Viêm thận mạn,tiểu nhiều lần,mệt mỏi,tiểu ra máu,,,,,
Áp xe đường mật,đau,đau hạ sườn phải,chán ăn,buồn nôn,mệt mỏi,sốt,sưng,
Viêm bàng quang cấp,sốt,tiểu nhiều lần,tiểu rắt,tiểu buốt,,,,
Viêm dây thần kinh,tê tay chân,đau đầu,chóng mặt,sốt,,,,
Ung thư tuyến bã,bong tróc da,mụn nước,mệt mỏi,da đỏ,phát ban,sụt cân,,
Viêm khớp dạng thấp,sưng khớp,cứng khớp,đau khớp,,,,,
Hẹp động mạch chủ,khó thở,đau ngực,mệt mỏi,,,,,
U lành tính vòm họng,đau họng,khàn tiếng,nghẹt mũi,ho,đau tai,,,
Viêm trực tràng mạn,đầy hơi,mệt mỏi,táo bón,đi ngoài ra máu,tiêu chảy,đau bụng,,
Áp xe gan,buồn nôn,đau hạ sườn phải,chán ăn,mệt mỏi,vàng da,sốt,,
Viêm đại tràng cấp,táo bón,tiêu chảy,đầy hơi,đi ngoài ra máu,đau bụng,,,
Viêm móng,sốt,mụn nước,ngứa,,,,,
Viêm tai giữa cấp,đau họng,nghẹt mũi,đau tai,đau dữ dội,,,,
Viêm khớp háng,sốt,sưng khớp,,,,,,
Viêm thận cấp,đau lưng,tiểu rắt,tiểu ra máu,sốt,,,,
Viêm ruột thừa cấp,tiêu chảy,táo bón,đau bụng,đi ngoài ra máu,đầy hơi,sốt,,
Viêm tụy mạn,vàng da,mệt mỏi,sốt,,,,,
Viêm thận mạn,đau lưng,tiểu ra máu,tiểu nhiều lần,tiểu buốt,kéo dài,tiểu rắt,,
Viêm gan,buồn nôn,mệt mỏi,chán ăn,vàng da,đau hạ sườn phải,,,
Nhiễm trùng buồng trứng,rối loạn kinh nguyệt,sốt,ra khí hư,đau bụng dưới,,,,
Viêm van tim cấp,nước tiểu đục,đau ngực,khó thở,phù chân,,,,
Viêm ruột non mạn,táo bón,đau bụng,kéo dài,đầy hơi,,,,
Viêm túi mật,vàng da,mệt mỏi,cứng khớp,chán ăn,,,,
Viêm phế quản,sốt nhẹ,ho có đờm,khó thở,,,,,
Viêm kết mạc,chảy nước mắt,ngứa mắt,cộm mắt,ghèn mắt,mắt đỏ,,,
U lành tính vòm họng,đau họng,ho,đau tai,nghẹt mũi,,,,
Polyp tâm vị,buồn nôn,đau thượng vị,đầy hơi,chán ăn,đi ngoài ra máu,,,
Polyp manh tràng,đi ngoài ra máu,đau bụng,tiêu chảy,,,,,
Viêm đại tràng cấp,đau bụng,đi ngoài ra máu,tiêu chảy,sốt,,,,
Nhiễm trùng niệu đạo,tiểu nhiều lần,tiểu buốt,tiểu rắt,,,,,
Cường giáp,sụt cân,mất ngủ,run tay,hồi hộp,lồi mắt,,,
Viêm nội tâm mạc cấp,đau ngực,khó thở,phù chân,mệt mỏi,sốt,hồi hộp,,
Viêm sụn khớp,đau xương,cứng khớp,sưng khớp,đau khớp,sốt,,,
Dị ứng,hắt hơi,ngứa,nghẹt mũi,chảy nước mắt,,,,
Viêm amidan cấp,đau họng,sốt,nghẹt mũi,ho,khàn tiếng,đau tai,,
Đột quỵ,nói khó,đau đầu dữ dội,méo miệng,mờ mắt,,,,
Hen suyễn,ho,thở khò khè,khó thở,,,,,
Viêm tụy cấp,đau hạ sườn phải,buồn nôn,mệt mỏi,,,,,
U lành tính tụy,đau hạ sườn phải,vàng da,chán ăn,,,,,
Viêm võng mạc cấp,đau dữ dội,sốt,cộm mắt,chảy nước mắt,đau mắt,mờ mắt,mắt đỏ,
Viêm âm đạo,tăng cân,rối loạn kinh nguyệt,ra khí hư,,,,,
Viêm tiểu phế quản,khó thở,thở khò khè,đau ngực,ho,,,,
Viêm giác mạc mạn,đau mắt,mắt đỏ,mệt mỏi,chảy nước mắt,,,,
Ung thư tá tràng,sụt cân,ợ chua,rối loạn kinh nguyệt,đầy hơi,,,,
Áp xe túi mật,vàng da,sưng,đau hạ sườn phải,sốt,,,,
Viêm cơ tim,vàng da,hồi hộp,phù chân,khó thở,mệt mỏi,đau ngực,sốt,
Viêm giác mạc cấp,đau dữ dội,mắt đỏ,sốt,cộm mắt,,,,
Động kinh,co giật,mất ý thức,đau đầu,,,,,
Loét tá tràng,ợ chua,chán ăn,buồn nôn,,,,,
Cảm cúm,sốt cao,đau họng,đau nhức cơ,mệt mỏi,ớn lạnh,,,
Viêm cột sống mạn,hạn chế vận động,kéo dài,đau xương,tiểu ra máu,mệt mỏi,cứng khớp,,
Nhiễm trùng da,ngứa,ớn lạnh,sốt,mụn nước,phát ban,bong tróc da,,
Viêm lách cấp,mệt mỏi,chán ăn,sốt,đau hạ sườn phải,buồn nôn,,,
Ung thư da,chán ăn,sụt cân,mụn nước,da đỏ,phát ban,,,
Ung thư thanh quản,ho,thở khò khè,đau ngực,ho có đờm,khó thở,sụt cân,mệt mỏi,
Viêm vòi trứng,đau bụng dưới,rối loạn kinh nguyệt,ra khí hư,,,,,
Ung thư dây thanh,chán ăn,đau họng,mệt mỏi,khàn tiếng,nghẹt mũi,ho,sụt cân,đau tai
Viêm khớp gối mạn,sốt,đau khớp,kéo dài,sưng khớp,mệt mỏi,,,
Polyp trực tràng,tiêu chảy,táo bón,đi ngoài ra máu,đầy hơi,,,,
Nhiễm trùng manh tràng,đi ngoài ra máu,đau bụng,đầy hơi,ớn lạnh,sốt,,,
Nhiễm trùng niệu quản,khó nuốt,tiểu buốt,ớn lạnh,tiểu ra máu,,,,
Hẹp nội tâm mạc,mệt mỏi,hồi hộp,,,,,,
Viêm niệu đạo,sốt,tiểu nhiều lần,tiểu buốt,,,,,
Thoái hóa bao hoạt dịch,đau xương,cứng khớp,sưng khớp,hạn chế vận động,,,,
Nhiễm trùng ruột thừa,táo bón,đi ngoài ra máu,tiêu chảy,ớn lạnh,,,,
Nhiễm trùng đại tràng,đi ngoài ra máu,đầy hơi,đau bụng,sốt,tiêu chảy,,,
Ung thư gan,đau hạ sườn phải,sụt cân,mệt mỏi,buồn nôn,,,,
Đau nửa đầu,chóng mặt,nhạy cảm ánh sáng,,,,,,
Viêm phổi,khó thở,đau ngực,sốt cao,,,,,
Viêm da,bong tróc da,,,,,,,
Loét thực quản,đau thượng vị,đầy hơi,ợ chua,chán ăn,,,,
U lành tính gan,vàng da,hạn chế vận động,chán ăn,mệt mỏi,,,,
Nhiễm trùng mào tinh hoàn,ra khí hư,sốt,rối loạn kinh nguyệt,đau bụng dưới,,,,
U lành tính kết mạc,đau mắt,mờ mắt,cộm mắt,chảy nước mắt,,,,
Áp xe đường mật,buồn nôn,sốt,đau,vàng da,,,,
U lành tính vòm họng,đau họng,ho,nghẹt mũi,khàn tiếng,đau tai,,,
Ung thư cổ tử cung,mệt mỏi,đau khi quan hệ,đau bụng dưới,sụt cân,rối loạn kinh nguyệt,,,
U lành tính giác mạc,cộm mắt,mờ mắt,chảy nước mắt,mắt đỏ,,,,
Viêm thận mạn,tiểu buốt,sốt,tiểu ra máu,tiểu rắt,đau lưng,kéo dài,,
Áp xe màng phổi,sốt,đau,sưng,ho,khó thở,thở khò khè,,
Viêm lách mạn,vàng da,mệt mỏi,chán ăn,đau hạ sườn phải,,,,
Viêm võng mạc mạn,sốt,mắt đỏ,mệt mỏi,cộm mắt,mờ mắt,,,
Phình nội tâm mạc,hồi hộp,phù chân,đau ngực,khó thở,mệt mỏi,,,
Sởi,phát ban,sổ mũi,sốt cao,ho,,,,
Phình van tim,phù chân,đau ngực,mệt mỏi,khó thở,,,,
Viêm khớp vai mạn,cứng khớp,đau khớp,hạn chế vận động,sưng khớp,mệt mỏi,,,
Viêm thanh quản mạn,đau ngực,ho,ho có đờm,thở khò khè,,,,
Tiểu đường,đói nhiều,sụt cân,tiểu nhiều,khát nước nhiều,,,,
U lành tính mống mắt,mờ mắt,chảy nước mắt,mắt đỏ,đau mắt,,,,
Trĩ,ngứa hậu môn,đi ngoài ra máu,đau hậu môn,sa búi trĩ,,,,
Thoái hóa khớp vai,sưng khớp,đau khớp,,,,,,
Viêm kết mạc mạn,chảy nước mắt,đau mắt,mắt đỏ,mệt mỏi,,,,
Viêm túi mật mạn,buồn nôn,vàng da,chán ăn,sốt,,,,
U lành tính tai ngoài,nghẹt mũi,khàn tiếng,tiểu ra máu,đau họng,,,,
Viêm phế quản cấp,sốt,khó thở,ho có đờm,ho,,,,
Ung thư màng não,yếu liệt tay chân,đau đầu,sụt cân,chán ăn,tê tay chân,mệt mỏi,,
Sỏi mật,đau hạ sườn phải,đau nhức cơ,buồn nôn,vàng da,sốt,,,
Viêm hậu môn mạn,đau bụng,đi ngoài ra máu,kéo dài,mệt mỏi,đầy hơi,,,
Viêm khớp háng,sốt,đau xương,cứng khớp,sưng khớp,hạn chế vận động,,,
Viêm thận mạn,chảy máu cam,tiểu buốt,đau lưng,tiểu ra máu,tiểu nhiều lần,sốt,mệt mỏi,
Viêm nội tâm mạc cấp,mệt mỏi,phù chân,khó thở,đau ngực,sưng môi,hồi hộp,,
Lao cột sống,sụt cân,sưng khớp,đổ mồ hôi đêm,hạn chế vận động,sốt nhẹ,cứng khớp,,
Viêm tuyến lệ cấp,đau dữ dội,mờ mắt,đau mắt,cộm mắt,,,,
Viêm màng ngoài tim mạn,kéo dài,hồi hộp,khó thở,,,,,
U lành tính vòm họng,nghẹt mũi,ho,đau họng,,,,,
Nhồi máu cơ tim,khó thở,đổ mồ hôi lạnh,đau ngực,,,,,
Viêm thực quản mạn,mệt mỏi,đầy hơi,buồn nôn,,,,,
Viêm ruột thừa cấp,đau dữ dội,tiêu chảy,đau bụng,sốt,đầy hơi,,,
Polyp hậu môn,đau bụng,tiêu chảy,đi ngoài ra máu,táo bón,,,,
Ung thư thực quản,buồn nôn,sụt cân,đầy hơi,mệt mỏi,,,,
Viêm màng phổi cấp,ho có đờm,thở khò khè,ho,,,,,
Viêm dạ dày mạn,chán ăn,sốt,ợ chua,buồn nôn,mệt mỏi,,,
U lành tính họng,đau họng,đau tai,nghẹt mũi,,,,,
Nhiễm trùng tuyến tiền liệt,sốt,ra khí hư,đau bụng dưới,,,,,
Lao sụn khớp,sụt cân,đau xương,đỏ khớp,sưng khớp,đau khớp,hạn chế vận động,,
Sỏi mật,đau hạ sườn phải,vàng da,buồn nôn,,,,,
Viêm tai giữa cấp,ho,đau họng,đau tai,nghẹt mũi,đau dữ dội,khàn tiếng,,
Polyp hồi tràng,đau bụng,tiêu chảy,táo bón,méo miệng,đầy hơi,đi ngoài ra máu,,
Viêm âm đạo mạn,đau khi quan hệ,đau bụng dưới,kéo dài,rối loạn kinh nguyệt,,,,
Nhiễm trùng tuyến bã,da đỏ,mụn nước,ngứa,,,,,
U lành tính bờ mi,cộm mắt,chảy nước mắt,,,,,,
U lành tính vòi trứng,rối loạn kinh nguyệt,ra khí hư,đau quặn thận,,,,,
U lành tính tuyến tiền liệt,đau khi quan hệ,đau bụng dưới,ra khí hư,,,,,
Hẹp động mạch chủ,phù chân,mệt mỏi,khó thở,hồi hộp,đau ngực,,,
Ung thư khí quản,chán ăn,ho có đờm,đau ngực,thở khò khè,sụt cân,mệt mỏi,khó thở,ho
Ung thư dạ dày,buồn nôn,chán ăn,mệt mỏi,sụt cân,,,,
Viêm móng,da đỏ,bong tróc da,mụn nước,sốt,ngứa,,,
Viêm âm đạo cấp,đau khi quan hệ,sốt,ra khí hư,rối loạn kinh nguyệt,,,,
Áp xe lách,mệt mỏi,sưng,vàng da,sốt,buồn nôn,,,
Áp xe tiểu phế quản,mắt đỏ,ho,sốt,khó thở,thở khò khè,đau ngực,,
Áp xe khí quản,sốt,ho có đờm,sưng,khó thở,đau,,,
Viêm manh tràng cấp,đi ngoài ra máu,sốt,táo bón,đau bụng,đầy hơi,tiêu chảy,,
Viêm trực tràng cấp,táo bón,tiêu chảy,đầy hơi,đi ngoài ra máu,đau dữ dội,,,
Nhiễm trùng tinh hoàn,sốt,rối loạn kinh nguyệt,đau khi quan hệ,,,,,
Viêm vòm họng mạn,nghẹt mũi,đau họng,mệt mỏi,khàn tiếng,,,,
Viêm dạ dày cấp,buồn nôn,chán ăn,ợ chua,sốt,,,,
Polyp dạ dày,đau thượng vị,buồn nôn,ợ chua,đầy hơi,,,,
Viêm tai ngoài cấp,đau họng,đau tai,nghẹt mũi,sốt,đau dữ dội,ho,,
Viêm niệu đạo mạn,đau lưng,tiểu buốt,tiểu rắt,tiểu ra máu,kéo dài,,,
Ung thư manh tràng,sụt cân,chán ăn,tiêu chảy,đầy hơi,đi ngoài ra máu,,,
Viêm tai ngoài,ngứa mắt,sốt,đau tai,nghẹt mũi,đau họng,,,
Viêm phổi mạn,ho,sốt,ho có đờm,khó thở,mệt mỏi,thở khò khè,,
Phình động mạch chủ,mệt mỏi,khó thở,hồi hộp,,,,,
Trào ngược dạ dày,ợ nóng,đau ngực,tiểu ra máu,ợ chua,,,,
Viêm giác mạc cấp,cộm mắt,chảy nước mắt,đau mắt,mắt đỏ,,,,
U lành tính tinh hoàn,đau bụng dưới,ra khí hư,đau khi quan hệ,,,,,
Áp xe thanh quản,đau ngực,sốt,ho có đờm,ho,,,,
Viêm móng mạn,sốt,bong tróc da,phát ban,nước tiểu đục,da đỏ,mụn nước,,
Viêm lách,vàng da,đau hạ sườn phải,mệt mỏi,,,,,
Viêm tâm vị mạn,ợ chua,mệt mỏi,kéo dài,sốt,,,,
Ung thư manh tràng,đau bụng,táo bón,sụt cân,tiêu chảy,chán ăn,đầy hơi,,
Viêm sụn khớp,hạn chế vận động,cứng khớp,đau khớp,sốt,đau xương,sưng khớp,,
Viêm động mạch chủ,phù chân,khó thở,đau ngực,hồi hộp,sốt,,,
Nhiễm trùng vòi trứng,đau khi quan hệ,rối loạn kinh nguyệt,ra khí hư,sốt,đau bụng dưới,,,
Viêm đường mật mạn,mệt mỏi,vàng da,đau hạ sườn phải,,,,,
Viêm màng não cấp,sốt,yếu liệt tay chân,chóng mặt,co giật,tê tay chân,đau dữ dội,,
Phình nội tâm mạc,hồi hộp,đau bụng,mệt mỏi,,,,,
Viêm bờ mi mạn,cộm mắt,sốt,đau mắt,kéo dài,mờ mắt,,,
Viêm tụy cấp,đau hạ sườn phải,buồn nôn,đau dữ dội,chán ăn,,,,
Viêm tử cung mạn,đau khi quan hệ,mệt mỏi,ra khí hư,đau bụng dưới,,,,
Viêm tâm vị cấp,đau dữ dội,buồn nôn,đầy hơi,đau thượng vị,chán ăn,,,
Viêm bàng quang,tiểu buốt,nước tiểu đục,tiểu nhiều lần,tiểu rắt,,,,
Viêm cột sống cổ mạn,cứng khớp,hạn chế vận động,sưng khớp,đau xương,,,,
Viêm đường mật mạn,lồi mắt,chán ăn,đau hạ sườn phải,vàng da,buồn nôn,,,
Suy thận,da xanh xao,khó thở,mệt mỏi,phù chân,tiểu ít,,,
Viêm đại tràng cấp,đau dữ dội,tiêu chảy,sốt,táo bón,đau bụng,đi ngoài ra máu,,
Ung thư gan,mệt mỏi,đau hạ sườn phải,sụt cân,,,,,
U lành tính buồng trứng,rối loạn kinh nguyệt,,,,,,,
Viêm lách cấp,mệt mỏi,sốt,đau hạ sườn phải,,,,,
U lành tính võng mạc,mờ mắt,đau mắt,mắt đỏ,cộm mắt,,,,
Nhiễm trùng niệu đạo,đau lưng,tiểu ra máu,tiểu rắt,tiểu buốt,,,,
Nhiễm trùng tinh hoàn,sốt,đau khi quan hệ,ớn lạnh,đau bụng dưới,,,,
Rối loạn lo âu,hồi hộp,lo lắng quá mức,chóng mặt,khó thở,mất ngủ,,,
Ung thư tâm vị,buồn nôn,chán ăn,mệt mỏi,sụt cân,ợ chua,đầy hơi,,
Viêm âm đạo,đau khi quan hệ,ra khí hư,rối loạn kinh nguyệt,buồn bã kéo dài,,,,
U lành tính họng,đau họng,đau tai,đổ mồ hôi lạnh,ho,khàn tiếng,,,
Viêm tinh hoàn mạn,đau bụng dưới,đau khi quan hệ,mệt mỏi,ra khí hư,,,,
Gout,đau dữ dội về đêm,tiểu rắt,đau khớp,sưng khớp,đỏ khớp,,,
Sỏi bể thận,tiểu buốt,tiểu nhiều lần,đau lưng,,,,,
Ung thư bể thận,tiểu ra máu,tiểu buốt,chán ăn,mệt mỏi,tiểu rắt,sụt cân,,
U lành tính cổ tử cung,đau bụng dưới,rối loạn kinh nguyệt,,,,,,
Ung thư cổ tử cung,sụt cân,đau bụng dưới,đau khi quan hệ,ra khí hư,khát nước nhiều,,,
U lành tính màng não,co giật,đi ngoài ra máu,chóng mặt,,,,,
Ngộ độc thực phẩm,tiêu chảy,buồn nôn,mất nước,,,,,
Viêm dạ dày mạn,chán ăn,đầy hơi,ợ chua,mệt mỏi,đau thượng vị,kéo dài,,
Viêm lách mạn,đau hạ sườn phải,chán ăn,mệt mỏi,vàng da,sốt,buồn nôn,,
Viêm thực quản cấp,chán ăn,ợ chua,đau thượng vị,đau dữ dội,,,,
Viêm khí quản mạn,ho,mệt mỏi,ho có đờm,khó thở,đau ngực,,,
Viêm ruột thừa mạn,đau bụng,đi ngoài ra máu,táo bón,kéo dài,,,,
Viêm tá tràng mạn,chán ăn,buồn nôn,đầy hơi,kéo dài,,,,
Ung thư dây thần kinh,co giật,chóng mặt,sụt cân,đau đầu,yếu liệt tay chân,chán ăn,tê tay chân,
Viêm mào tinh hoàn cấp,ra khí hư,đau khi quan hệ,rối loạn kinh nguyệt,sốt,đau bụng dưới,,,
Polyp ruột non,đầy hơi,đi ngoài ra máu,táo bón,,,,,
Ung thư ruột non,đầy hơi,tiêu chảy,mệt mỏi,chán ăn,táo bón,đau bụng,sụt cân,
Nhiễm trùng âm đạo,sốt,đau bụng dưới,ớn lạnh,ra khí hư,rối loạn kinh nguyệt,,,
Viêm amidan mạn,nghẹt mũi,đau họng,ho,đau tai,sốt,mệt mỏi,,
Viêm niệu quản mạn,tiểu rắt,tiểu buốt,tiểu nhiều lần,kéo dài,đau lưng,,,
Viêm đường mật cấp,chán ăn,đau dữ dội,đau hạ sườn phải,vàng da,,,,
Viêm tiểu phế quản mạn,ho có đờm,kéo dài,sốt,đau ngực,ho,,,
Viêm bàng quang,tiểu buốt,tiểu nhiều lần,tiểu rắt,,,,,
Nhồi máu cơ tim,buồn nôn,đau ngực,khó thở,đổ mồ hôi lạnh,,,,
Viêm vòm họng,nghẹt mũi,đau họng,ho,,,,,
Viêm móng mạn,kéo dài,da đỏ,sốt,ngứa,phát ban,mụn nước,mất khứu giác,bong tróc da
Viêm thực quản,ợ chua,buồn nôn,chán ăn,đau thượng vị,đầy hơi,,,
Viêm thực quản mạn,chán ăn,buồn nôn,đau thượng vị,kéo dài,mệt mỏi,đầy hơi,,
Tay chân miệng,loét miệng,sốt,chán ăn,,,,,
Viêm động mạch chủ cấp,đau ngực,phù chân,đau dữ dội,,,,,
Viêm hậu môn,đau bụng,tiêu chảy,đi ngoài ra máu,,,,,
Ung thư tuyến bã,mụn nước,ngứa,chán ăn,sụt cân,phát ban,mệt mỏi,,
Ung thư đường mật,sụt cân,đau hạ sườn phải,vàng da,chán ăn,,,,
Viêm hồi tràng mạn,táo bón,đau bụng,mệt mỏi,sốt,đi ngoài ra máu,,,
Viêm khớp vai,đau khớp,sốt,cứng khớp,sưng khớp,,,,
Viêm cột sống cổ,hạn chế vận động,sưng khớp,sốt,đau xương,đau khớp,,,
Hẹp màng ngoài tim,hồi hộp,khó thở,đau ngực,phù chân,,,,
Lao khớp háng,cứng khớp,hạn chế vận động,sụt cân,sưng khớp,đổ mồ hôi đêm,,,
Ung thư khí quản,ho có đờm,đau ngực,nghẹt mũi,sụt cân,ho,chán ăn,,
U lành tính túi mật,mệt mỏi,chán ăn,buồn nôn,vàng da,,,,
Viêm gân gót,sưng khớp,hạn chế vận động,cứng khớp,,,,,
Ung thư tai ngoài,đau tai,sụt cân,nghẹt mũi,đau họng,ho,,,
Viêm niệu đạo,tiểu ra máu,tiểu buốt,tiểu nhiều lần,,,,,
Viêm phổi cấp,khát nước nhiều,sốt,ho có đờm,thở khò khè,ho,,,
Ung thư hậu môn,đi ngoài ra máu,táo bón,chán ăn,sụt cân,đầy hơi,,,
Tiểu đường,đói nhiều,tiểu nhiều,khát nước nhiều,,,,,
U lành tính da,phát ban,bong tróc da,da đỏ,ngứa,mụn nước,,,
Viêm cột sống cổ cấp,cứng khớp,đau bụng,đau xương,đau dữ dội,sưng khớp,sốt,hạn chế vận động,
Viêm cổ tử cung cấp,rối loạn kinh nguyệt,đau dữ dội,đau khi quan hệ,ra khí hư,,,,
Viêm manh tràng,đầy hơi,đau bụng,tiêu chảy,,,,,
Viêm dây thanh,ho,đau họng,nghẹt mũi,đau tai,sốt,khàn tiếng,,
Phình van tim,hồi hộp,khó thở,táo bón,mệt mỏi,,,,
Viêm phế quản mạn,sốt,ho,đau ngực,ho có đờm,,,,
Tiểu đường,mờ mắt,tiểu nhiều,mệt mỏi,đói nhiều,,,,
Viêm túi mật,sốt,mệt mỏi,vàng da,chán ăn,buồn nôn,,,
Ung thư amidan,chán ăn,nghẹt mũi,đau tai,đau họng,sụt cân,khàn tiếng,,
Viêm hậu môn mạn,đau bụng,tiêu chảy,táo bón,kéo dài,,,,
Viêm thanh quản cấp,thở khò khè,sốt,ho có đờm,đau dữ dội,ho,,,
U lành tính tuyến lệ,mờ mắt,đau mắt,mắt đỏ,khó nuốt,,,,
Viêm động mạch chủ,đau ngực,mệt mỏi,hồi hộp,,,,,
Parkinson,cứng đờ,đi lại khó,run tay,,,,,
Viêm da mạn,da đỏ,ngứa,mệt mỏi,mụn nước,,,,
Trầm cảm,buồn bã kéo dài,mất ngủ,sưng tuyến mang tai,chán ăn,mệt mỏi,,,
Viêm tinh hoàn cấp,đau dữ dội,rối loạn kinh nguyệt,đau khi quan hệ,đau bụng dưới,sưng khớp,sốt,,
Viêm động mạch chủ,khó thở,hồi hộp,phù chân,đau ngực,sốt,,,
Sỏi niệu đạo,tiểu ra máu,đau lưng,tiểu buốt,,,,,
Sỏi bể thận,đau lưng,tiểu nhiều lần,tiểu buốt,,,,,
Viêm da,phát ban,da đỏ,bong tróc da,mụn nước,,,,
Thiếu máu,chóng mặt,nhạy cảm ánh sáng,da xanh xao,khó thở,mệt mỏi,,,
Ung thư bàng quang,đau lưng,sụt cân,tiểu buốt,mệt mỏi,chán ăn,tiểu ra máu,,
Nhiễm trùng móng,phát ban,sốt,bong tróc da,,,,,
Polyp dạ dày,đau thượng vị,ợ chua,đi ngoài ra máu,buồn nôn,,,,
Polyp ruột non,đau bụng,táo bón,tiêu chảy,đi ngoài ra máu,,,,
Ung thư tuyến bã,mệt mỏi,phát ban,sụt cân,ngứa,bong tróc da,mụn nước,chán ăn,
Viêm bàng quang,đau bụng dưới,tiểu buốt,tiểu nhiều lần,tiểu rắt,,,,
Viêm tuyến bã cấp,mụn nước,đau dữ dội,phát ban,,,,,
Viêm tinh hoàn mạn,kéo dài,sốt,ra khí hư,đau khi quan hệ,,,,
U lành tính da,bong tróc da,da đỏ,ngứa,,,,,
U lành tính lách,chán ăn,vàng da,mệt mỏi,,,,,
Viêm khí quản,khó thở,thở khò khè,đau ngực,ho,ho có đờm,,,
Viêm gan mạn,vàng da,mệt mỏi,đau hạ sườn phải,sốt,buồn nôn,,,
Viêm đường mật,mệt mỏi,vàng da,buồn nôn,đau hạ sườn phải,,,,
U lành tính họng,ho,đau họng,đau tai,nghẹt mũi,,,,
U lành tính mào tinh hoàn,đau bụng dưới,rối loạn kinh nguyệt,ra khí hư,đau khi quan hệ,,,,
Viêm màng ngoài tim,phù chân,khó thở,đau ngực,sốt,,,,
Viêm giác mạc cấp,mắt đỏ,cộm mắt,đau dữ dội,sốt,,,,
Ung thư trung thất,sụt cân,đau ngực,ho có đờm,ho,thở khò khè,,,
Viêm màng não cấp,chóng mặt,yếu liệt tay chân,,,,,,
Viêm ruột thừa cấp,đau dữ dội,đau bụng,tiêu chảy,đầy hơi,táo bón,đi ngoài ra máu,sốt cao,
Trĩ,đau hậu môn,sa búi trĩ,ngứa hậu môn,khó thở,đi ngoài ra máu,,,
Viêm túi mật mạn,mệt mỏi,sốt,vàng da,buồn nôn,đau hạ sườn phải,,,
Viêm hồi tràng cấp,đi ngoài ra máu,táo bón,,,,,,
Ung thư mào tinh hoàn,ra khí hư,đau khi quan hệ,rối loạn kinh nguyệt,,,,,
Nhiễm trùng ruột non,sốt,đi ngoài ra máu,đau bụng,ớn lạnh,tiêu chảy,,,
Ung thư khí quản,thở khò khè,ho,đau ngực,sụt cân,chán ăn,ho có đờm,khó thở,
Viêm manh tràng,tiêu chảy,sốt,đầy hơi,,,,,
Lao gân gót,đau xương,hạn chế vận động,sụt cân,,,,,
Viêm bể thận,tiểu rắt,sốt,tiểu nhiều lần,tiểu ra máu,,,,
Viêm vòm họng,ho,,,,,,,
Viêm tai giữa mạn,mệt mỏi,đau họng,kéo dài,đau tai,khàn tiếng,ho,nghẹt mũi,
U lành tính họng,ho,đau tai,đau họng,khàn tiếng,,,,
Viêm nang lông mạn,ngứa,bong tróc da,mụn nước,,,,,
Nhiễm trùng thận,tiểu buốt,sốt,tiểu nhiều lần,,,,,
Áp xe phổi,khó thở,mất ngủ,đau ngực,ho,đau,ho có đờm,,
U lành tính túi mật,buồn nôn,vàng da,đau hạ sườn phải,,,,,
Nhiễm trùng hậu môn,tiêu chảy,đầy hơi,ớn lạnh,đi ngoài ra máu,đau bụng,,,
U lành tính tai giữa,đau tai,ho,khàn tiếng,đau họng,,,,
Sỏi bể thận,đau quặn thận,tiểu buốt,tiểu nhiều lần,tiểu rắt,đau lưng,,,
Polyp hồi tràng,táo bón,đau bụng,tiêu chảy,đầy hơi,lo lắng quá mức,,,
Viêm lách mạn,kéo dài,chán ăn,sốt,mệt mỏi,buồn nôn,đau hạ sườn phải,,
Ung thư niệu quản,tiểu buốt,mệt mỏi,tiểu nhiều lần,tiểu rắt,tiểu ra máu,đau lưng,,
Động kinh,co giật,mất ý thức,đau đầu,,,,,
Viêm manh tràng cấp,đầy hơi,đi ngoài ra máu,khát nước nhiều,táo bón,tiêu chảy,,,
Nhiễm trùng tinh hoàn,đau khi quan hệ,ra khí hư,rối loạn kinh nguyệt,ớn lạnh,đau bụng dưới,,,
Ung thư hậu môn,đi ngoài ra máu,táo bón,đau bụng,mệt mỏi,buồn nôn,đầy hơi,sụt cân,
Viêm thanh quản cấp,ho,đau ngực,đau dữ dội,thở khò khè,ho có đờm,,,
Viêm khớp gối,hạn chế vận động,đau khớp,cứng khớp,,,,,
Sỏi bàng quang,đau lưng,tiểu nhiều lần,tiểu ra máu,,,,,
Nhiễm trùng móng,ngứa,da đỏ,phát ban,bong tróc da,,,,
Suy thận,mệt mỏi,tiểu ít,da xanh xao,phù chân,,,,
Viêm da cấp,sốt,đau dữ dội,bong tróc da,phát ban,,,,
Nhiễm trùng đại tràng,đau bụng,sốt,ớn lạnh,tiêu chảy,,,,
Viêm buồng trứng,đau bụng dưới,sốt,đau hố chậu phải,,,,,
Viêm niệu đạo mạn,tiểu buốt,tiểu nhiều lần,đau lưng,mệt mỏi,kéo dài,tiểu rắt,,
Viêm đường mật mạn,chán ăn,vàng da,mệt mỏi,đau hạ sườn phải,,,,
Nhiễm trùng thận,ớn lạnh,đau lưng,tiểu buốt,sốt,tiểu ra máu,tiểu nhiều lần,,
Polyp dạ dày,đầy hơi,ợ chua,buồn nôn,,,,,
Viêm tuyến lệ mạn,sổ mũi,mờ mắt,mắt đỏ,,,,,
Thoái hóa khớp háng,sưng khớp,đỏ khớp,đau khớp,đau xương,hạn chế vận động,,,
Viêm van tim,phù chân,hồi hộp,,,,,,
Viêm niệu đạo mạn,đau lưng,tiểu rắt,tiểu buốt,tiểu ra máu,,,,
Áp xe trung thất,đau,thở khò khè,ho có đờm,khó thở,sốt,đau ngực,,
Viêm bao hoạt dịch cấp,sốt,sưng khớp,hạn chế vận động,,,,,
Gout,nóng khớp,đỏ khớp,sưng khớp,đau khớp,,,,
Viêm xoang cấp,nghẹt mũi,đau họng,khàn tiếng,,,,,
Viêm tâm vị,buồn nôn,sốt,đầy hơi,,,,,
U lành tính tuyến bã,da đỏ,ngứa,phát ban,,,,,
Viêm màng phổi cấp,thở khò khè,đau dữ dội,ho,đau ngực,ho có đờm,,,
Tăng huyết áp,chóng mặt,hồi hộp,đau đầu,,,,,
Viêm hậu môn mạn,đau bụng,táo bón,đầy hơi,sốt,,,,
Viêm mống mắt mạn,mờ mắt,cộm mắt,,,,,,
Viêm tai giữa,đau tai,sốt,,,,,,
Viêm phổi mạn,mệt mỏi,khó thở,ho có đờm,đau ngực,thở khò khè,,,
Ung thư tuyến tiền liệt,chán ăn,mệt mỏi,đau khi quan hệ,ra khí hư,sụt cân,,,
Viêm phế quản cấp,ho,ho có đờm,khó thở,,,,,
Suy thận,mệt mỏi,da xanh xao,phù chân,tiểu ít,,,,
Viêm cột sống cấp,cứng khớp,hạn chế vận động,đau khớp,,,,,
Viêm ruột thừa,đau hố chậu phải,chán ăn,đau bụng,,,,,
Ung thư vòm họng,sụt cân,đau tai,khàn tiếng,ho,,,,
Áp xe màng phổi,sốt,ho,đau ngực,khó thở,đầy hơi,thở khò khè,,
Viêm túi mật,mệt mỏi,đau hạ sườn phải,chán ăn,vàng da,,,,
Viêm bao hoạt dịch mạn,mệt mỏi,kéo dài,cứng khớp,đau khớp,đau xương,,,
Zona thần kinh,sốt nhẹ,mụn nước,đau rát da,phát ban,,,,
Ung thư niệu đạo,sụt cân,tiểu rắt,đau lưng,mệt mỏi,tiểu ra máu,,,
Sỏi bể thận,đau quặn thận,tiểu nhiều lần,tiểu buốt,đau lưng,tiểu ra máu,,,
U lành tính cổ tử cung,rối loạn kinh nguyệt,ra khí hư,đau khi quan hệ,đau bụng dưới,,,,
Ung thư khí quản,khó thở,đau ngực,sụt cân,chán ăn,,,,
Áp xe thanh quản,ho,ho có đờm,đau,sưng,đau ngực,,,
Viêm bể thận mạn,mệt mỏi,tiểu nhiều lần,tiểu rắt,đau lưng,sốt,,,
Viêm tai giữa mạn,khàn tiếng,đau tai,nghẹt mũi,ho,mệt mỏi,,,
Viêm tai giữa cấp,đau họng,sốt,ho,đau tai,đau dữ dội,,,
Viêm tuyến tiền liệt mạn,đau bụng dưới,mệt mỏi,đau khi quan hệ,ra khí hư,rối loạn kinh nguyệt,,,
Áp xe tiểu phế quản,ợ chua,ho,sốt,khó thở,đau ngực,,,
Nhiễm trùng hậu môn,tiêu chảy,sốt,đi ngoài ra máu,táo bón,đau bụng,ớn lạnh,đầy hơi,
Viêm tai ngoài,ho,đau tai,nghẹt mũi,đau họng,khàn tiếng,,,
Viêm giác mạc,đau mắt,chảy nước mắt,cộm mắt,,,,,
Viêm bể thận mạn,tiểu nhiều lần,kéo dài,tiểu rắt,,,,,
Viêm tử cung,đau khi quan hệ,đau bụng dưới,rối loạn kinh nguyệt,ra khí hư,loét miệng,,,
Lao cột sống,sốt nhẹ,sụt cân,hạn chế vận động,đổ mồ hôi đêm,sưng khớp,cứng khớp,,
Viêm phổi,đau ngực,đau khớp,sốt cao,ho có đờm,khó thở,,,
Polyp ruột non,đi ngoài ra máu,táo bón,đau bụng,,,,,
Viêm màng ngoài tim cấp,mệt mỏi,hồi hộp,,,,,,
Ung thư tụy,mệt mỏi,chán ăn,vàng da,sụt cân,buồn nôn,,,
Viêm van tim,mệt mỏi,phù chân,sốt,,,,,
Viêm tâm vị mạn,đầy hơi,ợ chua,kéo dài,,,,,
Viêm gân gót cấp,cứng khớp,đau dữ dội,hạn chế vận động,đau khớp,sốt,,,
Polyp đại tràng,tiêu chảy,đau bụng,ù tai,đi ngoài ra máu,táo bón,,,
U lành tính mống mắt,đau mắt,chảy nước mắt,cộm mắt,,,,,
Viêm khớp vai,cứng khớp,đau khớp,sưng khớp,hạn chế vận động,sốt,,,
U lành tính nang lông,phát ban,ngứa,da đỏ,mụn nước,,,,
Polyp hậu môn,mất hứng thú,đi ngoài ra máu,táo bón,,,,,
Ung thư hậu môn,đi ngoài ra máu,sụt cân,đau bụng,đầy hơi,tiêu chảy,táo bón,chán ăn,
Áp xe thanh quản,sưng,ho có đờm,ho,sốt,,,,
Nhiễm trùng âm đạo,ra khí hư,rối loạn kinh nguyệt,ớn lạnh,,,,,
Viêm trung thất mạn,ho có đờm,sốt,ho,thở khò khè,khó thở,kéo dài,mệt mỏi,
Viêm vòi trứng,đau sau hốc mắt,ra khí hư,đau khi quan hệ,đau bụng dưới,,,,
Viêm van tim,phù chân,hồi hộp,mệt mỏi,đau ngực,,,,
U lành tính tai ngoài,nghẹt mũi,khàn tiếng,đau họng,ho,,,,
Lao khớp gối,sụt cân,đau khớp,sốt nhẹ,đổ mồ hôi đêm,cứng khớp,đau xương,hạn chế vận động,
Viêm động mạch chủ mạn,sốt,đau ngực,hồi hộp,phù chân,mệt mỏi,kéo dài,,
Viêm da,sụt cân,bong tróc da,,,,,,
Viêm manh tràng,sốt,đầy hơi,đau bụng,đi ngoài ra máu,tiêu chảy,,,
U lành tính tụy,chán ăn,đau hạ sườn phải,,,,,,
U lành tính tuyến bã,bong tróc da,da đỏ,phát ban,mụn nước,ngứa,,,
U lành tính tụy,vàng da,chán ăn,,,,,,
Viêm cột sống cổ,cứng khớp,đau xương,sốt,sưng khớp,hạn chế vận động,đau khớp,,
Viêm móng cấp,da đỏ,đau dữ dội,phát ban,mụn nước,,,,
Trào ngược dạ dày,ợ chua,khó nuốt,ợ nóng,,,,,
Loét tá tràng,chán ăn,đau thượng vị,đau,ợ chua,,,,
Zona thần kinh,phát ban,mụn nước,đau rát da,ngứa,,,,
Hẹp nội tâm mạc,hồi hộp,mệt mỏi,khó thở,phù chân,đau ngực,,,
Viêm thận cấp,tiểu rắt,,,,,,,
Viêm đại tràng mạn,kéo dài,đi ngoài ra máu,tiêu chảy,đầy hơi,,,,
Polyp đại tràng,tiêu chảy,đi ngoài ra máu,đau bụng,táo bón,,,,
Cường giáp,hồi hộp,run tay,sụt cân,,,,,
Ung thư âm đạo,rối loạn kinh nguyệt,chán ăn,sụt cân,đau khi quan hệ,,,,
Sỏi thận,tiểu ra máu,đau quặn thận,đau lưng,buồn nôn,,,,
Thoái hóa khớp háng,đau xương,cứng khớp,hạn chế vận động,,,,,
Lao gân gót,đau khớp,cứng khớp,sưng khớp,hạn chế vận động,sụt cân,,,
Viêm đại tràng cấp,đầy hơi,phù chân,đi ngoài ra máu,tiêu chảy,đau bụng,,,
Ung thư họng,sụt cân,mệt mỏi,khàn tiếng,đau họng,nghẹt mũi,ho,,
Sỏi niệu đạo,tiểu rắt,tiểu buốt,đau quặn thận,tiểu nhiều lần,đau lưng,tiểu ra máu,,
Ung thư thực quản,sụt cân,ợ chua,đầy hơi,đau thượng vị,buồn nôn,,,
Viêm mống mắt cấp,mờ mắt,đau mắt,mắt đỏ,chảy nước mắt,cộm mắt,sốt,,
Viêm đại tràng mạn,đầy hơi,táo bón,tiêu chảy,đau bụng,,,,
Ung thư phổi,đau ngực,khó thở,thở khò khè,sụt cân,chán ăn,ho,,
Thoái hóa khớp háng,đau xương,hạn chế vận động,,,,,,
Sỏi niệu quản,tiểu rắt,tiểu ra máu,tiểu nhiều lần,tiểu buốt,,,,
Viêm lách mạn,chán ăn,đau hạ sườn phải,vàng da,sốt,,,,
Viêm phế quản,đau ngực,mệt mỏi,ho có đờm,,,,,
Viêm gan cấp,buồn nôn,vàng da,sốt,mệt mỏi,,,,
Viêm sụn khớp mạn,hạn chế vận động,kéo dài,đau xương,,,,,
Thoái hóa khớp gối,hạn chế vận động,cứng khớp,đau xương,,,,,
Cảm cúm,sốt cao,đau đầu,ho,đau nhức cơ,đau họng,,,
Ung thư amidan,chán ăn,khàn tiếng,ho,đau tai,đau bụng dưới,mệt mỏi,sụt cân,đau họng
Nhiễm trùng ruột thừa,đau bụng,tiêu chảy,táo bón,,,,,
Viêm giác mạc,cộm mắt,mờ mắt,chảy nước mắt,,,,,
Phình màng ngoài tim,khó thở,phù chân,mệt mỏi,,,,,
Viêm thận cấp,đau lưng,tiểu buốt,tiểu rắt,tiểu ra máu,tiểu nhiều lần,,,
Thoái hóa khớp háng,cứng khớp,đau xương,đau khớp,hạn chế vận động,,,,
Viêm bàng quang,tiểu rắt,tiểu buốt,tiểu nhiều lần,,,,,
Viêm nội tâm mạc,khó thở,,,,,,,
Viêm màng não,sốt cao,lơ mơ,buồn nôn,đau đầu dữ dội,cứng cổ,,,
U lành tính tuyến lệ,mờ mắt,chảy nước mắt,đau mắt,mắt đỏ,,,,
Viêm tinh hoàn cấp,sốt,rối loạn kinh nguyệt,đau bụng dưới,,,,,
Viêm tuyến lệ,cộm mắt,chảy nước mắt,mờ mắt,mắt đỏ,,,,
Viêm niệu quản,tiểu buốt,đau lưng,tiểu rắt,,,,,
Áp xe gan,buồn nôn,sốt,chán ăn,đau hạ sườn phải,,,,
Viêm tuyến tiền liệt,ra khí hư,đau bụng dưới,đau khi quan hệ,sốt,,,,
Viêm mống mắt,mờ mắt,chảy nước mắt,đau mắt,mắt đỏ,,,,
Viêm tiểu phế quản cấp,ho,thở khò khè,khó thở,ho có đờm,sốt,đau ngực,,
Viêm túi mật mạn,buồn nôn,mệt mỏi,chán ăn,vàng da,nói khó,,,
Ung thư hồi tràng,chán ăn,sụt cân,đi ngoài ra máu,đau bụng,đầy hơi,tiêu chảy,mệt mỏi,
Viêm bể thận cấp,đau lưng,tiểu buốt,tiểu nhiều lần,tiểu ra máu,sốt,,,
Viêm bể thận,tiểu nhiều lần,tiểu buốt,sốt,đau lưng,tiểu rắt,,,
Viêm niệu quản mạn,mất ý thức,kéo dài,mệt mỏi,tiểu rắt,đau lưng,tiểu buốt,,
Viêm gân gót cấp,đau dữ dội,đau xương,sốt,đau khớp,sưng khớp,,,
Viêm tiểu phế quản mạn,cứng khớp,đau ngực,ho có đờm,khó thở,kéo dài,mệt mỏi,thở khò khè,
Nhiễm trùng tuyến bã,ngứa,bong tróc da,da đỏ,sốt,,,,
Viêm ruột non,đầy hơi,sốt,táo bón,tiêu chảy,,,,
Viêm manh tràng mạn,kéo dài,đầy hơi,tiêu chảy,sốt,mệt mỏi,đau bụng,,
Thoái hóa khớp vai,đau xương,sưng khớp,đau khớp,hạn chế vận động,,,,
Viêm nội tâm mạc cấp,đau ngực,sốt,phù chân,đau dữ dội,mệt mỏi,hồi hộp,,
Ung thư âm đạo,đau bụng dưới,sụt cân,rối loạn kinh nguyệt,ra khí hư,đau khi quan hệ,,,
U lành tính nang lông,bong tróc da,ngứa,da đỏ,,,,,
Viêm màng phổi mạn,mệt mỏi,khó thở,đau ngực,sốt,thở khò khè,ho có đờm,,
Viêm cột sống,sưng khớp,đau xương,đau khớp,,,,,
Viêm phổi,mệt mỏi,khó thở,sốt cao,,,,,
Viêm tai ngoài cấp,ho,sốt,sưng khớp,đau tai,khàn tiếng,,,
Polyp manh tràng,tiêu chảy,đầy hơi,đi ngoài ra máu,táo bón,đau bụng,,,
Viêm van tim,hồi hộp,phù chân,mệt mỏi,khó thở,sốt,đau ngực,,
Viêm cột sống cổ mạn,đau khớp,cứng khớp,đau xương,mệt mỏi,hạn chế vận động,,,
U lành tính tuyến lệ,mắt đỏ,đau mắt,mờ mắt,,,,,
Polyp hậu môn,táo bón,tiêu chảy,đi ngoài ra máu,,,,,
Táo bón,đi ngoài khó,đầy hơi,phân cứng,đau bụng,,,,
Áp xe thanh quản,ho,khó thở,đau ngực,sốt,sưng,ho có đờm,,
U lành tính tuyến lệ,mờ mắt,mắt đỏ,cộm mắt,chảy nước mắt,,,,
Nhiễm trùng thận,sốt,đau lưng,tiểu buốt,tiểu nhiều lần,,,,
Viêm gan,mệt mỏi,chán ăn,nước tiểu sẫm màu,đau hạ sườn phải,vàng da,,,
U lành tính màng não,co giật,tê tay chân,đau đầu,chóng mặt,,,,
Nhiễm trùng cổ tử cung,rối loạn kinh nguyệt,đau bụng dưới,đau khi quan hệ,,,,,
Viêm manh tràng mạn,táo bón,đầy hơi,mệt mỏi,đi ngoài ra máu,đau bụng,,,
Viêm buồng trứng,sốt,rối loạn kinh nguyệt,,,,,,
Nhiễm trùng tuyến bã,da đỏ,ớn lạnh,mụn nước,ngứa,,,,
Xơ gan,phù chân,vàng da,mệt mỏi,bầm tím,chán ăn,,,
Lao khớp vai,sụt cân,sốt nhẹ,hạn chế vận động,giảm thính lực,đổ mồ hôi đêm,cứng khớp,,
Ung thư cổ tử cung,sụt cân,đau bụng dưới,rối loạn kinh nguyệt,,,,,
Viêm khớp vai mạn,mệt mỏi,hạn chế vận động,đau khớp,sốt,cứng đờ,,,
Viêm hậu môn cấp,tiêu chảy,đau bụng,đầy hơi,đau dữ dội,,,,
Viêm cột sống,cứng khớp,sưng khớp,đau xương,sốt,đau khớp,,,
Viêm vòm họng,ho,nghẹt mũi,khàn tiếng,sốt,đau họng,,,
Viêm kết mạc,ngứa mắt,mắt đỏ,,,,,,
Viêm màng phổi cấp,ho,ho có đờm,đau ngực,đau dữ dội,thở khò khè,,,
U lành tính tai ngoài,đau họng,ho,khàn tiếng,,,,,
Ung thư bể thận,sụt cân,mệt mỏi,tiểu nhiều lần,tiểu buốt,,,,
Viêm khớp háng mạn,hạn chế vận động,cứng khớp,sốt,đau khớp,kéo dài,đói nhiều,đau xương,
Ngộ độc thực phẩm,nôn,tiêu chảy,buồn nôn,mất nước,,,,
Viêm amidan cấp,nghẹt mũi,,,,,,,
Viêm tuyến bã,da đỏ,phát ban,,,,,,
Viêm khí quản mạn,kéo dài,khó thở,ho có đờm,sốt,ho,,,
Phình màng ngoài tim,mệt mỏi,phù chân,khó thở,,,,,
Viêm bể thận mạn,tiểu nhiều lần,tiểu buốt,đau lưng,tiểu rắt,,,,
Nhiễm trùng vòi trứng,rối loạn kinh nguyệt,ớn lạnh,đau khi quan hệ,ra khí hư,,,,
Viêm gan mạn,đau hạ sườn phải,mệt mỏi,loét miệng,,,,,
Ung thư tâm vị,ợ chua,chán ăn,đầy hơi,sụt cân,đau thượng vị,,,
Viêm động mạch chủ mạn,phù chân,sốt,đau ngực,,,,,
Viêm phổi cấp,ho,ho có đờm,khó thở,thở khò khè,,,,
Polyp manh tràng,đau bụng,đi ngoài ra máu,đầy hơi,táo bón,tiêu chảy,,,
Polyp dạ dày,chán ăn,ợ chua,buồn nôn,đau thượng vị,,,,
Viêm đại tràng,đi ngoài ra máu,đau bụng,tiêu chảy,đầy hơi,,,,
Ung thư tá tràng,chán ăn,sụt cân,mệt mỏi,đầy hơi,ợ chua,đau thượng vị,,
Viêm nang lông mạn,ngứa,da đỏ,mụn nước,sốt,kéo dài,,,
Ung thư manh tràng,mệt mỏi,sụt cân,đầy hơi,tiêu chảy,chán ăn,,,
Viêm vòm họng,sốt,đau họng,ho,,,,,
Nhiễm trùng ruột thừa,táo bón,ớn lạnh,tiêu chảy,sốt,,,,
Viêm đường mật cấp,đau dữ dội,đau hạ sườn phải,chán ăn,sốt,,,,
Viêm thanh quản cấp,ho có đờm,sốt,thở khò khè,,,,,
U lành tính lách,vàng da,,,,,,,
Ung thư họng,khàn tiếng,nghẹt mũi,sụt cân,đau họng,mệt mỏi,chán ăn,,
Ung thư móng,ngứa,sụt cân,mụn nước,da đỏ,bong tróc da,chán ăn,,
Viêm lách cấp,vàng da,chán ăn,mệt mỏi,đau hạ sườn phải,đau dữ dội,,,
Viêm hồi tràng cấp,tiêu chảy,đi ngoài ra máu,đầy hơi,đau dữ dội,đau bụng,,,
Nhiễm trùng đại tràng,đầy hơi,đi ngoài ra máu,đau bụng,,,,,
Viêm vòi trứng,ra khí hư,đau bụng dưới,,,,,,
Viêm vòm họng mạn,khàn tiếng,đau họng,sốt,mệt mỏi,,,,
Viêm đại tràng,đầy hơi,tiêu chảy,,,,,,
Viêm tai giữa mạn,đau tai,đau họng,nghẹt mũi,ho,mệt mỏi,,,
Viêm tụy cấp,buồn nôn,mệt mỏi,sốt,vàng da,đau hạ sườn phải,đau dữ dội,ợ nóng,
Viêm dây thần kinh,tê tay chân,yếu liệt tay chân,co giật,đau đầu,sốt,,,
Viêm sụn khớp mạn,đau xương,mệt mỏi,hạn chế vận động,kéo dài,cứng khớp,đau khớp,,
Viêm vòm họng,đau tai,đau họng,sốt,ho,,,,
Viêm gan,chán ăn,đau hạ sườn phải,buồn nôn,mệt mỏi,vàng da,,,
Sốt xuất huyết,đau sau hốc mắt,sốt cao,phát ban,chảy máu cam,đau đầu,,,
Ung thư tụy,chán ăn,sụt cân,đau hạ sườn phải,,,,,
Viêm sụn khớp cấp,hạn chế vận động,đau khớp,cứng khớp,sưng khớp,,,,
Áp xe màng phổi,sốt,ho có đờm,ho,đau ngực,thở khò khè,,,
Hẹp màng ngoài tim,hồi hộp,đau ngực,phù chân,,,,,
Viêm bờ mi mạn,sốt,chảy nước mắt,đau mắt,,,,,
Ngộ độc thực phẩm,tiêu chảy,nôn,mất nước,buồn nôn,sốt,,,
Viêm móng mạn,phát ban,mụn nước,,,,,,
Viêm da mạn,kéo dài,ngứa,mụn nước,da đỏ,,,,
Viêm lách cấp,đau hạ sườn phải,sốt,chán ăn,mệt mỏi,đau dữ dội,buồn nôn,,
Ung thư ruột non,tiêu chảy,chán ăn,sụt cân,đau bụng,mệt mỏi,táo bón,,
Ung thư tâm vị,sụt cân,ợ chua,đầy hơi,buồn nôn,đau thượng vị,chán ăn,,
Nhiễm trùng trực tràng,đau bụng,táo bón,sốt,đầy hơi,ớn lạnh,đi ngoài ra máu,,
U lành tính tai ngoài,đau họng,nghẹt mũi,đau tai,khàn tiếng,,,,
Parkinson,đi lại khó,chậm chạp,run tay,mất thăng bằng,cứng đờ,,,
Nhiễm trùng thận,tiểu rắt,đau lưng,tiểu nhiều lần,sốt,tiểu ra máu,tiểu buốt,,
Viêm túi mật,chán ăn,buồn nôn,vàng da,đau hạ sườn phải,mệt mỏi,,,
Viêm tuyến bã mạn,bong tróc da,sốt,mụn nước,kéo dài,phát ban,mệt mỏi,ớn lạnh,
Viêm niệu đạo cấp,tiểu buốt,tiểu ra máu,tiểu rắt,,,,,
Phình cơ tim,hồi hộp,mệt mỏi,khó thở,phù chân,,,,
Viêm tử cung cấp,đau rát da,rối loạn kinh nguyệt,sốt,đau bụng dưới,,,,
Polyp thực quản,chán ăn,buồn nôn,ợ chua,đau thượng vị,,,,
Viêm tuyến tiền liệt mạn,rối loạn kinh nguyệt,sốt,ra khí hư,đau bụng dưới,mệt mỏi,kéo dài,,
Viêm nang lông cấp,mụn nước,phát ban,bong tróc da,da đỏ,ngứa,,,
Viêm tá tràng cấp,chán ăn,đau thượng vị,buồn nôn,đầy hơi,sốt,,,
Ung thư buồng trứng,rối loạn kinh nguyệt,chán ăn,đau bụng dưới,sụt cân,,,,
Nhiễm trùng da,mụn nước,bong tróc da,ngứa,da đỏ,,,,
Viêm bờ mi,mờ mắt,chảy nước mắt,mắt đỏ,kéo dài,cộm mắt,,,
Viêm mống mắt,mắt đỏ,chảy nước mắt,đau mắt,,,,,
Hen suyễn,ho,thở khò khè,khó thở,,,,,
Viêm khớp háng cấp,đau xương,đau khớp,hạn chế vận động,cứng khớp,,,,
Viêm khớp gối mạn,sưng khớp,mệt mỏi,hạn chế vận động,kéo dài,đau khớp,đau xương,cứng khớp,
Viêm tiểu phế quản cấp,ho có đờm,đau ngực,thở khò khè,,,,,
Ung thư mào tinh hoàn,rối loạn kinh nguyệt,chán ăn,đau khi quan hệ,sụt cân,,,,
Ung thư túi mật,vàng da,sụt cân,mệt mỏi,đau hạ sườn phải,,,,
Viêm cổ tử cung mạn,rối loạn kinh nguyệt,ra khí hư,,,,,,
Viêm niệu quản mạn,tiểu rắt,đau lưng,kéo dài,tiểu buốt,,,,
Suy tim,ho,mệt mỏi,khó thở,đau ngực,phù chân,,,
Lao khớp gối,cứng khớp,sụt cân,đau xương,đổ mồ hôi đêm,hạn chế vận động,sốt nhẹ,sưng khớp,đau khớp
Viêm sụn khớp mạn,mệt mỏi,đau xương,hạn chế vận động,sốt,,,,
Viêm vòm họng,khàn tiếng,sốt,ho,đau tai,,,,
Viêm tinh hoàn mạn,sốt,kéo dài,mệt mỏi,rối loạn kinh nguyệt,ra khí hư,đau khi quan hệ,đau bụng dưới,
Lao khớp gối,sưng khớp,đau xương,đổ mồ hôi đêm,hạn chế vận động,sụt cân,,,
Ung thư mào tinh hoàn,sụt cân,rối loạn kinh nguyệt,đau bụng dưới,chán ăn,ra khí hư,đau khi quan hệ,,
Viêm ruột non,đầy hơi,tiêu chảy,đau bụng,đi ngoài ra máu,,,,
Viêm khớp gối cấp,hạn chế vận động,đau dữ dội,đau khớp,đau xương,cứng khớp,,,
Ung thư hồi tràng,sụt cân,đầy hơi,táo bón,đi ngoài ra máu,,,,
Polyp trực tràng,đi ngoài ra máu,đầy hơi,táo bón,,,,,
Viêm van tim cấp,phù chân,khó thở,hồi hộp,mệt mỏi,sốt,,,
Viêm tiểu phế quản mạn,ho có đờm,thở khò khè,mệt mỏi,đau ngực,ho,kéo dài,sốt,
Viêm đường mật,mệt mỏi,sốt,đau hạ sườn phải,vàng da,buồn nôn,,,
Viêm tuyến tiền liệt cấp,đau khi quan hệ,lơ mơ,đau dữ dội,đau bụng dưới,,,,
Áp xe thanh quản,ho,đau ngực,ho có đờm,đau,khó thở,,,
Viêm động mạch chủ mạn,mệt mỏi,phù chân,đau ngực,,,,,
Nhiễm trùng vòi trứng,đau khi quan hệ,đau bụng dưới,,,,,,
Nhiễm trùng manh tràng,đau bụng,sốt,ớn lạnh,đầy hơi,đi ngoài ra máu,táo bón,,
Nhiễm trùng tuyến bã,phát ban,ngứa,da đỏ,bong tróc da,sốt,,,
Viêm buồng trứng cấp,sốt,đau bụng dưới,ra khí hư,đau khi quan hệ,đau dữ dội,,,
Viêm bờ mi mạn,kéo dài,mờ mắt,đau mắt,cộm mắt,mệt mỏi,đầy hơi,mắt đỏ,sốt
Viêm móng cấp,ngứa,da đỏ,phát ban,bong tróc da,đau dữ dội,,,
Viêm phế quản,ho có đờm,mệt mỏi,khó thở,đau ngực,,,,
Viêm giác mạc mạn,mờ mắt,đau mắt,mắt đỏ,chảy nước mắt,mệt mỏi,kéo dài,,
Thoái hóa cột sống,sưng khớp,đau xương,hạn chế vận động,,,,,
Viêm buồng trứng cấp,đau khi quan hệ,đau bụng dưới,đau dữ dội,ra khí hư,rối loạn kinh nguyệt,,,
Viêm dây thanh mạn,nghẹt mũi,mệt mỏi,đau tai,ho,đau họng,khàn tiếng,,
Ung thư ruột non,tiêu chảy,táo bón,sụt cân,đau bụng,đầy hơi,,,
Sỏi niệu đạo,đau quặn thận,tiểu ra máu,đau lưng,tiểu buốt,,,,
Viêm động mạch chủ,đau ngực,phù chân,sốt,hồi hộp,khó thở,,,
U lành tính xoang,đau tai,khàn tiếng,đau họng,nghẹt mũi,,,,
Áp xe gan,sốt,mệt mỏi,đau hạ sườn phải,chán ăn,,,,
Viêm mào tinh hoàn cấp,đau khi quan hệ,rối loạn kinh nguyệt,đau bụng dưới,đau dữ dội,,,,
Thoái hóa khớp gối,cứng khớp,hạn chế vận động,đau xương,,,,,
Polyp trực tràng,đau bụng,táo bón,đầy hơi,tiêu chảy,đi ngoài ra máu,,,
Viêm kết mạc cấp,mắt đỏ,đau mắt,cộm mắt,mờ mắt,sốt,,,
Viêm tử cung,đau bụng dưới,sốt,rối loạn kinh nguyệt,ra khí hư,,,,
Viêm dây thanh,đau họng,sốt,nghẹt mũi,nổi mẩn,đau tai,ho,,
Viêm manh tràng cấp,đầy hơi,đi ngoài ra máu,đau bụng,,,,,
Viêm màng não,đau đầu dữ dội,cứng cổ,lơ mơ,sốt cao,,,,
U lành tính đường mật,buồn nôn,mệt mỏi,chán ăn,đau hạ sườn phải,,,,
Hẹp màng ngoài tim,hồi hộp,,,,,,,
Viêm hồi tràng,đau bụng,tiêu chảy,,,,,,
Ung thư túi mật,sụt cân,buồn nôn,chán ăn,đau hạ sườn phải,,,,
Trào ngược dạ dày,ho khan,ợ nóng,đau ngực,,,,,
Viêm sụn khớp cấp,đau xương,hạn chế vận động,đau khớp,cứng khớp,sốt,,,
Viêm giác mạc mạn,kéo dài,sốt,đau mắt,ho ra máu,mắt đỏ,chảy nước mắt,,
Viêm khí quản,đau ngực,ho có đờm,thở khò khè,ho,sốt,khó thở,,
U lành tính tuyến lệ,mắt đỏ,cộm mắt,mờ mắt,đau mắt,chảy nước mắt,,,
Thoái hóa cột sống cổ,sưng khớp,đau xương,đau khớp,hạn chế vận động,,,,
Viêm nội tâm mạc mạn,hồi hộp,đau ngực,khó thở,sốt,phù chân,,,
Viêm tuyến tiền liệt,đau khi quan hệ,ra khí hư,sốt,,,,,
Polyp hậu môn,táo bón,tiêu chảy,đi ngoài ra máu,đầy hơi,,,,
U lành tính xoang,ho,khàn tiếng,đau tai,đau họng,,,,
Viêm tuyến bã,sốt,mụn nước,phát ban,da đỏ,,,,
Lao khớp háng,sưng khớp,đau xương,hạn chế vận động,sụt cân,đau khớp,đổ mồ hôi đêm,,
Viêm tá tràng,chán ăn,đầy hơi,,,,,,
U lành tính lách,đau hạ sườn phải,chán ăn,mệt mỏi,,,,,
Viêm hồi tràng cấp,tiêu chảy,đau bụng,sưng môi,đầy hơi,đau dữ dội,đi ngoài ra máu,,
Viêm màng phổi,thở khò khè,khó thở,ho,sốt,,,,
Ung thư dây thanh,chán ăn,nghẹt mũi,ho,đau họng,sụt cân,,,
Viêm móng mạn,mệt mỏi,kéo dài,mụn nước,phát ban,bong tróc da,,,
COVID-19,mệt mỏi,mất khứu giác,đau họng,sốt,ho khan,,,
Viêm thận,đau lưng,tiểu ra máu,tiểu rắt,sốt,,,,
Viêm mống mắt mạn,mệt mỏi,kéo dài,cộm mắt,chảy nước mắt,đau mắt,mờ mắt,,
Hẹp màng ngoài tim,lồi mắt,hồi hộp,mệt mỏi,phù chân,khó thở,,,
Viêm tá tràng mạn,chán ăn,đầy hơi,sốt,,,,,
Viêm tuyến tiền liệt mạn,mệt mỏi,đau khi quan hệ,ra khí hư,đau bụng dưới,sốt,,,
Thủy đậu,phát ban,sốt,mụn nước,ngứa,,,,
Ung thư tiểu phế quản,thở khò khè,sụt cân,đau ngực,ho có đờm,ho,,,
Viêm thực quản,đầy hơi,chán ăn,ợ chua,,,,,
Viêm tụy mạn,tiểu nhiều,buồn nôn,,,,,,
Viêm bờ mi mạn,đau mắt,kéo dài,cộm mắt,sốt,mờ mắt,chảy nước mắt,,
Viêm võng mạc mạn,sốt,cộm mắt,,,,,,
Nhiễm trùng trực tràng,đầy hơi,ớn lạnh,tiêu chảy,táo bón,đi ngoài ra máu,,,
Ung thư trung thất,ho có đờm,khó thở,sụt cân,đau ngực,đau xương,ho,,
Viêm màng ngoài tim mạn,hồi hộp,kéo dài,khó thở,,,,,
Viêm võng mạc mạn,mờ mắt,sốt,mệt mỏi,mắt đỏ,cộm mắt,,,
Viêm thanh quản cấp,sốt,ho,thở khò khè,khó thở,ho có đờm,,,
Viêm nang lông,bong tróc da,sốt,ngứa,mụn nước,phát ban,da đỏ,,
Viêm mào tinh hoàn cấp,ra khí hư,đau bụng dưới,rối loạn kinh nguyệt,,,,,
U lành tính tụy,mệt mỏi,buồn nôn,đau hạ sườn phải,chán ăn,,,,
Viêm hậu môn cấp,táo bón,sốt,đau dữ dội,đi ngoài ra máu,tiêu chảy,đau bụng,,
Nhiễm trùng ruột thừa,đầy hơi,sốt,đổ mồ hôi đêm,táo bón,tiêu chảy,đau bụng,ớn lạnh,
Viêm dây thanh cấp,khàn tiếng,đau dữ dội,đau tai,nghẹt mũi,,,,
Thoái hóa sụn khớp,sưng khớp,cứng khớp,,,,,,
Viêm âm đạo mạn,đau khi quan hệ,ra khí hư,rối loạn kinh nguyệt,,,,,
Ung thư đường mật,vàng da,mệt mỏi,đau hạ sườn phải,sụt cân,,,,
Áp xe trung thất,ho có đờm,thở khò khè,sốt,sưng,khó thở,,,
Ung thư nang lông,bong tróc da,mệt mỏi,da đỏ,ngứa,sụt cân,chán ăn,,
Nhiễm trùng móng,sốt,phát ban,ngứa,da đỏ,mụn nước,,,
Viêm màng não cấp,co giật,tê tay chân,yếu liệt tay chân,sốt,chóng mặt,đau dữ dội,,
Áp xe phế quản,ho có đờm,khó thở,thở khò khè,sưng,đau,,,
Viêm kết mạc cấp,sốt,mắt đỏ,mờ mắt,,,,,
Ung thư lách,sụt cân,chán ăn,buồn nôn,mệt mỏi,đau hạ sườn phải,,,
Thủy đậu,chán ăn,phát ban,sốt,mụn nước,ngứa,,,
Viêm hồi tràng mạn,đi ngoài ra máu,tiêu chảy,đau bụng,kéo dài,táo bón,sốt,mệt mỏi,
U lành tính bờ mi,chảy nước mắt,cộm mắt,,,,,,
Viêm manh tràng,đi ngoài ra máu,tiêu chảy,táo bón,đầy hơi,đau bụng,lồi mắt,,
Viêm khớp vai cấp,cứng khớp,hạn chế vận động,đau khớp,đau xương,,,,
Viêm đại tràng cấp,sốt,đi ngoài ra máu,tiêu chảy,đầy hơi,đau dữ dội,đau bụng,,
Lao bao hoạt dịch,sụt cân,đau xương,cứng khớp,sưng khớp,hạn chế vận động,sốt nhẹ,đau khớp,
Ung thư thận,tiểu buốt,sụt cân,chán ăn,đau lưng,,,,
Nhiễm trùng buồng trứng,sốt,ra khí hư,đau khi quan hệ,đau bụng dưới,,,,
Ung thư gan,chán ăn,vàng da,buồn nôn,sụt cân,đau hạ sườn phải,mệt mỏi,,
Tăng huyết áp,hồi hộp,đau đầu,chóng mặt,mờ mắt,,,,
Viêm phế quản mạn,ho có đờm,sốt,khó thở,ho,kéo dài,mệt mỏi,đau ngực,
Viêm bể thận mạn,kéo dài,tiểu nhiều lần,tiểu rắt,tiểu ra máu,mệt mỏi,,,
Viêm bàng quang,tiểu rắt,tiểu buốt,tiểu nhiều lần,đau bụng dưới,,,,
Viêm âm đạo cấp,ra khí hư,rối loạn kinh nguyệt,đau bụng dưới,,,,,
Viêm bờ mi,chảy nước mắt,mắt đỏ,mờ mắt,,,,,
Viêm khớp vai,sưng khớp,cứng khớp,sốt,,,,,
Viêm khớp vai cấp,đau xương,sưng khớp,cứng khớp,hạn chế vận động,,,,
Viêm bàng quang mạn,sốt,tiểu nhiều lần,tiểu ra máu,tiểu buốt,,,,
Thoái hóa khớp vai,đau khớp,mất khứu giác,đau xương,hạn chế vận động,,,,
Thủy đậu,sốt,mụn nước,phát ban,,,,,
Viêm giác mạc cấp,ợ chua,đau mắt,cộm mắt,mắt đỏ,,,,
Viêm họng mạn,nghẹt mũi,đau tai,ho,mệt mỏi,khàn tiếng,đau họng,,
Viêm khí quản cấp,ho có đờm,thở khò khè,khó thở,đau ngực,sốt,,,
Viêm thực quản cấp,chán ăn,buồn nôn,đau dữ dội,đau thượng vị,,,,
Nhiễm trùng ruột thừa,tiêu chảy,táo bón,đầy hơi,đau bụng,đi ngoài ra máu,,,
Viêm niệu đạo cấp,tiểu nhiều lần,tiểu buốt,tiểu rắt,sốt,,,,
Viêm tinh hoàn cấp,đau khi quan hệ,sốt,rối loạn kinh nguyệt,,,,,
Viêm tá tràng mạn,đầy hơi,chán ăn,sốt,ợ chua,,,,
Viêm bờ mi cấp,cộm mắt,đau dữ dội,chảy nước mắt,mờ mắt,sưng môi,,,
Cường giáp,run tay,sụt cân,,,,,,
Viêm họng mạn,khàn tiếng,đau tai,sốt,,,,,
Ung thư khí quản,chán ăn,mệt mỏi,ho,sụt cân,đau ngực,,,
Ung thư xoang,nghẹt mũi,khàn tiếng,mệt mỏi,sụt cân,ho,,,
Viêm thận mạn,tiểu buốt,kéo dài,tiểu ra máu,tiểu nhiều lần,,,,
Ung thư niệu quản,sụt cân,tiểu rắt,mệt mỏi,tiểu buốt,tiểu ra máu,đau lưng,tiểu nhiều lần,
Tăng huyết áp,mờ mắt,chóng mặt,đau đầu,hồi hộp,,,,
Viêm đại tràng,táo bón,đầy hơi,tiêu chảy,đau bụng,,,,
Viêm ruột non,táo bón,tiêu chảy,đi ngoài ra máu,đau bụng,đầy hơi,,,
Phình màng ngoài tim,phù chân,mệt mỏi,đau ngực,khó thở,,,,
Viêm tâm vị,ợ chua,đau thượng vị,đầy hơi,chán ăn,buồn nôn,,,
Ung thư tử cung,mệt mỏi,chán ăn,đau bụng dưới,đau khi quan hệ,sụt cân,ra khí hư,,
Viêm bao hoạt dịch mạn,đau khớp,cứng khớp,đau xương,sưng khớp,kéo dài,sốt,,
Ung thư dạ dày,mệt mỏi,buồn nôn,sụt cân,chán ăn,đau lan cánh tay,đầy hơi,,
Ung thư hậu môn,đi ngoài ra máu,đau bụng,tiêu chảy,chán ăn,đầy hơi,sụt cân,,
Viêm thanh quản cấp,thở khò khè,ho có đờm,ho,khó thở,,,,
U lành tính cổ tử cung,ra khí hư,rối loạn kinh nguyệt,đau bụng dưới,đau khi quan hệ,,,,
Viêm mào tinh hoàn,đau khi quan hệ,ra khí hư,đau bụng dưới,rối loạn kinh nguyệt,sốt,,,
Lao cột sống cổ,đau xương,đau khớp,cứng khớp,sụt cân,sưng khớp,,,
Viêm cổ tử cung cấp,đau bụng dưới,ra khí hư,đau dữ dội,đau khi quan hệ,,,,
Ung thư gan,đau hạ sườn phải,mệt mỏi,chán ăn,vàng da,sụt cân,,,
Viêm đại tràng,đầy hơi,tiêu chảy,đi ngoài ra máu,,,,,
Polyp manh tràng,đau bụng,tiêu chảy,,,,,,
Ung thư đại tràng,sưng,mệt mỏi,sụt cân,đi ngoài ra máu,táo bón,đau bụng,,
Viêm nang lông cấp,da đỏ,mất ngủ,bong tróc da,sốt,,,,
Viêm tâm vị cấp,sốt,buồn nôn,đau thượng vị,đầy hơi,,,,
U lành tính cổ tử cung,rối loạn kinh nguyệt,đau bụng dưới,,,,,,
Viêm gan mạn,đau hạ sườn phải,kéo dài,mệt mỏi,,,,,
Nhiễm trùng bể thận,tiểu nhiều lần,tiểu rắt,tiểu ra máu,sốt,ợ nóng,tiểu buốt,,
Nhiễm trùng tử cung,rối loạn kinh nguyệt,ra khí hư,đau khi quan hệ,,,,,
Áp xe túi mật,đau hạ sườn phải,đau,sưng hạch,vàng da,sốt,,,
Ung thư tuyến tiền liệt,đau khi quan hệ,sụt cân,ra khí hư,chán ăn,,,,
Lao khớp vai,cứng khớp,đau khớp,sụt cân,đau xương,đổ mồ hôi đêm,,,
Ung thư ruột non,sụt cân,chán ăn,đi ngoài khó,đau bụng,,,,
Sỏi bàng quang,tiểu ra máu,tiểu rắt,tiểu buốt,đau lưng,,,,
Áp xe trung thất,sưng,ho có đờm,khó thở,sốt,ho,,,
Viêm amidan,sưng amidan,sốt,sưng hạch,khó nuốt,đau họng,,,
U lành tính giác mạc,cộm mắt,chảy nước mắt,rối loạn kinh nguyệt,,,,,
Nhiễm trùng hậu môn,đau bụng,mất ý thức,đầy hơi,sốt,ớn lạnh,đi ngoài ra máu,,
Phình màng ngoài tim,phù chân,khó thở,,,,,,
Viêm âm đạo,đau khi quan hệ,đau bụng dưới,rối loạn kinh nguyệt,,,,,
Viêm van tim cấp,mệt mỏi,đau ngực,phù chân,đau dữ dội,,,,
Viêm bàng quang mạn,tiểu buốt,đau lưng,tiểu nhiều lần,kéo dài,,,,
Hẹp van tim,hồi hộp,mệt mỏi,phù chân,khó thở,,,,
Viêm âm đạo mạn,đau bụng dưới,đau khi quan hệ,rối loạn kinh nguyệt,mệt mỏi,,,,
Viêm ruột thừa,sốt,đau bụng,rụng tóc,đau hố chậu phải,,,,
Polyp đại tràng,đau bụng,đầy hơi,đi ngoài ra máu,,,,,
Ung thư đường mật,vàng da,đau hạ sườn phải,chán ăn,buồn nôn,,,,
Suy tim,hồi hộp,khó thở,phù chân,mệt mỏi,,,,
Viêm bể thận cấp,đau dữ dội,tiểu nhiều lần,đau lưng,tiểu ra máu,tiểu buốt,,,
Viêm niệu đạo mạn,tiểu rắt,mệt mỏi,sốt,tiểu buốt,tiểu ra máu,,,
Polyp đại tràng,đau bụng,sốt,,,,,,
U lành tính nang lông,da đỏ,ngứa,bong tróc da,tiểu ít,,,,
Viêm niệu quản cấp,tiểu rắt,tiểu buốt,tiểu ra máu,tiểu nhiều lần,,,,
U lành tính mống mắt,chảy nước mắt,mắt đỏ,cộm mắt,đau mắt,mờ mắt,,,
Viêm móng mạn,mụn nước,phát ban,sốt,ngứa,mệt mỏi,,,
Viêm tâm vị mạn,buồn nôn,ợ chua,mệt mỏi,đầy hơi,,,,
Polyp ruột thừa,tiêu chảy,ra khí hư,táo bón,đau bụng,,,,
Viêm xoang cấp,đau họng,đau dữ dội,nghẹt mũi,sốt,khàn tiếng,,,
Viêm mào tinh hoàn,đau bụng dưới,ra khí hư,sốt,rối loạn kinh nguyệt,,,,
Viêm tinh hoàn,rối loạn kinh nguyệt,sốt,đau khi quan hệ,đau bụng dưới,,,,
Lao khớp vai,đau xương,cứng khớp,sưng khớp,sốt nhẹ,hạn chế vận động,đổ mồ hôi đêm,sụt cân,
Viêm khớp háng mạn,kéo dài,sốt,mệt mỏi,đau khớp,đau xương,,,
Polyp trực tràng,táo bón,tiêu chảy,đầy hơi,,,,,
Viêm tai giữa,sốt,giảm thính lực,ù tai,chảy mủ tai,,,,
Parkinson,đi lại khó,run tay,cứng đờ,hắt hơi,,,,
U lành tính tử cung,rối loạn kinh nguyệt,ra khí hư,đau khi quan hệ,đau bụng dưới,,,,
Viêm ruột non mạn,đầy hơi,đau bụng,kéo dài,đi ngoài ra máu,tiêu chảy,sốt,,
Viêm hồi tràng mạn,kéo dài,tiêu chảy,đau bụng,,,,,
Polyp hậu môn,đau bụng,đi ngoài ra máu,tiêu chảy,táo bón,,,,
Viêm niệu đạo,tiểu rắt,tiểu buốt,tiểu nhiều lần,,,,,
Viêm tụy,chán ăn,buồn nôn,đau hạ sườn phải,vàng da,sốt,,,
Thoái hóa cột sống cổ,đau khớp,cứng khớp,hạn chế vận động,,,,,
Viêm amidan cấp,đau tai,đau họng,sốt,nghẹt mũi,khàn tiếng,ho,,
Viêm vòm họng cấp,nghẹt mũi,khàn tiếng,ho,đau họng,sốt,,,
Viêm niệu đạo,sốt,tiểu rắt,đau lưng,tiểu ra máu,tiểu buốt,,,
Viêm manh tràng cấp,đau dữ dội,táo bón,đầy hơi,,,,,
Viêm mống mắt mạn,chảy nước mắt,cộm mắt,mệt mỏi,kéo dài,,,,
Ung thư đường mật,buồn nôn,chán ăn,vàng da,đau hạ sườn phải,sụt cân,,,
Viêm tiểu phế quản,khó thở,ho,đau ngực,,,,,
Viêm thận mạn,tiểu buốt,đau lưng,tiểu rắt,tiểu ra máu,sốt,,,
Dị ứng,ngứa,nghẹt mũi,chảy nước mắt,hắt hơi,,,,
Nhiễm trùng niệu đạo,ớn lạnh,tiểu rắt,tiểu buốt,đau lưng,tiểu ra máu,,,
Viêm bàng quang cấp,đau dữ dội,tiểu nhiều lần,tiểu rắt,tiểu ra máu,,,,
Viêm van tim cấp,hồi hộp,đau dữ dội,phù chân,khó thở,,,,
Viêm cổ tử cung,đau bụng dưới,đau lan cánh tay,đau khi quan hệ,rối loạn kinh nguyệt,sốt,ra khí hư,,
U lành tính tử cung,đau khi quan hệ,ra khí hư,rối loạn kinh nguyệt,,,,,
Parkinson,mất thăng bằng,cứng đờ,đi lại khó,run tay,,,,
Viêm xoang cấp,ho,khàn tiếng,nghẹt mũi,,,,,
Viêm túi mật cấp,đau dữ dội,sốt,vàng da,đau hạ sườn phải,buồn nôn,,,
Viêm tai giữa,ù tai,chảy mủ tai,giảm thính lực,đau tai,sốt,,,
Áp xe gan,chán ăn,sưng,sốt,mệt mỏi,,,,
Viêm niệu đạo cấp,tiểu rắt,đau lưng,sốt,tiểu ra máu,tiểu nhiều lần,tiểu buốt,,
Nhiễm trùng manh tràng,ớn lạnh,đầy hơi,đau bụng,phù chân,đi ngoài ra máu,,,
Lao khớp háng,hạn chế vận động,sụt cân,sưng khớp,đổ mồ hôi đêm,,,,
Sởi,sốt cao,ho,chảy nước mắt,sổ mũi,phát ban,,,
Viêm sụn khớp mạn,sưng khớp,đau khớp,hạn chế vận động,cứng khớp,sốt,đau xương,,
Viêm manh tràng mạn,đau bụng,đầy hơi,đi ngoài ra máu,kéo dài,tiêu chảy,,,
Sốt xuất huyết,sốt cao,phát ban,đau đầu,chảy máu cam,đau sau hốc mắt,,,
U lành tính vòm họng,nghẹt mũi,khàn tiếng,,,,,,
Viêm đường mật cấp,buồn nôn,đau hạ sườn phải,chán ăn,mệt mỏi,sốt,,,
Ung thư ruột thừa,sụt cân,táo bón,đau bụng,,,,,
COVID-19,sốt,đau họng,đau nhức cơ,ho khan,khó thở,,,
Polyp trực tràng,đầy hơi,táo bón,đau bụng,,,,,
U lành tính da,ngứa,da đỏ,,,,,,
Viêm móng,ngứa,da đỏ,mụn nước,phát ban,bong tróc da,,,
Viêm màng não mạn,mệt mỏi,co giật,chóng mặt,yếu liệt tay chân,đau đầu,tê tay chân,,
Viêm thực quản,ợ chua,đầy hơi,,,,,,
Ung thư túi mật,sụt cân,buồn nôn,chán ăn,vàng da,,,,
Nhiễm trùng buồng trứng,đau bụng dưới,ra khí hư,,,,,,
Viêm ruột non cấp,tiêu chảy,đau dữ dội,đi ngoài ra máu,đau bụng,,,,
Hẹp nội tâm mạc,mệt mỏi,đau ngực,,,,,,
Viêm manh tràng cấp,đau dữ dội,tiêu chảy,loét miệng,đau bụng,đầy hơi,,,
Viêm cột sống cấp,sưng khớp,đau dữ dội,cứng khớp,đau khớp,,,,
Viêm tiểu phế quản mạn,đau ngực,sốt,ho có đờm,kéo dài,ho,,,
Viêm khí quản mạn,khó thở,thở khò khè,kéo dài,ho,ho có đờm,,,
Ngộ độc thực phẩm,nôn,tiêu chảy,đau bụng,mất nước,buồn nôn,,,
Polyp trực tràng,đau bụng,táo bón,mụn nước,tiêu chảy,đầy hơi,,,
U lành tính tụy,chán ăn,đau hạ sườn phải,buồn nôn,,,,,
Viêm nội tâm mạc mạn,khó thở,sốt,mệt mỏi,đau ngực,phù chân,hồi hộp,,
Viêm hồi tràng cấp,táo bón,đầy hơi,đi ngoài ra máu,đau bụng,tiêu chảy,,,
Viêm khí quản,đau ngực,ho,ho có đờm,sốt,,,,
Ung thư khí quản,chán ăn,thở khò khè,ho,đau ngực,ho có đờm,mệt mỏi,sụt cân,
Ung thư dạ dày,sụt cân,buồn nôn,chán ăn,,,,,
U lành tính tinh hoàn,ra khí hư,rối loạn kinh nguyệt,đau khi quan hệ,đau bụng dưới,,,,
Viêm cột sống cổ,đau khớp,cứng khớp,,,,,,
Viêm phế quản mạn,khó thở,thở khò khè,kéo dài,sốt,ho,ho có đờm,mệt mỏi,đau ngực
Viêm màng ngoài tim cấp,mệt mỏi,đau dữ dội,phù chân,hồi hộp,đau ngực,,,
Viêm thực quản mạn,kéo dài,mệt mỏi,đau thượng vị,đầy hơi,buồn nôn,,,
Viêm khí quản,đau hạ sườn phải,ho,thở khò khè,sốt,,,,
Lao phổi,ho ra máu,ho kéo dài,sụt cân,,,,,
Nhiễm trùng niệu quản,ớn lạnh,tiểu ra máu,tiểu buốt,tiểu rắt,,,,
Viêm túi mật mạn,sốt,kéo dài,mệt mỏi,đau hạ sườn phải,vàng da,,,
Viêm thực quản mạn,kéo dài,đầy hơi,đau thượng vị,,,,,
Áp xe phế quản,khó thở,thở khò khè,đau ngực,ho,sốt,nghẹt mũi,ho có đờm,
Áp xe gan,buồn nôn,chán ăn,mệt mỏi,đau hạ sườn phải,,,,
U lành tính xoang,khàn tiếng,đau họng,lơ mơ,nghẹt mũi,,,,
Viêm đại tràng mạn,mệt mỏi,đầy hơi,kéo dài,tiêu chảy,đi ngoài ra máu,,,
Suy tim,mệt mỏi,ho,phù chân,đau ngực,khó thở,,,
Hen suyễn,thở khò khè,khó thở,,,,,,
Viêm gan cấp,vàng da,chán ăn,buồn nôn,mệt mỏi,sốt,đau hạ sườn phải,,
Phình cơ tim,đau ngực,mệt mỏi,khó thở,,,,,
Viêm kết mạc,ngứa mắt,cộm mắt,mắt đỏ,,,,,
Viêm ruột non,tiêu chảy,đau bụng,sốt,đầy hơi,đi ngoài ra máu,,,
Viêm cơ tim mạn,khó thở,kéo dài,phù chân,sốt,hồi hộp,,,
Viêm thận cấp,tiểu rắt,tiểu ra máu,đi lại khó,đau lưng,sốt,tiểu buốt,đau dữ dội,
Nhiễm trùng âm đạo,ớn lạnh,đau bụng dưới,rối loạn kinh nguyệt,ra khí hư,,,,
Viêm tụy mạn,buồn nôn,kéo dài,vàng da,mệt mỏi,,,,
Loét tá tràng,đầy hơi,chán ăn,ợ chua,nôn ra máu,đau,,,
Nhiễm trùng tinh hoàn,đau khi quan hệ,đau bụng dưới,sốt,,,,,
Viêm trung thất cấp,đau dữ dội,khó thở,ho có đờm,thở khò khè,đau ngực,,,
Thoái hóa sụn khớp,sưng khớp,hạn chế vận động,đau khớp,,,,,
Viêm gân gót cấp,cứng khớp,sưng khớp,đau khớp,đau xương,sốt,,,
Gout,đỏ khớp,sưng khớp,đau dữ dội về đêm,đau khớp,,,,
Ung thư hậu môn,sụt cân,tiêu chảy,đầy hơi,táo bón,đau bụng,mệt mỏi,đi ngoài ra máu,chán ăn
Viêm trực tràng,sốt,đầy hơi,đi ngoài ra máu,tiêu chảy,táo bón,đau bụng,,
Nhiễm trùng hậu môn,đầy hơi,táo bón,đau bụng,đau nhức cơ,tiêu chảy,,,
Viêm tiểu phế quản cấp,ho,khó thở,đau ngực,thở khò khè,sốt,ho có đờm,,
Viêm gân gót mạn,đau xương,hạn chế vận động,cứng khớp,kéo dài,,,,
Trĩ,đau hậu môn,đi ngoài ra máu,,,,,,
Viêm tử cung,đau bụng dưới,sốt,ra khí hư,,,,,
Ung thư móng,chán ăn,sụt cân,da đỏ,bong tróc da,ngứa,,,
Ung thư xoang,ho,đau tai,nghẹt mũi,sụt cân,chán ăn,,,
U lành tính túi mật,buồn nôn,chán ăn,vàng da,mệt mỏi,,,,
Tăng huyết áp,mờ mắt,chóng mặt,hồi hộp,ù tai,,,,
Viêm phế quản cấp,thở khò khè,ho,ho có đờm,khó thở,đau dữ dội,,,
Động kinh,đau đầu,co giật,mất ý thức,,,,,
Áp xe phổi,ho có đờm,khó thở,sốt,thở khò khè,sưng,ho,,
Lao sụn khớp,đau xương,sưng khớp,sụt cân,đổ mồ hôi đêm,hạn chế vận động,cứng khớp,,
Áp xe đường mật,sốt,buồn nôn,đau hạ sườn phải,,,,,
Viêm amidan mạn,đau tai,nghẹt mũi,sốt,khàn tiếng,ho,,,
Polyp tâm vị,buồn nôn,đau thượng vị,đầy hơi,,,,,
Thoái hóa cột sống,hạn chế vận động,đau xương,đau khớp,,,,,
Viêm thận,đau lưng,tiểu buốt,tiểu rắt,,,,,
Viêm họng,khó nuốt,đau họng,,,,,,
Viêm thực quản,chán ăn,sốt,đau thượng vị,đầy hơi,,,,
Suy tim,phù chân,khó thở,hồi hộp,mệt mỏi,,,,
Viêm giác mạc cấp,chảy nước mắt,cộm mắt,đau dữ dội,,,,,
Viêm móng mạn,bong tróc da,da đỏ,đau đầu,ngứa,mệt mỏi,mụn nước,sốt,
Viêm túi mật mạn,chán ăn,buồn nôn,mệt mỏi,kéo dài,,,,
Viêm tuyến bã cấp,mụn nước,phát ban,da đỏ,,,,,
Viêm gan mạn,mệt mỏi,đau hạ sườn phải,kéo dài,chán ăn,buồn nôn,,,
Viêm khớp vai cấp,cứng khớp,đau khớp,đau dữ dội,đau xương,,,,
Áp xe thanh quản,sốt,sưng,ho có đờm,khó thở,đau,tăng cân,ho,đau ngực
Viêm tiểu phế quản cấp,ho có đờm,đau ngực,thở khò khè,sốt,đau dữ dội,,,
Viêm ruột non cấp,sốt,táo bón,đau bụng,đi ngoài ra máu,tiêu chảy,,,
Áp xe phế quản,khó thở,ho có đờm,sốt,ho,đau ngực,thở khò khè,,
Ung thư móng,sụt cân,mụn nước,bong tróc da,,,,,
Polyp hậu môn,đi ngoài ra máu,táo bón,tiêu chảy,,,,,
Viêm khớp háng,đau khớp,sưng khớp,đau xương,sốt,hạn chế vận động,,,
Viêm bể thận,tiểu rắt,tiểu nhiều lần,,,,,,
Lao phổi,ho kéo dài,sụt cân,ho ra máu,mệt mỏi,sốt nhẹ,,,
Viêm tai giữa,đau tai,sốt,ù tai,,,,,
Ung thư tuyến tiền liệt,sụt cân,ra khí hư,chán ăn,đau khi quan hệ,đau bụng dưới,,,
Polyp thực quản,đi ngoài ra máu,đầy hơi,buồn nôn,chán ăn,,,,
Viêm dây thanh cấp,đau tai,đau họng,ho,,,,,
Viêm amidan,đau họng,khó nuốt,sưng amidan,,,,,
Viêm móng,ngứa,mụn nước,sốt,da đỏ,phát ban,,,
Viêm xoang,nghẹt mũi,đau mặt,,,,,,
Thoái hóa khớp gối,hạn chế vận động,đau khớp,cứng khớp,sưng khớp,,,,
Sỏi niệu quản,tiểu ra máu,tiểu nhiều lần,đau lưng,đau quặn thận,,,,
Viêm vòi trứng mạn,mệt mỏi,rối loạn kinh nguyệt,kéo dài,đau bụng dưới,,,,
Phình cơ tim,khó thở,phù chân,đau ngực,mệt mỏi,,,,
Ung thư tụy,đau hạ sườn phải,vàng da,đau bụng,chán ăn,buồn nôn,mệt mỏi,sụt cân,
Viêm tâm vị mạn,kéo dài,đau thượng vị,đầy hơi,mệt mỏi,ợ chua,chán ăn,,
Viêm cổ tử cung mạn,kéo dài,ra khí hư,rối loạn kinh nguyệt,đau bụng dưới,sốt,,,
Ung thư họng,chán ăn,đau tai,nghẹt mũi,ho,sụt cân,khàn tiếng,đau họng,
Viêm tuyến lệ cấp,mờ mắt,đau dữ dội,đau mắt,,,,,
Viêm tuyến lệ mạn,mắt đỏ,kéo dài,mờ mắt,mệt mỏi,,,,
Viêm trực tràng mạn,đi ngoài ra máu,kéo dài,đầy hơi,táo bón,mệt mỏi,,,
Ung thư mào tinh hoàn,rối loạn kinh nguyệt,ra khí hư,chán ăn,sụt cân,đau khi quan hệ,,,
Viêm hồi tràng cấp,sốt,tiêu chảy,đi ngoài ra máu,,,,,
Viêm móng cấp,mụn nước,ngứa,,,,,,
Viêm thận,tiểu nhiều lần,tiểu rắt,tiểu ra máu,sốt,tiểu buốt,,,
Viêm giác mạc,mắt đỏ,nôn,cộm mắt,chảy nước mắt,mờ mắt,,,
Viêm bờ mi,đau mắt,chảy nước mắt,mắt đỏ,cộm mắt,sốt,,,
Lao cột sống,hạn chế vận động,sưng khớp,đau xương,sụt cân,,,,
Ung thư dạ dày,đầy hơi,sụt cân,buồn nôn,mệt mỏi,chán ăn,,,
Viêm khớp gối mạn,sưng khớp,đau xương,đau khớp,cứng khớp,,,,
Ung thư hồi tràng,sụt cân,đầy hơi,táo bón,đi ngoài ra máu,mệt mỏi,đau bụng,,
Loét dạ dày,đau thượng vị,nôn ra máu,buồn nôn,đầy hơi,đau,ợ chua,,
Viêm manh tràng cấp,táo bón,đau dữ dội,đầy hơi,sốt,đau bụng,,,
Viêm tuyến bã,sốt,phát ban,mụn nước,da đỏ,ngứa,,,
Viêm xoang mạn,khàn tiếng,ho,nghẹt mũi,sốt,đau tai,đau họng,,
Viêm vòi trứng cấp,rối loạn kinh nguyệt,ra khí hư,đau khi quan hệ,đau bụng dưới,đau hạ sườn phải,,,
Ung thư phế quản,mệt mỏi,khó thở,đau ngực,sụt cân,chán ăn,thở khò khè,,
Viêm đường mật mạn,buồn nôn,vàng da,chán ăn,đau hạ sườn phải,,,,
Polyp hồi tràng,đau bụng,đầy hơi,táo bón,,,,,
Sỏi niệu đạo,tiểu buốt,tiểu ra máu,đau quặn thận,tiểu nhiều lần,đau lưng,,,
Viêm cơ tim mạn,hồi hộp,phù chân,đau ngực,khó thở,sốt,,,
Áp xe túi mật,vàng da,sốt,đau hạ sườn phải,đau,,,,
Viêm bàng quang,tiểu rắt,tiểu buốt,nước tiểu đục,tiểu nhiều lần,,,,
Hẹp màng ngoài tim,hồi hộp,mệt mỏi,phù chân,,,,,
Viêm tá tràng,ợ chua,chán ăn,,,,,,
Viêm khớp gối,cứng khớp,đau xương,sưng khớp,hạn chế vận động,,,,
Nhiễm trùng bàng quang,tiểu rắt,tiểu ra máu,ớn lạnh,sốt,đau lưng,tiểu nhiều lần,,
Lao bao hoạt dịch,cứng khớp,sưng khớp,đổ mồ hôi đêm,sụt cân,đau khớp,,,
Viêm giác mạc,đau mắt,chảy nước mắt,mắt đỏ,mờ mắt,cộm mắt,,,
Viêm mống mắt mạn,kéo dài,chảy nước mắt,đau mắt,cộm mắt,,,,
Viêm thanh quản,đau ngực,sốt,thở khò khè,khó thở,ho có đờm,ho,,
Ung thư manh tràng,đầy hơi,đau bụng,tiêu chảy,mệt mỏi,táo bón,sụt cân,,
Viêm amidan cấp,nghẹt mũi,đau dữ dội,sốt,đau họng,,,,
Viêm amidan mạn,đau tai,nghẹt mũi,đau họng,mệt mỏi,khàn tiếng,,,
Viêm vòi trứng,đau khi quan hệ,đau bụng dưới,ra khí hư,sốt,,,,
Viêm thực quản mạn,kéo dài,đầy hơi,buồn nôn,sốt,,,,
Ung thư tử cung,mệt mỏi,sụt cân,chán ăn,ra khí hư,đau bụng dưới,,,
Viêm dây thanh cấp,đau tai,sốt,khàn tiếng,,,,,
Lao cột sống cổ,đau xương,đau khớp,sụt cân,,,,,
Viêm lách,đau hạ sườn phải,mệt mỏi,chán ăn,vàng da,,,,
Viêm cổ tử cung mạn,kéo dài,đau bụng dưới,đau khi quan hệ,ra khí hư,,,,
Viêm trực tràng cấp,đau dữ dội,đi ngoài ra máu,tiêu chảy,táo bón,đầy hơi,,,
Viêm tử cung,rối loạn kinh nguyệt,đau bụng dưới,ra khí hư,sốt,,,,
Rối loạn lo âu,mất ngủ,lo lắng quá mức,hồi hộp,,,,,
Nhiễm trùng tuyến tiền liệt,đau bụng dưới,đau khi quan hệ,ớn lạnh,sốt,rối loạn kinh nguyệt,,,
Viêm âm đạo cấp,sốt,ra khí hư,đau bụng dưới,đau khi quan hệ,rối loạn kinh nguyệt,đau dữ dội,,
Viêm vòm họng,sốt,đau họng,ho,nghẹt mũi,,,,
Viêm niệu quản cấp,sốt,tiểu ra máu,tiểu buốt,tiểu nhiều lần,,,,
U lành tính tai ngoài,khàn tiếng,nghẹt mũi,,,,,,
Nhiễm trùng thận,sốt,tiểu buốt,đau lưng,tiểu ra máu,ớn lạnh,,,
Viêm niệu quản,đau lưng,tiểu ra máu,tiểu buốt,tiểu rắt,,,,
Viêm tiểu phế quản cấp,sốt,ho,thở khò khè,đau ngực,khó thở,ho có đờm,,
Viêm thanh quản,thở khò khè,ho có đờm,ho,khó thở,,,,
Viêm âm đạo cấp,ra khí hư,rối loạn kinh nguyệt,,,,,,
Viêm bể thận cấp,tiểu rắt,tiểu ít,sốt,đau lưng,tiểu buốt,tiểu nhiều lần,,
Nhiễm trùng âm đạo,ra khí hư,rối loạn kinh nguyệt,,,,,,
Viêm cột sống cổ cấp,cứng khớp,ợ nóng,đau xương,hạn chế vận động,sưng khớp,,,
Xơ gan,chán ăn,đau hạ sườn phải,mệt mỏi,phù chân,vàng da,,,
Ung thư vòi trứng,đau khi quan hệ,chán ăn,ra khí hư,sụt cân,,,,
U lành tính tuyến tiền liệt,đau khi quan hệ,,,,,,,
Ung thư thanh quản,ho có đờm,chán ăn,đau ngực,thở khò khè,sụt cân,mệt mỏi,,
Viêm tụy mạn,buồn nôn,vàng da,,,,,,
Viêm trực tràng cấp,sốt,tiêu chảy,,,,,,
Ung thư màng não,co giật,yếu liệt tay chân,sụt cân,đau đầu,tê tay chân,,,
Parkinson,run tay,chậm chạp,cứng đờ,đi lại khó,,,,
Viêm nang lông,da đỏ,mụn nước,ngứa,phát ban,,,,
Viêm võng mạc mạn,mệt mỏi,chảy nước mắt,đau mắt,mắt đỏ,kéo dài,cộm mắt,,
Áp xe phế quản,sốt,ho,ho có đờm,đau ngực,thở khò khè,,,
Quai bị,đau khi nhai,sưng tuyến mang tai,sốt,,,,,
U lành tính tuyến bã,phát ban,da đỏ,bong tróc da,,,,,
Viêm hậu môn,tiêu chảy,đau bụng,táo bón,,,,,
U lành tính tuyến tiền liệt,rối loạn kinh nguyệt,đau bụng dưới,ra khí hư,tiêu chảy,đau khi quan hệ,,,
U lành tính tuyến lệ,chảy nước mắt,đau mắt,mắt đỏ,cộm mắt,mờ mắt,,,
Polyp ruột thừa,táo bón,đầy hơi,đau bụng,,,,,
Viêm ruột non cấp,táo bón,đau bụng,tiêu chảy,,,,,
Viêm mào tinh hoàn,rối loạn kinh nguyệt,ra khí hư,đau bụng dưới,,,,,
Polyp tâm vị,buồn nôn,đầy hơi,đau thượng vị,,,,,
Ung thư hậu môn,đi ngoài ra máu,táo bón,đầy hơi,chán ăn,đau bụng,sụt cân,,
Viêm thanh quản,ho có đờm,đau ngực,ho,thở khò khè,,,,
Viêm giác mạc,mờ mắt,sốt,mắt đỏ,chảy nước mắt,cộm mắt,,,
Viêm màng phổi mạn,ho,kéo dài,đau ngực,khó thở,ho có đờm,,,
Viêm hậu môn mạn,đầy hơi,táo bón,tiêu chảy,phát ban,đau bụng,kéo dài,,
Viêm động mạch chủ cấp,mệt mỏi,phù chân,đau dữ dội,khó thở,,,,
Viêm màng não cấp,đau đầu,tê tay chân,mất ý thức,chóng mặt,,,,
Viêm bể thận cấp,tiểu ra máu,đi lại khó,tiểu buốt,tiểu rắt,tiểu nhiều lần,,,
Áp xe túi mật,buồn nôn,đau hạ sườn phải,sốt,mệt mỏi,vàng da,,,
Mề đay,phát ban,nổi mẩn,ngứa,,,,,
Viêm cổ tử cung cấp,đau bụng dưới,đau khi quan hệ,đau dữ dội,ra khí hư,rối loạn kinh nguyệt,sốt,,
Viêm vòm họng mạn,đau họng,đau tai,mệt mỏi,khàn tiếng,,,,
Áp xe tụy,đau,sốt,đau hạ sườn phải,chán ăn,vàng da,buồn nôn,,
Viêm ruột thừa mạn,tiêu chảy,đầy hơi,đi ngoài ra máu,,,,,
Sỏi niệu quản,đau lưng,tiểu rắt,tiểu nhiều lần,tiểu buốt,,,,
Viêm ruột non,tiêu chảy,đau bụng,sốt,đi ngoài ra máu,táo bón,,,
Viêm âm đạo,rối loạn kinh nguyệt,đau khi quan hệ,,,,,,
Nhiễm trùng bể thận,tiểu rắt,sốt,đau lưng,tiểu nhiều lần,tiểu ra máu,,,
Viêm đại tràng mạn,đầy hơi,táo bón,tiêu chảy,mệt mỏi,sốt,,,
Viêm khớp gối cấp,đau dữ dội,cứng khớp,hạn chế vận động,,,,,
Ung thư túi mật,sụt cân,buồn nôn,chán ăn,đau hạ sườn phải,,,,
Viêm đường mật mạn,đau hạ sườn phải,mệt mỏi,kéo dài,sốt,vàng da,,,
Trầm cảm,chán ăn,mệt mỏi,mất ngủ,buồn bã kéo dài,,,,
Sỏi bàng quang,tiểu nhiều lần,đau lưng,tiểu buốt,tiểu ra máu,,,,
Đột quỵ,chóng mặt,chảy nước mắt,méo miệng,nói khó,yếu liệt tay chân,,,
Viêm móng mạn,sốt,bong tróc da,kéo dài,mụn nước,phát ban,da đỏ,,
Viêm âm đạo,rối loạn kinh nguyệt,ra khí hư,sốt,,,,,
Viêm xoang mạn,mệt mỏi,nghẹt mũi,đau họng,sốt,ho,khàn tiếng,,
Suy giáp,rụng tóc,mệt mỏi,tăng cân,ngứa mắt,táo bón,sợ lạnh,da khô,
U lành tính tử cung,đau khi quan hệ,ra khí hư,,,,,,
Ung thư thận,tiểu buốt,đau lưng,tiểu ra máu,tiểu rắt,chán ăn,mệt mỏi,,
U lành tính gan,chán ăn,buồn nôn,đau hạ sườn phải,mệt mỏi,,,,
Áp xe tiểu phế quản,đau,khó thở,ho,sốt,,,,
Viêm tử cung,đau bụng dưới,ra khí hư,,,,,,
Viêm âm đạo mạn,đau bụng dưới,ra khí hư,đau khi quan hệ,sốt,,,,
Polyp tâm vị,đầy hơi,đau mặt,buồn nôn,,,,,
Ung thư tâm vị,ợ chua,mệt mỏi,đầy hơi,chán ăn,,,,
Viêm vòi trứng,đau khi quan hệ,ra khí hư,đau bụng dưới,,,,,
Nhiễm trùng buồng trứng,sốt,bầm tím,ra khí hư,đau bụng dưới,ớn lạnh,,,
Viêm mống mắt,chảy nước mắt,mắt đỏ,mờ mắt,đau mắt,,,,
Viêm họng,khó nuốt,sốt,đau họng,,,,,
Viêm bờ mi cấp,đau dữ dội,đau mắt,sốt,chảy nước mắt,mờ mắt,cộm mắt,,
Viêm hồi tràng cấp,đau bụng,sốt,đầy hơi,đau dữ dội,táo bón,đi lại khó,tiêu chảy,đi ngoài ra máu
Viêm giác mạc mạn,mắt đỏ,mờ mắt,sốt,,,,,
Viêm đường mật,đau hạ sườn phải,vàng da,mệt mỏi,buồn nôn,,,,
Áp xe gan,chán ăn,vàng da,sốt,đau hạ sườn phải,,,,
Viêm màng ngoài tim cấp,sốt,phù chân,mệt mỏi,hồi hộp,đau ngực,,,
Viêm tiểu phế quản mạn,thở khò khè,khó thở,ho có đờm,sốt,mệt mỏi,đau ngực,,
Viêm tá tràng mạn,ợ chua,buồn nôn,đầy hơi,mệt mỏi,chán ăn,,,
Phình van tim,nổi mẩn,hồi hộp,phù chân,mệt mỏi,khó thở,,,
Áp xe đường mật,buồn nôn,đau,đau hạ sườn phải,sốt,vàng da,,,
U lành tính túi mật,mệt mỏi,vàng da,buồn nôn,,,,,
Viêm âm đạo,đau khi quan hệ,rối loạn kinh nguyệt,,,,,,
Ung thư đường mật,mệt mỏi,vàng da,đau hạ sườn phải,sụt cân,buồn nôn,mất khứu giác,,
Ung thư mào tinh hoàn,đau khi quan hệ,đau bụng dưới,rối loạn kinh nguyệt,sụt cân,,,,
Viêm tụy cấp,đau hạ sườn phải,mệt mỏi,buồn nôn,,,,,
Cảm lạnh,hắt hơi,nghẹt mũi,sổ mũi,mệt mỏi,,,,
Viêm khí quản cấp,khó thở,ho có đờm,thở khò khè,đau dữ dội,,,,
Nhiễm trùng tử cung,đi lại khó,ra khí hư,đau bụng dưới,đau khi quan hệ,rối loạn kinh nguyệt,,,
Loét dạ dày,đầy hơi,ợ chua,đau thượng vị,,,,,
Nhiễm trùng móng,bong tróc da,mụn nước,ớn lạnh,sốt,phát ban,,,
Viêm đại tràng mạn,đầy hơi,đau bụng,mệt mỏi,đi ngoài ra máu,,,,
Ung thư tiểu phế quản,mệt mỏi,sụt cân,đau ngực,chán ăn,ho,ho có đờm,,
Ung thư túi mật,đau hạ sườn phải,sụt cân,chán ăn,,,,,
Ung thư ruột thừa,đau bụng,tiêu chảy,sụt cân,táo bón,chán ăn,đi ngoài ra máu,,
Thủy đậu,mụn nước,phát ban,chán ăn,ngứa,,,,
Xơ gan,vàng da,chán ăn,mệt mỏi,đau hạ sườn phải,,,,
Cảm cúm,đau đầu,mệt mỏi,đau nhức cơ,sốt cao,ho,ớn lạnh,,
Ung thư màng não,chóng mặt,yếu liệt tay chân,tê tay chân,sụt cân,đau đầu,chán ăn,,
Viêm cột sống mạn,đau khớp,sốt,đau xương,kéo dài,cứng khớp,,,
Viêm bể thận cấp,đau dữ dội,tiểu buốt,đau lưng,sốt,,,,
Viêm tụy cấp,mệt mỏi,vàng da,đau hạ sườn phải,sốt,buồn nôn,chán ăn,,
Ngộ độc thực phẩm,đau bụng,mất nước,tiêu chảy,buồn nôn,,,,
Viêm đại tràng cấp,đầy hơi,đau dữ dội,đi ngoài ra máu,,,,,
Viêm bờ mi mạn,mệt mỏi,mắt đỏ,chảy nước mắt,sốt,mờ mắt,,,
Viêm thanh quản mạn,thở khò khè,ho,đau ngực,mệt mỏi,sốt,,,
Rối loạn lo âu,lo lắng quá mức,hồi hộp,,,,,,
Ung thư bàng quang,tiểu nhiều lần,sụt cân,tiểu ra máu,tiểu rắt,đau lưng,tiểu buốt,,
Quai bị,da khô,sốt,sưng tuyến mang tai,,,,,
Lao khớp háng,cứng khớp,hạn chế vận động,đổ mồ hôi đêm,sụt cân,sưng khớp,,,
Lao khớp háng,sưng khớp,đau khớp,sụt cân,đổ mồ hôi đêm,hạn chế vận động,,,
Suy thận,buồn nôn,tiểu ít,mệt mỏi,phù chân,,,,
Ung thư màng phổi,đau ngực,sụt cân,thở khò khè,chán ăn,khó thở,mệt mỏi,,
Viêm da mạn,da đỏ,mụn nước,ngứa,mệt mỏi,,,,
Hẹp nội tâm mạc,đau ngực,phù chân,mệt mỏi,,,,,
Viêm gân gót cấp,cứng khớp,đau dữ dội,đau khớp,sưng khớp,đau xương,,,
Viêm trực tràng,táo bón,đi ngoài ra máu,tiêu chảy,sốt,,,,
Viêm tụy,chán ăn,buồn nôn,đau hạ sườn phải,,,,,
Viêm manh tràng cấp,đầy hơi,đau họng,tiêu chảy,đi ngoài ra máu,đau bụng,,,
Viêm vòm họng cấp,đau họng,khàn tiếng,ho,đau dữ dội,nghẹt mũi,,,
Ung thư túi mật,chán ăn,buồn nôn,đau hạ sườn phải,,,,,
Ung thư tá tràng,ợ chua,đầy hơi,buồn nôn,sụt cân,mệt mỏi,,,
Ung thư tử cung,đau khi quan hệ,sụt cân,đau bụng dưới,ra khí hư,,,,
Viêm niệu đạo,tiểu nhiều lần,sốt,tiểu rắt,tiểu ra máu,,,,
Nhiễm trùng bể thận,đau lưng,tiểu nhiều lần,tiểu buốt,tiểu ra máu,tiểu rắt,sốt,,
Ung thư mào tinh hoàn,sụt cân,đau khi quan hệ,ra khí hư,rối loạn kinh nguyệt,mệt mỏi,,,
Thoái hóa khớp vai,hạn chế vận động,sưng khớp,đau khớp,,,,,
Viêm thanh quản mạn,đau ngực,,,,,,,
Viêm tinh hoàn cấp,sốt,rối loạn kinh nguyệt,đau bụng dưới,đau dữ dội,đau khi quan hệ,ra khí hư,,
Viêm tiểu phế quản,ho,khó thở,thở khò khè,sốt,đau ngực,,,
Viêm tuyến lệ,sốt,đau mắt,chảy nước mắt,cộm mắt,,,,
Viêm tâm vị,ợ chua,chán ăn,đầy hơi,buồn nôn,,,,
Viêm tinh hoàn mạn,đau bụng dưới,mệt mỏi,rối loạn kinh nguyệt,ra khí hư,đau khi quan hệ,,,
Viêm động mạch chủ mạn,phù chân,đau ngực,sốt,hồi hộp,kéo dài,,,
Trĩ,đi ngoài ra máu,sa búi trĩ,đau hậu môn,,,,,
Mề đay,nổi mẩn,ngứa,,,,,,
Viêm túi mật cấp,đau hạ sườn phải,buồn nôn,vàng da,,,,,
Viêm manh tràng mạn,đầy hơi,táo bón,kéo dài,sốt,đau bụng,tiêu chảy,,
Lao phổi,ho kéo dài,ho ra máu,sụt cân,sốt nhẹ,,,,
Viêm tuyến tiền liệt cấp,ra khí hư,đau dữ dội,đau khi quan hệ,sốt,đau bụng dưới,,,
Lao cột sống,đau xương,sốt nhẹ,sưng khớp,sụt cân,hạn chế vận động,đau khớp,,
Viêm đại tràng cấp,đi ngoài ra máu,tiêu chảy,sốt,,,,,
Viêm niệu đạo cấp,đau lưng,tiểu rắt,đau dữ dội,,,,,
Viêm nang lông cấp,ngứa,bong tróc da,da đỏ,đau dữ dội,,,,
Viêm manh tràng,táo bón,đầy hơi,tiêu chảy,,,,,
Ung thư lách,đau hạ sườn phải,chán ăn,buồn nôn,sụt cân,,,,
Viêm niệu đạo,tiểu rắt,tiểu buốt,tiểu nhiều lần,,,,,
U lành tính vòi trứng,ra khí hư,rối loạn kinh nguyệt,đau khi quan hệ,,,,,
Ung thư móng,ngứa,da đỏ,bong tróc da,sụt cân,chán ăn,mụn nước,,
Nhiễm trùng ruột non,đau bụng,táo bón,ớn lạnh,tiêu chảy,sốt,đi ngoài ra máu,đầy hơi,
Nhiễm trùng bàng quang,tiểu rắt,tiểu buốt,đau lưng,sốt,,,,
Cảm lạnh,sổ mũi,ho,nghẹt mũi,hắt hơi,mệt mỏi,,,
Viêm túi mật,vàng da,mệt mỏi,buồn nôn,chán ăn,sốt,,,
U lành tính họng,đau tai,ho,nghẹt mũi,đau họng,,,,
Viêm tinh hoàn,đau khi quan hệ,rối loạn kinh nguyệt,sốt,,,,,
Viêm mào tinh hoàn cấp,đau bụng dưới,rối loạn kinh nguyệt,,,,,,
Viêm âm đạo,đau bụng dưới,ra khí hư,rối loạn kinh nguyệt,đau khi quan hệ,,,,
Viêm sụn khớp cấp,cứng khớp,đau xương,đau khớp,hạn chế vận động,sưng khớp,,,
Viêm thực quản cấp,sốt,ợ chua,chán ăn,đau thượng vị,đầy hơi,đau dữ dội,,
Viêm tuyến tiền liệt,rối loạn kinh nguyệt,đau bụng dưới,đau khi quan hệ,,,,,
Viêm xoang mạn,ho,khàn tiếng,,,,,,
Viêm họng cấp,sốt,đau tai,ho,đau dữ dội,,,,
Lao phổi,ho kéo dài,ho ra máu,sụt cân,đổ mồ hôi đêm,sốt nhẹ,,,
Viêm sụn khớp cấp,sưng khớp,cứng khớp,hạn chế vận động,,,,,
Viêm cột sống,đau khớp,sưng khớp,đau xương,,,,,
Ung thư tuyến bã,sụt cân,mụn nước,phát ban,chán ăn,,,,
Viêm khí quản,ho,sốt,đau ngực,,,,,
Viêm gân gót mạn,hạn chế vận động,đau khớp,sốt,sưng khớp,,,,
Nhiễm trùng thận,đau lưng,tiểu nhiều lần,tiểu ra máu,,,,,
Thoái hóa khớp háng,sưng khớp,đau xương,hạn chế vận động,,,,,
Tay chân miệng,sốt,loét miệng,phát ban,mệt mỏi,,,,
Dị ứng,nghẹt mũi,ngứa,hắt hơi,chảy nước mắt,,,,
Viêm trực tràng cấp,đau bụng,đau dữ dội,đi ngoài ra máu,đầy hơi,tiêu chảy,,,
Viêm sụn khớp,sưng khớp,sốt,đau khớp,hạn chế vận động,đau xương,,,
Áp xe tụy,sưng,sốt,chán ăn,đau hạ sườn phải,đau,mệt mỏi,,
Viêm sụn khớp,hạn chế vận động,sốt,đau khớp,đau xương,,,,
Viêm màng ngoài tim cấp,đau dữ dội,mất khứu giác,phù chân,,,,,
Ung thư trung thất,sụt cân,ho,đau ngực,bong tróc da,ho có đờm,mệt mỏi,khó thở,chán ăn
Nhiễm trùng da,bong tróc da,phát ban,tiểu nhiều,mụn nước,sốt,,,
Viêm khớp vai,đau khớp,sưng khớp,đau xương,cứng khớp,,,,
U lành tính vòi trứng,đau bụng dưới,rối loạn kinh nguyệt,ra khí hư,,,,,
Viêm bao hoạt dịch cấp,sốt,cứng khớp,đau khớp,hạn chế vận động,,,,
Viêm buồng trứng mạn,kéo dài,rối loạn kinh nguyệt,đau bụng dưới,mệt mỏi,đau khi quan hệ,,,
Viêm manh tràng,sốt,tiêu chảy,,,,,,
Viêm dây thanh cấp,đau họng,ho,nghẹt mũi,khàn tiếng,đau tai,,,
Viêm tiểu phế quản,khó thở,ho,đau ngực,,,,,
Áp xe khí quản,ho có đờm,đau ngực,khó thở,thở khò khè,đau,sốt,sưng,ho
Ung thư thanh quản,thở khò khè,sụt cân,ho,ho có đờm,khó thở,mệt mỏi,đau ngực,
Viêm mào tinh hoàn mạn,rối loạn kinh nguyệt,sa búi trĩ,mệt mỏi,đau khi quan hệ,ra khí hư,,,
U lành tính mống mắt,mờ mắt,đau mắt,chảy nước mắt,hạn chế vận động,,,,
Nhiễm trùng ruột non,đau bụng,tiêu chảy,đi ngoài ra máu,,,,,
Viêm màng ngoài tim mạn,kéo dài,hồi hộp,sốt,đau ngực,khó thở,,,
Đột quỵ,đau đầu dữ dội,nói khó,yếu liệt tay chân,méo miệng,,,,
Hẹp cơ tim,mệt mỏi,hồi hộp,phù chân,,,,,
U lành tính giác mạc,chảy nước mắt,mờ mắt,cộm mắt,mắt đỏ,đau mắt,,,
Thiếu máu,ho có đờm,chóng mặt,đau đầu,mệt mỏi,,,,
Lao cột sống cổ,đau xương,hạn chế vận động,sốt nhẹ,sụt cân,đau khớp,sưng khớp,,
Viêm manh tràng,sốt,đi ngoài ra máu,tiêu chảy,táo bón,,,,
U lành tính võng mạc,mờ mắt,đau mắt,cộm mắt,,,,,
Viêm dạ dày,đầy hơi,đau thượng vị,ợ chua,,,,,
Ung thư thực quản,đầy hơi,đau thượng vị,sụt cân,ợ chua,chán ăn,buồn nôn,mệt mỏi,
Viêm võng mạc,đau mắt,cộm mắt,chảy nước mắt,mắt đỏ,sốt,,,
Polyp hậu môn,đi ngoài ra máu,táo bón,,,,,,
U lành tính giác mạc,chảy nước mắt,mờ mắt,cộm mắt,mắt đỏ,,,,
Viêm da,bong tróc da,sốt,phát ban,,,,,
Suy giáp,sợ lạnh,mệt mỏi,tăng cân,,,,,
Thoái hóa bao hoạt dịch,đau khớp,hạn chế vận động,đau xương,sưng khớp,cứng khớp,,,
Viêm khí quản,ho có đờm,ho,,,,,,
Viêm bờ mi cấp,đau mắt,cộm mắt,chảy nước mắt,,,,,
Viêm bàng quang,tiểu nhiều lần,tiểu buốt,tiểu rắt,,,,,
Ung thư cổ tử cung,sụt cân,đau bụng dưới,ra khí hư,chán ăn,đau khi quan hệ,,,
Nhiễm trùng nang lông,bong tróc da,phát ban,,,,,,
Lao gân gót,hạn chế vận động,sưng khớp,đau xương,sụt cân,sốt nhẹ,đổ mồ hôi đêm,,
Viêm nang lông cấp,sốt,đau dữ dội,da đỏ,bong tróc da,,,,
Trầm cảm,buồn bã kéo dài,mất ngủ,chán ăn,mất hứng thú,,,,
Thủy đậu,phát ban,mệt mỏi,mụn nước,,,,,
Viêm cơ tim cấp,đau dữ dội,đau ngực,phù chân,,,,,
Viêm tâm vị mạn,ợ chua,buồn nôn,đầy hơi,đau thượng vị,,,,
Viêm tuyến bã,ngứa,mụn nước,phát ban,da đỏ,,,,
Viêm phổi mạn,mệt mỏi,sốt,ho có đờm,ho,thở khò khè,kéo dài,khó thở,đau ngực
Ung thư phổi,thở khò khè,ho,chán ăn,khó thở,sụt cân,ho có đờm,đau ngực,
Nhiễm trùng da,da đỏ,ngứa,sốt,mụn nước,bong tróc da,,,
Viêm nội tâm mạc cấp,đau ngực,mệt mỏi,sốt,hồi hộp,đau dữ dội,phù chân,,
Ung thư xoang,sụt cân,khàn tiếng,nghẹt mũi,đau tai,,,,
Viêm hồi tràng cấp,tiêu chảy,đau bụng,táo bón,chảy máu cam,sốt,đi ngoài ra máu,đau dữ dội,
Viêm thận cấp,tiểu rắt,đau dữ dội,tiểu nhiều lần,tiểu buốt,,,,
Viêm mống mắt mạn,đau mắt,kéo dài,cộm mắt,mắt đỏ,mờ mắt,,,
Viêm túi mật mạn,đau hạ sườn phải,mệt mỏi,,,,,,
Ung thư tiểu phế quản,ho,đau ngực,mệt mỏi,chán ăn,sụt cân,,,
Xơ gan,đau hạ sườn phải,bầm tím,mệt mỏi,vàng da,phù chân,,,
Ung thư tử cung,đau khi quan hệ,sụt cân,đau bụng dưới,ra khí hư,rối loạn kinh nguyệt,,,
Viêm màng phổi,thở khò khè,ho,sốt,đau ngực,,,,
Viêm bờ mi cấp,chảy nước mắt,cộm mắt,sốt,,,,,
Viêm đại tràng cấp,tiêu chảy,sốt,đầy hơi,táo bón,đau dữ dội,đi ngoài ra máu,,
Viêm màng phổi mạn,sốt,ho,thở khò khè,ho có đờm,khó thở,đau ngực,mệt mỏi,
Lao gân gót,hạn chế vận động,sụt cân,sưng khớp,sốt nhẹ,,,,
Áp xe phế quản,khó thở,thở khò khè,sưng,phân cứng,đau,sốt,ho có đờm,
Viêm bờ mi cấp,chảy nước mắt,cộm mắt,đau dữ dội,đau mắt,sốt,,,
Viêm phế quản cấp,khó thở,sốt,,,,,,
Áp xe màng phổi,ho,ho có đờm,thở khò khè,đau ngực,sốt,,,
Nhiễm trùng bàng quang,tiểu rắt,tiểu buốt,ớn lạnh,,,,,
Viêm khớp dạng thấp,mệt mỏi,sốt nhẹ,cứng đờ,đau khớp,sưng khớp,,,
Viêm tử cung mạn,đau bụng dưới,kéo dài,rối loạn kinh nguyệt,đau khi quan hệ,,,,
Viêm lách cấp,đau hạ sườn phải,chán ăn,mệt mỏi,sốt,,,,
Viêm màng não mạn,mệt mỏi,sốt,đau đầu,co giật,kéo dài,,,
Viêm tinh hoàn mạn,đau khi quan hệ,mệt mỏi,ra khí hư,kéo dài,,,,
Viêm màng ngoài tim,mệt mỏi,đau ngực,khó thở,,,,,
Viêm tá tràng mạn,chán ăn,buồn nôn,nôn,ợ chua,đầy hơi,mệt mỏi,,
Viêm buồng trứng cấp,đau khi quan hệ,ra khí hư,,,,,,
Viêm da mạn,sốt,ngứa,phát ban,mụn nước,,,,
Ung thư niệu đạo,tiểu rắt,tiểu buốt,đau lưng,mệt mỏi,sụt cân,,,
Thoái hóa cột sống cổ,hạn chế vận động,đau khớp,đau khi quan hệ,cứng khớp,,,,
Tay chân miệng,sốt,loét miệng,mệt mỏi,,,,,
Viêm kết mạc,mắt đỏ,ngứa mắt,,,,,,
Viêm cổ tử cung,sốt,đau bụng dưới,rối loạn kinh nguyệt,,,,,
Viêm bàng quang cấp,đau lưng,tiểu nhiều lần,tiểu ra máu,tiểu rắt,,,,
Viêm bao hoạt dịch mạn,mệt mỏi,cứng khớp,đau khớp,,,,,
Viêm buồng trứng cấp,đau khi quan hệ,ra khí hư,đau dữ dội,,,,,
Nhiễm trùng niệu đạo,tiểu buốt,ớn lạnh,tiểu rắt,sốt,,,,
Thoái hóa khớp gối,hạn chế vận động,cứng khớp,,,,,,
Viêm giác mạc,cộm mắt,chảy nước mắt,mờ mắt,sốt,mắt đỏ,,,
Tay chân miệng,phát ban,sốt,chán ăn,,,,,
Ung thư tâm vị,chán ăn,mệt mỏi,buồn nôn,sụt cân,đầy hơi,,,
Viêm tụy,chán ăn,đau hạ sườn phải,buồn nôn,sốt,mệt mỏi,,,
Viêm cột sống,đau xương,hạn chế vận động,sốt,sưng khớp,đau khớp,ngứa,,
Viêm buồng trứng,rối loạn kinh nguyệt,đau khi quan hệ,đau bụng dưới,ra khí hư,,,,
Ung thư tai ngoài,khàn tiếng,đau họng,sụt cân,nghẹt mũi,ho,mệt mỏi,chán ăn,
Động kinh,co giật,mất ý thức,,,,,,
Viêm âm đạo mạn,ra khí hư,sốt,kéo dài,đau bụng dưới,đau khi quan hệ,,,
Viêm tuyến bã mạn,bong tróc da,phát ban,mệt mỏi,kéo dài,mụn nước,ngứa,sốt,
Viêm niệu đạo mạn,sốt,tiểu rắt,đau lưng,tiểu nhiều lần,tiểu buốt,mệt mỏi,kéo dài,
Viêm khớp háng,hạn chế vận động,cứng khớp,tiểu nhiều lần,sưng khớp,đau xương,sốt,,
Áp xe màng phổi,ho,sưng,sốt,đau ngực,thở khò khè,ho có đờm,,
Cảm cúm,đau nhức cơ,mệt mỏi,đau họng,đau đầu,sốt cao,ho,,
Sốt xuất huyết,phát ban,sốt cao,buồn nôn,đau sau hốc mắt,,,,
Viêm van tim mạn,khó thở,mệt mỏi,,,,,,
Viêm ruột non mạn,sốt,táo bón,đau bụng,đầy hơi,,,,
Viêm khí quản mạn,khó thở,kéo dài,thở khò khè,mệt mỏi,ho có đờm,,,
Nhiễm trùng buồng trứng,ra khí hư,đau bụng dưới,sốt,,,,,
U lành tính xoang,đau họng,khàn tiếng,,,,,,
Viêm thận mạn,kéo dài,sốt,tiểu nhiều lần,tiểu buốt,,,,
Ung thư phế quản,ho có đờm,thở khò khè,khó thở,sụt cân,,,,
Nhiễm trùng tuyến tiền liệt,đau bụng dưới,ra khí hư,sốt,đau khi quan hệ,rối loạn kinh nguyệt,,,
Ung thư vòi trứng,đau bụng dưới,chán ăn,đau khi quan hệ,sụt cân,ra khí hư,,,
U lành tính âm đạo,đau bụng dưới,đau khi quan hệ,rối loạn kinh nguyệt,ra khí hư,,,,
Viêm kết mạc mạn,đau mắt,mờ mắt,mắt đỏ,chảy nước mắt,,,,
Polyp hồi tràng,táo bón,đau bụng,,,,,,
Ung thư tuyến bã,chán ăn,sụt cân,mụn nước,da đỏ,,,,
Viêm vòm họng mạn,mệt mỏi,khàn tiếng,đau họng,đau tai,sốt,,,
Viêm niệu đạo mạn,sốt,ho có đờm,tiểu rắt,kéo dài,tiểu buốt,mệt mỏi,,
Nhiễm trùng mào tinh hoàn,ra khí hư,đau bụng dưới,rối loạn kinh nguyệt,đau khi quan hệ,,,,
Viêm gân gót,đau khớp,cứng khớp,sưng khớp,hạn chế vận động,đau xương,,,
Viêm ruột thừa cấp,táo bón,đau bụng,tiêu chảy,đi ngoài ra máu,đầy hơi,,,
Viêm cột sống cổ cấp,đau khớp,sưng khớp,,,,,,
Viêm bàng quang,run tay,nước tiểu đục,tiểu buốt,tiểu nhiều lần,tiểu rắt,,,
Viêm tử cung mạn,đau bụng dưới,mệt mỏi,đau khi quan hệ,sốt,ra khí hư,,,
Ung thư da,mụn nước,sụt cân,phát ban,bong tróc da,mệt mỏi,da đỏ,,
Viêm khớp gối mạn,sốt,kéo dài,đau xương,cứng khớp,đau khớp,,,
Viêm tuyến bã mạn,phát ban,ngứa,bong tróc da,sốt,mệt mỏi,mụn nước,da đỏ,
Nhiễm trùng da,mụn nước,phát ban,sốt,ngứa,,,,
Sởi,phát ban,sốt cao,sổ mũi,ho,,,,
Viêm tai ngoài cấp,đau dữ dội,đau tai,ho,,,,,
Nhiễm trùng tinh hoàn,đau bụng dưới,ớn lạnh,sốt,rối loạn kinh nguyệt,,,,
Viêm âm đạo cấp,ra khí hư,rối loạn kinh nguyệt,sốt,đau khi quan hệ,,,,
Viêm tai giữa mạn,nghẹt mũi,đau tai,sốt,mệt mỏi,ho,,,
Thiếu máu,mệt mỏi,chóng mặt,,,,,,
Viêm lách cấp,buồn nôn,đau hạ sườn phải,đau dữ dội,sốt,chán ăn,mệt mỏi,,
Táo bón,đau bụng,đi ngoài khó,phân cứng,chán ăn,đầy hơi,,,
Ung thư trung thất,ho,đau ngực,sụt cân,ho có đờm,,,,
Viêm dây thanh mạn,khàn tiếng,sốt,kéo dài,mệt mỏi,nghẹt mũi,đau họng,,
Viêm khớp háng mạn,hạn chế vận động,sưng khớp,đau xương,kéo dài,cứng khớp,,,
Viêm ruột thừa,đau hố chậu phải,đau bụng,sốt,,,,,
Viêm cột sống cổ cấp,đau dữ dội,sưng khớp,đau xương,hạn chế vận động,cứng khớp,,,
Viêm dây thần kinh,sốt,yếu liệt tay chân,tê tay chân,co giật,,,,
U lành tính móng,da đỏ,mụn nước,bong tróc da,,,,,
Viêm nội tâm mạc mạn,khó thở,đau ngực,hồi hộp,kéo dài,,,,
Viêm tai ngoài,đau họng,nghẹt mũi,đau tai,,,,,
Viêm van tim cấp,phù chân,khó thở,mệt mỏi,,,,,
Viêm cột sống cấp,hạn chế vận động,đau sau hốc mắt,sốt,đau khớp,sưng khớp,cứng khớp,,
Ung thư buồng trứng,ra khí hư,đau bụng dưới,chán ăn,đau khi quan hệ,mệt mỏi,sụt cân,rối loạn kinh nguyệt,
Viêm cột sống cổ,cứng khớp,đau khớp,đau xương,sưng khớp,hạn chế vận động,mất ý thức,sốt,
Viêm khớp dạng thấp,sốt nhẹ,đau khớp,cứng khớp,,,,,
Viêm dây thanh cấp,khàn tiếng,đau họng,nghẹt mũi,đau dữ dội,đau tai,,,
Viêm bao hoạt dịch cấp,đau khớp,đau xương,sốt,hạn chế vận động,sưng khớp,,,
Viêm cột sống cấp,sưng khớp,cứng khớp,đau dữ dội,đau khớp,đau xương,sốt,,
Nhiễm trùng mào tinh hoàn,rối loạn kinh nguyệt,ra khí hư,đau bụng dưới,sốt,ớn lạnh,,,
Viêm động mạch chủ mạn,đau ngực,kéo dài,mệt mỏi,,,,,
Viêm phổi mạn,mệt mỏi,ho có đờm,khó thở,thở khò khè,sốt,,,
Nhiễm trùng bể thận,tiểu ra máu,đau lưng,ớn lạnh,sốt,tiểu nhiều lần,tiểu rắt,,
Loét tá tràng,chán ăn,buồn nôn,đầy hơi,ợ chua,,,,
Polyp tá tràng,đầy hơi,buồn nôn,ợ chua,đi ngoài ra máu,,,,
Viêm trung thất,sốt,ho,thở khò khè,,,,,
Viêm động mạch chủ,sốt,đau quặn thận,hồi hộp,phù chân,khó thở,,,
Viêm tai giữa cấp,nghẹt mũi,khàn tiếng,đau họng,đau tai,,,,
U lành tính cổ tử cung,đau khi quan hệ,đau bụng dưới,rối loạn kinh nguyệt,,,,,
Hẹp van tim,đau ngực,phù chân,mệt mỏi,khó thở,,,,
Nhiễm trùng niệu quản,tiểu nhiều lần,sốt,tiểu rắt,tiểu buốt,ớn lạnh,tiểu ra máu,,
Ung thư trung thất,sụt cân,ho,đau ngực,,,,,
Viêm bờ mi,chảy nước mắt,mắt đỏ,,,,,,
Phình động mạch chủ,mệt mỏi,khó thở,đau ngực,phù chân,hồi hộp,,,
Viêm lách mạn,đau hạ sườn phải,vàng da,mệt mỏi,chán ăn,sốt,,,
Ung thư thận,tiểu buốt,tiểu rắt,sụt cân,đau lưng,,,,
Ung thư bàng quang,tiểu nhiều lần,mệt mỏi,tiểu buốt,sụt cân,tiểu rắt,đau lưng,,
Polyp tá tràng,buồn nôn,đầy hơi,đau thượng vị,ợ chua,,,,
Hẹp động mạch chủ,hồi hộp,mệt mỏi,đau ngực,phù chân,,,,
U lành tính buồng trứng,rối loạn kinh nguyệt,,,,,,,
U lành tính võng mạc,đau mắt,cộm mắt,mờ mắt,,,,,
Viêm tuyến tiền liệt cấp,sốt,đau bụng dưới,rối loạn kinh nguyệt,đau khi quan hệ,,,,
U lành tính tuyến bã,ngứa,da đỏ,mụn nước,,,,,
Viêm giác mạc cấp,cộm mắt,đau mắt,mắt đỏ,sốt,,,,
U lành tính kết mạc,cộm mắt,mắt đỏ,chảy nước mắt,mờ mắt,,,,
Lao gân gót,sụt cân,cứng khớp,hạn chế vận động,đau xương,,,,
Viêm dạ dày cấp,ợ chua,buồn nôn,đau dữ dội,chán ăn,,,,
Sỏi mật,buồn nôn,đau hạ sườn phải,vàng da,,,,,
Viêm amidan cấp,đau họng,sốt,nghẹt mũi,đau tai,ho,đau dữ dội,,
Viêm giác mạc mạn,chảy nước mắt,mắt đỏ,đau mắt,mệt mỏi,mờ mắt,cộm mắt,kéo dài,
Ung thư đại tràng,táo bón,đi ngoài ra máu,sụt cân,tiêu chảy,chậm chạp,,,
Sỏi niệu đạo,đau lưng,tiểu nhiều lần,tiểu ra máu,tiểu buốt,,,,
Viêm tuyến tiền liệt cấp,đau bụng dưới,đau dữ dội,rối loạn kinh nguyệt,đau khi quan hệ,,,,
Ung thư màng phổi,giảm thính lực,khó thở,chán ăn,ho có đờm,mệt mỏi,thở khò khè,sụt cân,đau ngực
Nhiễm trùng ruột thừa,táo bón,tiêu chảy,,,,,,
Viêm lách cấp,buồn nôn,ù tai,mệt mỏi,vàng da,đau hạ sườn phải,sốt,chán ăn,
Loét tâm vị,đầy hơi,đau,đau thượng vị,,,,,
Viêm hậu môn cấp,đau bụng,tiêu chảy,đi ngoài ra máu,đau dữ dội,sốt,,,
U lành tính màng não,đau đầu,co giật,chóng mặt,,,,,
Sốt rét,buồn nôn,mệt mỏi,đau đầu,sốt cao,đổ mồ hôi,ớn lạnh,,
Nhiễm trùng nang lông,bong tróc da,sốt,,,,,,
Ung thư thận,tiểu ra máu,sụt cân,đau lưng,tiểu buốt,chán ăn,,,
Viêm phế quản cấp,khó thở,thở khò khè,đau dữ dội,ho có đờm,sốt,,,
Lao sụn khớp,hạn chế vận động,sụt cân,sưng khớp,sốt nhẹ,cứng khớp,đau xương,,
U lành tính da,mụn nước,bong tróc da,ngứa,da đỏ,,,,
Viêm tai giữa,sốt,,,,,,,
Viêm da mạn,mệt mỏi,ngứa,mụn nước,kéo dài,da đỏ,sốt,phát ban,
Nhiễm trùng niệu quản,tiểu ra máu,sốt,tiểu rắt,đau lưng,,,,
Viêm ruột thừa mạn,táo bón,tiêu chảy,đầy hơi,sốt,đi ngoài ra máu,đổ mồ hôi đêm,,
Viêm tuyến bã,da đỏ,sốt,bong tróc da,,,,,
Viêm kết mạc cấp,đau dữ dội,mắt đỏ,chảy nước mắt,mờ mắt,,,,
Viêm trực tràng mạn,đau bụng,đầy hơi,táo bón,đi ngoài ra máu,,,,
Nhiễm trùng nang lông,bong tróc da,ngứa,phát ban,hôi miệng,da đỏ,ớn lạnh,sốt,
Viêm vòi trứng cấp,đau bụng dưới,đau dữ dội,ra khí hư,đau khi quan hệ,,,,
U lành tính kết mạc,mắt đỏ,chảy nước mắt,cộm mắt,,,,,
Ung thư bể thận,tiểu buốt,tiểu rắt,mệt mỏi,tiểu ra máu,chán ăn,tiểu nhiều lần,sụt cân,
Viêm trung thất mạn,ho có đờm,ho,khó thở,đau ngực,thở khò khè,mệt mỏi,,
Ung thư bàng quang,sụt cân,tiểu rắt,mệt mỏi,tiểu buốt,tiểu nhiều lần,đau lưng,tiểu ra máu,
Ung thư bể thận,mệt mỏi,đau lưng,tiểu rắt,sụt cân,tiểu nhiều lần,,,
Viêm dây thanh,ho,đau tai,khàn tiếng,đau họng,nghẹt mũi,,,
Viêm tá tràng mạn,đầy hơi,cộm mắt,ợ chua,buồn nôn,mệt mỏi,đau thượng vị,chán ăn,sốt
Viêm tai giữa mạn,mệt mỏi,khàn tiếng,đau tai,sốt,nghẹt mũi,,,
Áp xe tiểu phế quản,đau,sưng,sốt,thở khò khè,ho,khó thở,,
Viêm niệu đạo cấp,tiểu buốt,đau lưng,tiểu ra máu,tiểu rắt,sốt,tiểu nhiều lần,,
Polyp tâm vị,chán ăn,ợ chua,buồn nôn,đi ngoài ra máu,đầy hơi,,,
U lành tính tuyến bã,mụn nước,da đỏ,ngứa,,,,,
Ung thư gan,chán ăn,sụt cân,đau hạ sườn phải,mệt mỏi,,,,
U lành tính họng,khàn tiếng,đau tai,đau họng,nghẹt mũi,,,,
Viêm dây thanh,ho,nghẹt mũi,đau họng,khàn tiếng,,,,
Viêm cột sống mạn,mệt mỏi,cứng khớp,đau khớp,đau xương,sốt,hạn chế vận động,,
Viêm phế quản cấp,ho,khó thở,sốt,ho có đờm,thở khò khè,đau ngực,nôn ra máu,
Viêm màng não,cứng cổ,đau đầu dữ dội,sốt cao,lơ mơ,nhạy cảm ánh sáng,,,
Viêm túi mật mạn,mệt mỏi,sốt,kéo dài,vàng da,,,,
Ngộ độc thực phẩm,sốt,tiêu chảy,nôn,buồn nôn,,,,
Trào ngược dạ dày,khó nuốt,đau ngực,ho khan,ợ nóng,ợ chua,,,
Viêm dạ dày,ợ chua,đau thượng vị,,,,,,
Nhiễm trùng hậu môn,đầy hơi,sốt,tiêu chảy,đau bụng,,,,
Viêm tâm vị cấp,sốt,đầy hơi,đau thượng vị,đau dữ dội,,,,
Viêm nang lông mạn,ngứa,mệt mỏi,sốt,phát ban,kéo dài,mụn nước,,
Ung thư đại tràng,mệt mỏi,táo bón,sụt cân,chán ăn,tiêu chảy,đau bụng,,
Ung thư âm đạo,sụt cân,chán ăn,rối loạn kinh nguyệt,đau khi quan hệ,,,,
Nhiễm trùng thận,sốt,tiểu buốt,tiểu nhiều lần,tiểu rắt,,,,
Ung thư bàng quang,sụt cân,mệt mỏi,tiểu ra máu,tiểu buốt,đau lưng,,,
Thủy đậu,ngứa,phát ban,mụn nước,,,,,
Viêm thận cấp,đau lưng,tiểu rắt,tiểu ra máu,tiểu buốt,,,,
Viêm họng cấp,đau tai,ho,đau dữ dội,sưng hạch,,,,
Polyp hồi tràng,đi ngoài ra máu,táo bón,đầy hơi,,,,,
Tiểu đường,mờ mắt,đói nhiều,tiểu nhiều,khát nước nhiều,,,,
Sởi,phát ban,chảy nước mắt,mắt đỏ,sốt cao,ho,,,
Viêm trung thất cấp,thở khò khè,sốt,đau ngực,,,,,
Viêm trung thất mạn,mệt mỏi,ho có đờm,khó thở,kéo dài,sốt,đau ngực,,
Đau nửa đầu,nôn,buồn nôn,đau đầu,nhạy cảm ánh sáng,,,,
Mề đay,ngứa,sưng môi,nổi mẩn,,,,,
Ung thư dây thanh,chán ăn,đau tai,đau họng,sụt cân,,,,
Viêm sụn khớp,đau xương,đau khớp,,,,,,
Viêm bao hoạt dịch,cứng khớp,hạn chế vận động,đau khớp,sốt,,,,
Viêm nội tâm mạc,khó thở,mệt mỏi,sốt,,,,,
Phình van tim,mệt mỏi,khó thở,phù chân,,,,,
Hen suyễn,khó thở,thở khò khè,đau ngực,,,,,
Viêm bàng quang mạn,kéo dài,mệt mỏi,sốt,đau lưng,tiểu nhiều lần,tiểu buốt,,
U lành tính dây thanh,khàn tiếng,đau họng,ho,,,,,
U lành tính giác mạc,đau mắt,chảy nước mắt,cộm mắt,,,,,
Viêm trung thất cấp,thở khò khè,đau ngực,ho,sốt,,,,
Ung thư amidan,khàn tiếng,nghẹt mũi,sụt cân,,,,,
Viêm tâm vị,chán ăn,đầy hơi,sốt,ợ chua,,,,
Polyp dạ dày,đau thượng vị,buồn nôn,đi ngoài ra máu,ợ chua,,,,
Polyp đại tràng,táo bón,tiêu chảy,đi ngoài ra máu,đau bụng,,,,
Viêm bể thận cấp,tiểu rắt,đau lưng,đau dữ dội,tiểu buốt,,,,
Áp xe tụy,sốt,đau,vàng da,đau hạ sườn phải,buồn nôn,chán ăn,sưng,
Nhiễm trùng thận,đau lưng,ớn lạnh,tiểu buốt,tiểu nhiều lần,tiểu rắt,,,
Viêm tuyến lệ cấp,cộm mắt,đau mắt,đau dữ dội,mờ mắt,chảy nước mắt,,,
Viêm manh tràng mạn,kéo dài,đầy hơi,đi ngoài ra máu,,,,,
Ung thư tá tràng,sụt cân,mệt mỏi,đau thượng vị,đầy hơi,ợ chua,,,
Ung thư buồng trứng,sụt cân,đau khi quan hệ,ra khí hư,đau bụng dưới,rối loạn kinh nguyệt,,,
Nhiễm trùng niệu đạo,tiểu nhiều lần,tiểu buốt,tiểu rắt,đau lưng,ớn lạnh,tiểu ra máu,,
Áp xe gan,sốt,mệt mỏi,đau,vàng da,buồn nôn,sưng,chán ăn,đau hạ sườn phải
Trào ngược dạ dày,ợ nóng,,,,,,,
Viêm phế quản,đau ngực,khó thở,sốt nhẹ,mệt mỏi,ho có đờm,,,
Ung thư da,mụn nước,phát ban,,,,,,
Viêm bể thận mạn,tiểu ra máu,tiểu rắt,tiểu nhiều lần,,,,,
Ung thư vòi trứng,rối loạn kinh nguyệt,sụt cân,mệt mỏi,đau bụng dưới,đau khi quan hệ,,,
Viêm xoang mạn,khàn tiếng,nghẹt mũi,mệt mỏi,đau họng,ho,đau tai,,
Ung thư mào tinh hoàn,chán ăn,rối loạn kinh nguyệt,đau khi quan hệ,sụt cân,,,,
Áp xe khí quản,sốt,khó thở,thở khò khè,ho có đờm,,,,
Hẹp động mạch chủ,khó thở,hồi hộp,mệt mỏi,,,,,
Sỏi thận,đau lưng,buồn nôn,đau quặn thận,tiểu ra máu,tiểu buốt,,,
Áp xe phế quản,sốt,đau ngực,thở khò khè,ho có đờm,đau,,,
Nhiễm trùng âm đạo,đau bụng dưới,rối loạn kinh nguyệt,ra khí hư,đau khi quan hệ,ớn lạnh,,,
Phình van tim,phù chân,khó thở,mệt mỏi,,,,,
Viêm phế quản mạn,mệt mỏi,sốt,nghẹt mũi,ho có đờm,thở khò khè,ho,đau ngực,
Viêm trung thất cấp,khó thở,thở khò khè,ho có đờm,đau ngực,đau dữ dội,,,
Nhiễm trùng manh tràng,táo bón,ớn lạnh,đau bụng,sốt,,,,
U lành tính mào tinh hoàn,đau khi quan hệ,ra khí hư,rối loạn kinh nguyệt,đau bụng dưới,,,,
U lành tính gan,chán ăn,đau hạ sườn phải,buồn nôn,,,,,
Trĩ,đi ngoài ra máu,sa búi trĩ,ngứa hậu môn,đau hậu môn,,,,
U lành tính amidan,nghẹt mũi,đau tai,khàn tiếng,,,,,
Viêm buồng trứng mạn,đau bụng dưới,đau khi quan hệ,rối loạn kinh nguyệt,,,,,
U lành tính giác mạc,chảy nước mắt,cộm mắt,,,,,,
Viêm ruột thừa cấp,đau bụng,đầy hơi,táo bón,sốt,đau dữ dội,tiêu chảy,,
Viêm tuyến lệ mạn,đau mắt,sốt,cộm mắt,mờ mắt,mắt đỏ,chảy nước mắt,,
Viêm niệu đạo cấp,đau dữ dội,tiểu rắt,sốt,tiểu buốt,đau lưng,,,
Áp xe trung thất,khó thở,sốt,sưng,ho,ho có đờm,da khô,đau,
Áp xe gan,sốt,sưng,đau,đau hạ sườn phải,vàng da,mệt mỏi,chán ăn,
Viêm thận mạn,sốt,tiểu ra máu,tiểu nhiều lần,kéo dài,,,,
U lành tính vòm họng,nghẹt mũi,,,,,,,
Ung thư đường mật,đau hạ sườn phải,sụt cân,khó tập trung,vàng da,,,,
U lành tính móng,mụn nước,phát ban,da đỏ,,,,,
Trào ngược dạ dày,ợ nóng,khó nuốt,ợ chua,đau ngực,,,,
Polyp manh tràng,đau bụng,tiêu chảy,đầy hơi,táo bón,đi ngoài ra máu,,,
Nhiễm trùng tử cung,rối loạn kinh nguyệt,đau khi quan hệ,sốt,đau bụng dưới,ra khí hư,,,
Polyp hồi tràng,đau bụng,đi ngoài ra máu,đầy hơi,táo bón,,,,
Viêm vòm họng cấp,nghẹt mũi,ho,khàn tiếng,đau dữ dội,đau họng,sốt,,
Viêm khớp háng mạn,hạn chế vận động,cứng khớp,sốt,đau khớp,đau xương,kéo dài,,
Viêm động mạch chủ,hồi hộp,phù chân,đau ngực,,,,,
Viêm tử cung,đau bụng dưới,ra khí hư,sốt,,,,,
Viêm khớp háng mạn,hạn chế vận động,cứng khớp,đau xương,mệt mỏi,đau khớp,sưng khớp,,
Viêm amidan mạn,nghẹt mũi,mệt mỏi,khàn tiếng,đau tai,,,,
Viêm ruột thừa mạn,đi ngoài ra máu,mệt mỏi,đau bụng,,,,,
Cảm cúm,đau nhức cơ,đau đầu,sốt cao,mệt mỏi,ớn lạnh,đau họng,,
Viêm tai giữa cấp,đi lại khó,ho,đau dữ dội,đau họng,đau tai,,,
Viêm tai ngoài mạn,đau họng,ho,sốt,khàn tiếng,đau tai,,,
Ung thư tai giữa,nghẹt mũi,khàn tiếng,mệt mỏi,sụt cân,đau tai,chán ăn,,
Cảm cúm,đau đầu,sốt cao,đau nhức cơ,ớn lạnh,ho,,,
Áp xe lách,đau,sưng,mệt mỏi,chán ăn,sốt,buồn nôn,,
Thoái hóa khớp vai,sưng khớp,cứng khớp,hạn chế vận động,đau khớp,,,,
Viêm tai giữa,sốt,,,,,,,
Nhồi máu cơ tim,đau ngực,đổ mồ hôi lạnh,khó thở,hồi hộp,đau lan cánh tay,buồn nôn,,
Cảm lạnh,hắt hơi,nghẹt mũi,mệt mỏi,sổ mũi,,,,
Ung thư niệu đạo,sụt cân,đau lưng,chán ăn,tiểu nhiều lần,tiểu rắt,mệt mỏi,,
Viêm tụy cấp,đau hạ sườn phải,đau dữ dội,sốt,buồn nôn,chán ăn,vàng da,,
Viêm âm đạo,sốt,đau khi quan hệ,rối loạn kinh nguyệt,,,,,
Ung thư túi mật,chán ăn,buồn nôn,đau hạ sườn phải,sụt cân,,,,
Nhiễm trùng nang lông,ớn lạnh,ngứa,phát ban,sốt,bong tróc da,,,
Zona thần kinh,đau rát da,mụn nước,phát ban,,,,,
U lành tính tuyến tiền liệt,rối loạn kinh nguyệt,đau bụng dưới,đau khi quan hệ,ra khí hư,,,,
Viêm dây thanh cấp,khàn tiếng,đau tai,sốt,,,,,
Viêm tá tràng,chán ăn,ợ chua,,,,,,
Viêm khớp dạng thấp,cứng khớp,đau khớp,mệt mỏi,sưng khớp,sốt nhẹ,,,
Viêm manh tràng,táo bón,sốt,tiêu chảy,,,,,
U lành tính túi mật,vàng da,buồn nôn,mệt mỏi,,,,,
U lành tính xoang,khàn tiếng,đau rát da,ho,,,,,
Viêm khớp gối cấp,đau dữ dội,sốt,đau khớp,hạn chế vận động,sưng khớp,cứng khớp,,
Viêm động mạch chủ cấp,khó thở,hồi hộp,phù chân,đau ngực,,,,
Viêm màng ngoài tim mạn,đau ngực,phù chân,hồi hộp,khó thở,,,,
Hẹp động mạch chủ,phù chân,đau ngực,mệt mỏi,,,,,
Viêm bàng quang mạn,tiểu buốt,tiểu nhiều lần,tiểu rắt,sốt,tiểu ra máu,,,
Đột quỵ,nói khó,yếu liệt tay chân,méo miệng,đau đầu dữ dội,,,,
Viêm thanh quản,đau ngực,sốt,ho,,,,,
Sốt rét,ớn lạnh,sốt cao,đổ mồ hôi,,,,,
Viêm sụn khớp,đau khớp,đau xương,sốt,hạn chế vận động,,,,
Viêm khớp háng mạn,kéo dài,sốt,đau khớp,hạn chế vận động,,,,
Viêm màng phổi cấp,ho có đờm,ho,sốt,đau dữ dội,khó thở,,,
U lành tính cổ tử cung,rối loạn kinh nguyệt,đau khi quan hệ,mệt mỏi,đau bụng dưới,,,,
Viêm họng mạn,khàn tiếng,sốt,đau tai,ho,,,,
Dị ứng,ngứa,chảy nước mắt,hắt hơi,,,,,
Polyp dạ dày,ợ chua,đầy hơi,buồn nôn,chán ăn,,,,
Viêm tuyến tiền liệt cấp,ra khí hư,đau dữ dội,đau khi quan hệ,đau bụng dưới,ù tai,,,
U lành tính nang lông,bong tróc da,ngứa,da đỏ,,,,,
Sỏi thận,đau lưng,đau quặn thận,buồn nôn,,,,,
Viêm tai giữa,sốt,ù tai,đau tai,,,,,
Sỏi niệu quản,tiểu ra máu,tiểu nhiều lần,đau quặn thận,,,,,
Viêm khớp vai,sưng khớp,cứng khớp,,,,,,
Ung thư đường mật,sụt cân,đau hạ sườn phải,vàng da,mệt mỏi,,,,
Viêm vòi trứng cấp,đau bụng dưới,ra khí hư,đau dữ dội,,,,,
U lành tính cổ tử cung,rối loạn kinh nguyệt,đau bụng dưới,,,,,,
Nhiễm trùng hồi tràng,táo bón,sốt,đi ngoài ra máu,đầy hơi,,,,
Polyp hồi tràng,mất thăng bằng,táo bón,,,,,,
Viêm ruột thừa,đau hố chậu phải,chán ăn,đau bụng,,,,,
Viêm tâm vị,đầy hơi,ợ chua,,,,,,
Viêm vòm họng mạn,đau họng,mệt mỏi,khàn tiếng,đau tai,sốt,,,
Suy thận,mệt mỏi,buồn nôn,phù chân,,,,,
Viêm vòi trứng mạn,kéo dài,đau bụng dưới,rối loạn kinh nguyệt,đau khi quan hệ,,,,
Ung thư tai ngoài,mệt mỏi,sụt cân,đau tai,nghẹt mũi,chán ăn,đau họng,,
Suy giáp,da khô,tăng cân,sợ lạnh,mệt mỏi,,,,
Polyp hậu môn,táo bón,đầy hơi,đau bụng,,,,,
Viêm phế quản mạn,mệt mỏi,đau ngực,thở khò khè,ho có đờm,,,,
Viêm động mạch chủ cấp,phù chân,sốt,đau ngực,đau dữ dội,,,,
Ung thư nang lông,ngứa,chán ăn,bong tróc da,da đỏ,,,,
U lành tính túi mật,buồn nôn,vàng da,,,,,,
Viêm niệu đạo,sốt,tiểu nhiều lần,tiểu buốt,tiểu ra máu,,,,
Hẹp màng ngoài tim,khó thở,hồi hộp,phù chân,da xanh xao,,,,
Viêm khớp dạng thấp,mệt mỏi,sưng khớp,đau khớp,cứng khớp,,,,
Thoái hóa bao hoạt dịch,cứng khớp,đau xương,sưng khớp,,,,,
U lành tính buồng trứng,đau khi quan hệ,rối loạn kinh nguyệt,ra khí hư,,,,,
Polyp trực tràng,đi ngoài ra máu,đau bụng,táo bón,lo lắng quá mức,,,,
Viêm khớp vai cấp,hạn chế vận động,đau xương,đau khớp,sốt,,,,
Nhiễm trùng buồng trứng,ra khí hư,đau bụng dưới,rối loạn kinh nguyệt,sốt,,,,
Viêm móng,bong tróc da,phát ban,ngứa,mụn nước,,,,
Viêm hồi tràng,tiêu chảy,sốt,đau bụng,đi ngoài ra máu,,,,
Viêm tuyến bã mạn,phát ban,mệt mỏi,,,,,,
Viêm khớp háng cấp,đau khớp,đau xương,sưng khớp,cứng khớp,,,,
Ung thư tụy,mệt mỏi,đau hạ sườn phải,vàng da,buồn nôn,chán ăn,,,
Viêm ruột non mạn,đầy hơi,mệt mỏi,đau bụng,táo bón,,,,
Viêm trung thất cấp,đau ngực,thở khò khè,ho có đờm,,,,,
Viêm xoang,nghẹt mũi,giảm khứu giác,đau đầu,sổ mũi,,,,
Suy tim,khó thở,hồi hộp,đau ngực,ho,mệt mỏi,phù chân,,
Viêm xoang mạn,khàn tiếng,mệt mỏi,nghẹt mũi,ho,đau họng,sốt,,
Viêm nang lông cấp,sốt,da đỏ,ngứa,bong tróc da,đau dữ dội,,,
Ung thư tiểu phế quản,đau ngực,sụt cân,mệt mỏi,khó thở,ho,chán ăn,thở khò khè,
Viêm gan,vàng da,nước tiểu sẫm màu,mệt mỏi,chán ăn,đau hạ sườn phải,,,
Viêm gân gót mạn,đau xương,sưng khớp,đau khớp,sốt,hạn chế vận động,kéo dài,,
Viêm tuyến tiền liệt cấp,đau khi quan hệ,đau bụng dưới,,,,,,
Viêm võng mạc,đau mắt,đau rát da,mắt đỏ,cộm mắt,,,,
Sỏi bàng quang,tiểu nhiều lần,tiểu buốt,tiểu ra máu,đau lưng,,,,
Viêm khớp gối mạn,đau khớp,hạn chế vận động,cứng khớp,đau xương,kéo dài,,,
Polyp ruột non,nước tiểu sẫm màu,tiêu chảy,đau bụng,táo bón,,,,
Viêm tâm vị cấp,đau thượng vị,đầy hơi,ợ chua,chán ăn,sốt,,,
Viêm tuyến lệ mạn,mờ mắt,chảy nước mắt,mắt đỏ,mệt mỏi,,,,
Viêm màng ngoài tim,phù chân,khó thở,đau ngực,,,,,
U lành tính tuyến bã,da đỏ,mụn nước,phát ban,ngứa,,,,
Viêm khí quản,thở khò khè,đau ngực,ho,,,,,
Viêm buồng trứng mạn,đau khi quan hệ,đau bụng dưới,rối loạn kinh nguyệt,,,,,
Viêm tử cung cấp,ra khí hư,đau bụng dưới,rối loạn kinh nguyệt,,,,,
Viêm trung thất cấp,ho có đờm,thở khò khè,sốt,đau ngực,,,,
Viêm khớp vai cấp,cứng khớp,đau dữ dội,sốt,sưng khớp,hạn chế vận động,đau xương,,
Thoái hóa cột sống,sưng khớp,đau xương,,,,,,
Viêm da,phát ban,bong tróc da,,,,,,
Trĩ,sa búi trĩ,đi ngoài ra máu,đau hậu môn,,,,,
Viêm võng mạc cấp,chảy nước mắt,mắt đỏ,đau dữ dội,đau mắt,,,,
Viêm động mạch chủ,phù chân,hồi hộp,khó thở,,,,,
Viêm khí quản cấp,đau dữ dội,sốt,khó thở,thở khò khè,ho,,,
Viêm túi mật,mệt mỏi,đau hạ sườn phải,chán ăn,vàng da,,,,
Viêm tá tràng cấp,đầy hơi,ợ chua,chán ăn,sốt,buồn nôn,nôn ra máu,,
Viêm cơ tim mạn,kéo dài,đau ngực,khó thở,,,,,
Viêm tử cung,ra khí hư,đau bụng dưới,rối loạn kinh nguyệt,,,,,
Ung thư hồi tràng,táo bón,sụt cân,mệt mỏi,đầy hơi,cứng khớp,đau bụng,,
Viêm mống mắt cấp,mờ mắt,sốt,cộm mắt,mắt đỏ,đau dữ dội,,,
U lành tính mào tinh hoàn,đau bụng dưới,đau khi quan hệ,ra khí hư,,,,,
Viêm túi mật cấp,vàng da,chán ăn,sốt,buồn nôn,,,,
Polyp ruột thừa,đau bụng,đầy hơi,,,,,,
U lành tính mào tinh hoàn,đau bụng dưới,ra khí hư,đau khi quan hệ,,,,,
Viêm mống mắt,cộm mắt,mờ mắt,mắt đỏ,đau mắt,,,,
Phình màng ngoài tim,mệt mỏi,đau ngực,phù chân,hồi hộp,,,,
Ung thư dây thanh,đau họng,nghẹt mũi,sụt cân,khàn tiếng,mệt mỏi,ho,,
Nhiễm trùng hồi tràng,đầy hơi,đau bụng,sốt,táo bón,,,,
Viêm dạ dày cấp,đầy hơi,ợ chua,chán ăn,buồn nôn,,,,
Viêm thanh quản,ho,sốt,thở khò khè,đau ngực,,,,
Ung thư bể thận,mệt mỏi,tiểu nhiều lần,sụt cân,,,,,
Động kinh,co giật,đau đầu,mất ý thức,,,,,
Viêm túi mật,mệt mỏi,sốt,buồn nôn,chán ăn,,,,
Ung thư họng,khàn tiếng,đau tai,ho,nghẹt mũi,sụt cân,chán ăn,đau họng,
Loét dạ dày,chán ăn,đầy hơi,đau thượng vị,ợ chua,nôn ra máu,nước tiểu đục,,
Viêm gân gót cấp,hạn chế vận động,cứng khớp,đau khớp,,,,,
Viêm vòi trứng mạn,đau bụng dưới,sốt,rối loạn kinh nguyệt,,,,,
Nhiễm trùng hậu môn,táo bón,đau bụng,ớn lạnh,đầy hơi,sốt,,,
Lao bao hoạt dịch,đau khớp,sốt nhẹ,hạn chế vận động,đổ mồ hôi đêm,đau xương,sưng khớp,sụt cân,mất ngủ
Polyp manh tràng,táo bón,đau bụng,tiêu chảy,,,,,
Tay chân miệng,loét miệng,phát ban,lồi mắt,sốt,mệt mỏi,,,
Nhồi máu cơ tim,đau lan cánh tay,đổ mồ hôi lạnh,hồi hộp,khó thở,buồn nôn,đau ngực,,
Viêm ruột non mạn,táo bón,đau bụng,sốt,tiêu chảy,đi ngoài ra máu,,,
Viêm amidan cấp,sốt,đau họng,nghẹt mũi,đau tai,khàn tiếng,đau dữ dội,,
Gout,sưng khớp,đỏ khớp,tiểu ra máu,đau khớp,,,,
Viêm thanh quản mạn,thở khò khè,đau ngực,sốt,kéo dài,ho,mệt mỏi,,
Viêm hậu môn cấp,đau bụng,sốt,đau dữ dội,táo bón,tiêu chảy,,,
Viêm khớp háng cấp,đau khớp,cứng khớp,hạn chế vận động,sốt,,,,
Viêm phổi,khó thở,sốt cao,ho có đờm,đau ngực,,,,
Viêm hồi tràng,tiêu chảy,đau bụng,đi ngoài ra máu,đầy hơi,,,,
Viêm phổi mạn,sốt,ho,kéo dài,khó thở,,,,
Ung thư dây thần kinh,chóng mặt,chán ăn,sụt cân,đau đầu,tê tay chân,,,
U lành tính đường mật,đau hạ sườn phải,vàng da,buồn nôn,chán ăn,,,,
Áp xe tụy,sốt,đau hạ sườn phải,sưng,chảy máu cam,đau,mệt mỏi,chán ăn,
Động kinh,mất ý thức,co giật,,,,,,
Viêm màng ngoài tim cấp,sốt,đau dữ dội,phù chân,mệt mỏi,hồi hộp,,,
Ung thư nang lông,chán ăn,ngứa,phát ban,mệt mỏi,mụn nước,bong tróc da,da đỏ,sụt cân
Viêm tử cung cấp,đau dữ dội,rối loạn kinh nguyệt,sốt,đau bụng dưới,,,,
Polyp dạ dày,đầy hơi,ợ chua,đau thượng vị,buồn nôn,chán ăn,đi ngoài ra máu,,
Ung thư màng não,yếu liệt tay chân,mệt mỏi,tê tay chân,sụt cân,,,,
Viêm cơ tim,phù chân,mệt mỏi,khó thở,đau ngực,,,,
Loét thực quản,đau,buồn nôn,đau thượng vị,chán ăn,,,,
Ung thư tiểu phế quản,khó thở,ho,ho có đờm,sụt cân,chán ăn,mệt mỏi,,
Viêm tâm vị mạn,đầy hơi,mệt mỏi,đau thượng vị,buồn nôn,ợ chua,sốt,đỏ khớp,chán ăn
Viêm vòi trứng,ra khí hư,đau bụng dưới,,,,,,
Viêm trực tràng,đầy hơi,táo bón,đau bụng,tiêu chảy,,,,
Viêm thanh quản mạn,thở khò khè,ho có đờm,đau ngực,,,,,
Nhiễm trùng nang lông,bong tróc da,phát ban,da đỏ,,,,,
Viêm mào tinh hoàn mạn,rối loạn kinh nguyệt,đau bụng dưới,ra khí hư,sốt,,,,
Polyp ruột thừa,đầy hơi,đau bụng,táo bón,,,,,
Loét tâm vị,đầy hơi,đau thượng vị,ợ chua,buồn nôn,nôn ra máu,,,
Lao phổi,sụt cân,ho ra máu,đổ mồ hôi đêm,ho kéo dài,,,,
Viêm thận mạn,kéo dài,tiểu rắt,tiểu ra máu,mệt mỏi,tiểu buốt,chảy máu cam,,
Viêm buồng trứng cấp,đau khi quan hệ,rối loạn kinh nguyệt,đau bụng dưới,,,,,
Viêm cổ tử cung,đau bụng dưới,đau khi quan hệ,rối loạn kinh nguyệt,,,,,
Polyp đại tràng,tiêu chảy,đau bụng,,,,,,
U lành tính tai giữa,đau họng,khàn tiếng,,,,,,
Viêm màng phổi mạn,đau ngực,sốt,thở khò khè,kéo dài,khó thở,ho có đờm,,
Viêm động mạch chủ cấp,mệt mỏi,phù chân,khó thở,đau ngực,,,,
Ung thư đại tràng,sụt cân,táo bón,đầy hơi,tiêu chảy,chán ăn,đi ngoài ra máu,,
Sốt rét,buồn nôn,đau đầu,sốt cao,đổ mồ hôi,ớn lạnh,,,
Trào ngược dạ dày,đau ngực,ho khan,khó nuốt,ợ nóng,ợ chua,,,
Áp xe màng phổi,sốt,ho có đờm,thở khò khè,đau,ho,khó thở,,
Ung thư họng,sụt cân,đau họng,khàn tiếng,nghẹt mũi,mệt mỏi,chán ăn,,
Nhiễm trùng ruột non,đau bụng,táo bón,đi ngoài ra máu,tiêu chảy,,,,
Viêm khớp gối,sốt,hạn chế vận động,sưng khớp,cứng khớp,,,,
Viêm tai giữa cấp,nghẹt mũi,đau dữ dội,đau tai,,,,,
Viêm phổi mạn,khó thở,kéo dài,ho,,,,,
Viêm màng não mạn,chóng mặt,mệt mỏi,kéo dài,tê tay chân,sốt,đau đầu,co giật,
Viêm màng não mạn,yếu liệt tay chân,đau đầu,co giật,sốt,chóng mặt,mệt mỏi,kéo dài,
Thủy đậu,nóng khớp,mụn nước,ngứa,mệt mỏi,,,,
Ung thư đại tràng,đi ngoài ra máu,táo bón,sụt cân,,,,,
Viêm tai giữa cấp,hồi hộp,đau họng,đau tai,đau dữ dội,,,,
U lành tính mống mắt,cộm mắt,mờ mắt,đau mắt,chảy nước mắt,mắt đỏ,,,
Áp xe khí quản,sưng,đau ngực,sốt,ho,khó thở,ho có đờm,thở khò khè,
Viêm gân gót mạn,hạn chế vận động,mệt mỏi,đau xương,sốt,sưng khớp,,,
Viêm màng ngoài tim,phù chân,khó thở,đau họng,đau ngực,sốt,,,
Táo bón,đau bụng,đi ngoài khó,phân cứng,,,,,
Nhiễm trùng bể thận,ớn lạnh,tiểu nhiều lần,tiểu ra máu,đau lưng,sốt,tiểu buốt,,
Polyp hồi tràng,táo bón,đau bụng,đi ngoài ra máu,đầy hơi,tiêu chảy,,,
COVID-19,sốt,ho khan,mệt mỏi,,,,,
Ung thư lách,sụt cân,đau hạ sườn phải,bầm tím,buồn nôn,chán ăn,,,
Viêm dạ dày cấp,đầy hơi,chán ăn,ợ chua,sốt,,,,
Viêm đường mật mạn,sốt,đau hạ sườn phải,vàng da,chán ăn,,,,
Áp xe phổi,sốt,sưng,đau,ho,ho có đờm,,,
Viêm cột sống cổ,đau khớp,sưng khớp,hạn chế vận động,,,,,
Viêm âm đạo mạn,rối loạn kinh nguyệt,ra khí hư,đau khi quan hệ,đau bụng dưới,khó nuốt,,,
Trầm cảm,mất ngủ,chán ăn,mệt mỏi,buồn bã kéo dài,mất hứng thú,,,
Viêm tá tràng cấp,đầy hơi,đau dữ dội,buồn nôn,chán ăn,,,,
Viêm mào tinh hoàn cấp,đau bụng dưới,rối loạn kinh nguyệt,,,,,,
U lành tính túi mật,buồn nôn,đau hạ sườn phải,vàng da,mệt mỏi,chán ăn,,,
Thoái hóa sụn khớp,cứng khớp,đau khớp,sưng khớp,đau xương,,,,
Viêm tiểu phế quản mạn,ho có đờm,sốt,thở khò khè,đau ngực,ho,,,
Viêm âm đạo cấp,ra khí hư,đau khi quan hệ,rối loạn kinh nguyệt,đau dữ dội,,,,
Viêm đại tràng mạn,đầy hơi,nói khó,tiêu chảy,,,,,
Viêm manh tràng mạn,đi ngoài ra máu,đầy hơi,mệt mỏi,đau bụng,,,,
Viêm dạ dày,đau thượng vị,ợ chua,chán ăn,buồn nôn,,,,
Viêm trung thất mạn,ho có đờm,mệt mỏi,khó thở,kéo dài,,,,
Viêm xoang,giảm khứu giác,nghẹt mũi,đau đầu,đau mặt,,,,
Loét dạ dày,đầy hơi,ợ chua,đau thượng vị,đau,,,,
U lành tính amidan,khàn tiếng,đau họng,đau tai,,,,,
Thoái hóa cột sống,sưng khớp,đau xương,hạn chế vận động,,,,,
U lành tính vòi trứng,ra khí hư,đau bụng dưới,rối loạn kinh nguyệt,đau khi quan hệ,,,,
Áp xe phế quản,khó thở,ho có đờm,sưng,sốt,ho,thở khò khè,,
Viêm động mạch chủ mạn,phù chân,mệt mỏi,đau ngực,sốt,khó thở,hồi hộp,,
Viêm cơ tim,sốt,đau ngực,hồi hộp,phù chân,khó thở,mệt mỏi,,
U lành tính màng não,co giật,chóng mặt,yếu liệt tay chân,đau đầu,,,,
Phình động mạch chủ,phù chân,mệt mỏi,khó thở,,,,,
Viêm thanh quản mạn,ho có đờm,sốt,thở khò khè,ho,đau ngực,khó thở,,
Viêm bàng quang mạn,kéo dài,đau lưng,tiểu nhiều lần,tiểu buốt,mệt mỏi,sốt,,
Viêm thực quản cấp,sốt,buồn nôn,đau thượng vị,đau dữ dội,chán ăn,ợ chua,,
Ung thư tai giữa,khàn tiếng,ho,đau tai,chán ăn,sụt cân,nghẹt mũi,,
Tiểu đường,tiểu nhiều,khát nước nhiều,,,,,,
Ngộ độc thực phẩm,sốt,mất nước,nôn,tiêu chảy,đau bụng,buồn nôn,,
Viêm niệu quản mạn,tiểu ra máu,đau lưng,tiểu buốt,tiểu nhiều lần,tiểu rắt,mệt mỏi,,
Viêm kết mạc,ngứa mắt,ghèn mắt,mắt đỏ,cộm mắt,chảy nước mắt,,,
Viêm da mạn,kéo dài,ngứa,mụn nước,phát ban,mệt mỏi,da đỏ,,
Viêm nang lông cấp,ngứa,da đỏ,bong tróc da,,,,,
Ung thư đại tràng,sụt cân,rụng tóc,táo bón,tiêu chảy,đau bụng,đầy hơi,đi ngoài ra máu,
U lành tính vòi trứng,đau khi quan hệ,rối loạn kinh nguyệt,ra khí hư,,,,,
Áp xe khí quản,sốt,khó thở,ho có đờm,thở khò khè,,,,
Nhiễm trùng tuyến bã,ngứa,bong tróc da,,,,,,
Viêm hậu môn,đau bụng,đầy hơi,sốt,táo bón,đi ngoài ra máu,,,
Áp xe túi mật,đau hạ sườn phải,buồn nôn,mệt mỏi,đau,vàng da,,,
U lành tính lách,chán ăn,mệt mỏi,buồn nôn,vàng da,,,,
Viêm niệu quản cấp,tiểu buốt,tiểu ra máu,đau dữ dội,tiểu nhiều lần,đau lưng,,,
Tăng huyết áp,hồi hộp,mờ mắt,chóng mặt,đau đầu,ù tai,,,
Hen suyễn,ho,thở khò khè,khó thở,,,,,
Viêm tuyến lệ mạn,chảy nước mắt,mờ mắt,mắt đỏ,sốt,mệt mỏi,,,
Tăng huyết áp,chóng mặt,đau đầu,ù tai,,,,,
U lành tính tụy,chán ăn,buồn nôn,mệt mỏi,đau hạ sườn phải,,,,
Áp xe màng phổi,thở khò khè,khó thở,sốt,sưng,ho,,,
Sốt xuất huyết,sốt cao,phát ban,đau sau hốc mắt,,,,,
Viêm buồng trứng mạn,rối loạn kinh nguyệt,mệt mỏi,đau bụng dưới,,,,,
Viêm tai giữa mạn,đau tai,mệt mỏi,nghẹt mũi,kéo dài,,,,
Viêm xoang cấp,khàn tiếng,đau họng,nghẹt mũi,,,,,
Viêm tá tràng,đầy hơi,đau thượng vị,sốt,ợ chua,chán ăn,,,
Viêm tai giữa cấp,sốt,đau họng,nghẹt mũi,đau tai,,,,
Viêm ruột non cấp,sốt,đau dữ dội,tiêu chảy,đau bụng,,,,
Viêm lách cấp,chán ăn,buồn nôn,mệt mỏi,sốt,đau hạ sườn phải,,,
U lành tính tử cung,đau khi quan hệ,đau bụng dưới,rối loạn kinh nguyệt,,,,,
Viêm buồng trứng cấp,đau bụng dưới,đau khi quan hệ,,,,,,
U lành tính gan,chán ăn,đau hạ sườn phải,buồn nôn,,,,,
Viêm hậu môn cấp,đau bụng,táo bón,sốt,đầy hơi,,,,
Thoái hóa sụn khớp,đau khớp,hạn chế vận động,sưng khớp,,,,,
Ung thư gan,sụt cân,đau hạ sườn phải,mệt mỏi,,,,,
Viêm túi mật mạn,buồn nôn,vàng da,sốt,đau hạ sườn phải,chán ăn,kéo dài,mệt mỏi,
U lành tính xoang,đau họng,khàn tiếng,ho,đau tai,,,,
Viêm thực quản mạn,buồn nôn,đau thượng vị,kéo dài,đầy hơi,mệt mỏi,ợ chua,chán ăn,
Viêm hồi tràng mạn,mệt mỏi,đau bụng,sốt,kéo dài,táo bón,đi ngoài ra máu,,
Loét tá tràng,ợ chua,đau,đầy hơi,chán ăn,,,,
Viêm cổ tử cung cấp,đau khi quan hệ,sốt,đau bụng dưới,ra khí hư,,,,
Viêm dạ dày mạn,buồn nôn,kéo dài,ợ chua,,,,,
Viêm họng,sưng hạch,khó nuốt,sốt,đau họng,,,,
Ung thư niệu quản,tiểu buốt,chán ăn,mệt mỏi,sụt cân,tiểu rắt,,,
Viêm manh tràng,tiêu chảy,đầy hơi,táo bón,đi ngoài ra máu,sốt,,,
Ung thư tiểu phế quản,thở khò khè,đau ngực,sụt cân,chán ăn,ho có đờm,khó thở,,
Viêm da cấp,bong tróc da,sốt,phát ban,mụn nước,ngứa,,,
Ung thư vòm họng,đau tai,mệt mỏi,chán ăn,sụt cân,,,,
Viêm van tim cấp,phù chân,khó thở,sốt,tiểu nhiều,đau ngực,hồi hộp,,
Viêm tâm vị,sốt,ợ chua,đầy hơi,,,,,
Ung thư tá tràng,ợ chua,sụt cân,chán ăn,đầy hơi,,,,
Viêm da mạn,ngứa,da đỏ,mụn nước,,,,,
Viêm màng não mạn,chóng mặt,sốt,co giật,yếu liệt tay chân,tê tay chân,đau đầu,,
Xơ gan,chán ăn,phù chân,bầm tím,mệt mỏi,vàng da,,,
Viêm âm đạo cấp,đau bụng dưới,rối loạn kinh nguyệt,ra khí hư,,,,,
Lao khớp vai,đổ mồ hôi đêm,đau xương,hạn chế vận động,sụt cân,cứng khớp,sốt nhẹ,,
Cảm cúm,ho,đau đầu,sốt cao,mệt mỏi,đau nhức cơ,ớn lạnh,,
Viêm màng phổi,khó thở,thở khò khè,,,,,,
Áp xe khí quản,sưng,đau ngực,thở khò khè,sốt,ho có đờm,khó thở,,
Nhiễm trùng buồng trứng,rối loạn kinh nguyệt,ớn lạnh,đau khi quan hệ,ra khí hư,,,,
Viêm tuyến bã cấp,da đỏ,phát ban,mụn nước,bong tróc da,sốt,,,
Nhiễm trùng hồi tràng,táo bón,đầy hơi,sốt,đau rát da,,,,
Viêm tuyến lệ cấp,đau mắt,đau dữ dội,mờ mắt,chảy nước mắt,cộm mắt,,,
Phình van tim,khó thở,mệt mỏi,phù chân,,,,,
Viêm thanh quản cấp,ho có đờm,ho,đau ngực,thở khò khè,,,,
Polyp tá tràng,đau thượng vị,đầy hơi,đi ngoài ra máu,buồn nôn,ợ chua,,,
Viêm ruột thừa cấp,sốt,đau bụng,đau dữ dội,tiêu chảy,đầy hơi,,,
Viêm tuyến lệ mạn,chảy nước mắt,đau mắt,mệt mỏi,cộm mắt,mắt đỏ,mờ mắt,,
Mề đay,ngứa,phát ban,nổi mẩn,,,,,
Viêm khớp gối cấp,đau khớp,đau xương,cứng khớp,hạn chế vận động,ho khan,,,
Áp xe túi mật,vàng da,chán ăn,sốt,đau hạ sườn phải,,,,
Viêm bao hoạt dịch cấp,đau dữ dội,hạn chế vận động,sưng khớp,sốt,,,,
Ung thư móng,bong tróc da,chán ăn,sụt cân,ngứa,mụn nước,,,
Sốt rét,đổ mồ hôi,buồn nôn,sốt cao,ớn lạnh,mất hứng thú,,,
Viêm dạ dày mạn,sốt,giảm thính lực,ợ chua,chán ăn,,,,
Hẹp cơ tim,phù chân,mệt mỏi,đau ngực,,,,,
U lành tính xoang,đau tai,đau họng,khàn tiếng,,,,,
Viêm khí quản cấp,đau dữ dội,khó thở,thở khò khè,đau ngực,,,,
Viêm cơ tim mạn,hồi hộp,khó thở,kéo dài,mệt mỏi,,,,
Viêm tử cung,rối loạn kinh nguyệt,đau khi quan hệ,ra khí hư,,,,,
Viêm tuyến bã cấp,ngứa,phát ban,mụn nước,da đỏ,đau dữ dội,,,
Phình cơ tim,mệt mỏi,khó thở,phù chân,hồi hộp,đau ngực,,,
U lành tính nang lông,bong tróc da,da đỏ,phát ban,ngứa,,,,
Lao bao hoạt dịch,sưng khớp,sụt cân,hạn chế vận động,đổ mồ hôi đêm,sốt nhẹ,,,
Viêm đường mật,chán ăn,vàng da,buồn nôn,mệt mỏi,,,,
Viêm gân gót mạn,đau khớp,cứng khớp,kéo dài,sưng khớp,hạn chế vận động,,,
Lao bao hoạt dịch,sưng khớp,sụt cân,đổ mồ hôi đêm,đau khớp,,,,
Viêm tử cung mạn,đau bụng dưới,sốt,đau khi quan hệ,ra khí hư,,,,
Viêm sụn khớp cấp,cứng khớp,sưng môi,hạn chế vận động,đau dữ dội,,,,
Áp xe đường mật,mệt mỏi,chán ăn,đau hạ sườn phải,buồn nôn,sốt,,,
Viêm họng,khó nuốt,ho,sưng hạch,đau họng,,,,
Ung thư tai giữa,nghẹt mũi,sụt cân,đau tai,mệt mỏi,khàn tiếng,,,
Viêm mống mắt cấp,mờ mắt,sốt,cộm mắt,mắt đỏ,,,,
U lành tính túi mật,vàng da,buồn nôn,chán ăn,mệt mỏi,,,,
Viêm bao hoạt dịch mạn,đau khớp,hạn chế vận động,kéo dài,mệt mỏi,cứng khớp,sưng khớp,,
Viêm vòm họng mạn,đau họng,đi ngoài ra máu,đau tai,khàn tiếng,,,,
Viêm động mạch chủ,hồi hộp,khó thở,phù chân,,,,,
Ung thư tinh hoàn,ra khí hư,mệt mỏi,đau bụng dưới,sụt cân,rối loạn kinh nguyệt,,,
Viêm màng não,cứng cổ,đau đầu dữ dội,sốt cao,buồn nôn,,,,
Viêm nang lông cấp,bong tróc da,sốt,,,,,,
Cảm lạnh,sổ mũi,nghẹt mũi,hắt hơi,,,,,
Viêm bàng quang cấp,đau dữ dội,tiểu ra máu,đau lưng,tiểu rắt,tiểu nhiều lần,,,
Thiếu máu,khó thở,mệt mỏi,da xanh xao,chóng mặt,,,,
Viêm niệu đạo cấp,tiểu rắt,sốt,tiểu ra máu,tiểu nhiều lần,tiểu buốt,đau lưng,,
Polyp manh tràng,tiêu chảy,táo bón,đi ngoài ra máu,đau bụng,,,,
Viêm cổ tử cung cấp,đau khi quan hệ,đau bụng dưới,,,,,,
U lành tính mào tinh hoàn,ra khí hư,đau bụng dưới,rối loạn kinh nguyệt,đau khi quan hệ,,,,
U lành tính lách,mệt mỏi,mất nước,vàng da,,,,,
Viêm dạ dày,ợ chua,chán ăn,đau thượng vị,,,,,
Viêm màng ngoài tim cấp,phù chân,đau ngực,hồi hộp,mệt mỏi,,,,
Viêm bao hoạt dịch,hạn chế vận động,sốt,đau khớp,,,,,
Polyp hậu môn,đi ngoài ra máu,táo bón,đầy hơi,đau bụng,,,,
Viêm tâm vị cấp,sốt,đau dữ dội,buồn nôn,đau thượng vị,,,,
Nhiễm trùng hậu môn,đau bụng,đầy hơi,táo bón,,,,,
Viêm tuyến lệ cấp,đau mắt,mờ mắt,mắt đỏ,,,,,
Viêm manh tràng mạn,đầy hơi,đi ngoài ra máu,đau bụng,,,,,
Viêm niệu quản,tiểu ra máu,sốt,đau lưng,tiểu nhiều lần,tiểu rắt,,,
Viêm thanh quản cấp,đau dữ dội,khó thở,ho,thở khò khè,ho có đờm,,,
Ung thư trung thất,sụt cân,thở khò khè,chán ăn,ho,đau ngực,khó thở,,
Viêm nang lông mạn,bong tróc da,sốt,ngứa,mệt mỏi,kéo dài,,,
Viêm khớp vai cấp,sưng khớp,đau xương,cứng khớp,,,,,
Viêm màng ngoài tim cấp,mệt mỏi,đau dữ dội,khó thở,phù chân,đau ngực,,,
Dị ứng,ngứa,chảy nước mắt,đau đầu,phát ban,hắt hơi,,,
Viêm van tim mạn,phù chân,kéo dài,mệt mỏi,đau ngực,hồi hộp,khó thở,,
Thoái hóa gân gót,đau khớp,sưng khớp,hạn chế vận động,cứng khớp,,,,
U lành tính tinh hoàn,đau bụng dưới,ra khí hư,đau khi quan hệ,rối loạn kinh nguyệt,,,,
Viêm nội tâm mạc cấp,đau dữ dội,mệt mỏi,khó thở,hồi hộp,phù chân,,,
Viêm mào tinh hoàn cấp,đau bụng dưới,đau khi quan hệ,sốt,,,,,
Viêm bàng quang cấp,tiểu ra máu,tiểu nhiều lần,tiểu buốt,tiểu rắt,,,,
Cảm lạnh,ho,hắt hơi,nghẹt mũi,đau họng,sổ mũi,,,
Ung thư hậu môn,mệt mỏi,đầy hơi,đi ngoài ra máu,sụt cân,,,,
Viêm dây thanh,nghẹt mũi,sốt,đau họng,khàn tiếng,đau tai,,,
Viêm thanh quản,đau ngực,thở khò khè,ho,,,,,
Viêm giác mạc mạn,chảy nước mắt,sốt,mệt mỏi,mờ mắt,mắt đỏ,,,
Nhiễm trùng bàng quang,tiểu rắt,sốt,tiểu nhiều lần,tiểu ra máu,,,,
Viêm gân gót mạn,kéo dài,đau khớp,mệt mỏi,sưng khớp,sốt,hạn chế vận động,,
Sỏi thận,đau lưng,tiểu buốt,đau quặn thận,tiểu ra máu,,,,
Viêm khí quản cấp,thở khò khè,khó thở,đau dữ dội,ho có đờm,sốt,ho,,
Viêm phổi mạn,khó thở,thở khò khè,ho,mệt mỏi,,,,
Phình van tim,khó thở,mệt mỏi,,,,,,
Lao phổi,sụt cân,mệt mỏi,ho ra máu,ho kéo dài,,,,
Nhiễm trùng hồi tràng,đầy hơi,đau bụng,tiêu chảy,táo bón,,,,
Nhiễm trùng tử cung,đau khi quan hệ,ớn lạnh,ra khí hư,rối loạn kinh nguyệt,sốt,,,
Viêm gan cấp,chán ăn,vàng da,mệt mỏi,,,,,
Lao khớp gối,đau xương,hạn chế vận động,đổ mồ hôi đêm,sưng khớp,sụt cân,,,
Loét tâm vị,đau,đầy hơi,đau thượng vị,,,,,
Loét tá tràng,chán ăn,đầy hơi,buồn nôn,đau thượng vị,ợ chua,,,
Viêm da cấp,ngứa,đau dữ dội,bong tróc da,sốt,,,,
Sỏi niệu quản,đau quặn thận,tiểu rắt,tiểu ra máu,tiểu nhiều lần,,,,
Viêm móng cấp,sốt,phát ban,da đỏ,đau dữ dội,mụn nước,ngứa,,
Ung thư niệu đạo,mệt mỏi,sụt cân,chán ăn,đau lưng,tiểu rắt,,,
Viêm tuyến tiền liệt mạn,kéo dài,rối loạn kinh nguyệt,đau mặt,ra khí hư,,,,
U lành tính da,ngứa,bong tróc da,da đỏ,,,,,
Viêm thực quản,đầy hơi,đau xương,ợ chua,,,,,
U lành tính tai giữa,ho,đau tai,khàn tiếng,đau họng,,,,
Mề đay,phát ban,sưng môi,ngứa,nổi mẩn,,,,
Viêm vòm họng,ho,nghẹt mũi,khàn tiếng,,,,,
Ung thư nang lông,sụt cân,bong tróc da,chán ăn,mệt mỏi,da đỏ,,,
Ung thư niệu quản,đau lưng,tiểu rắt,tiểu ra máu,tiểu buốt,sụt cân,,,
Viêm phổi,sốt cao,khó thở,ho có đờm,ớn lạnh,,,,
Viêm phổi mạn,sốt,đau ngực,thở khò khè,ho có đờm,ho,khó thở,,
Viêm gân gót,đau khớp,đau xương,hạn chế vận động,sốt,,,,
U lành tính võng mạc,mắt đỏ,đau quặn thận,cộm mắt,mờ mắt,đau mắt,,,
Ung thư tinh hoàn,đau khi quan hệ,sụt cân,đau bụng dưới,rối loạn kinh nguyệt,chán ăn,,,
Nhiễm trùng niệu quản,đau lưng,sốt,tiểu nhiều lần,tiểu rắt,tiểu ra máu,,,
Viêm manh tràng mạn,đầy hơi,đau bụng,sốt,đi ngoài ra máu,,,,
Viêm tá tràng mạn,đầy hơi,mệt mỏi,chán ăn,,,,,
Viêm đường mật,buồn nôn,vàng da,mệt mỏi,,,,,
Ung thư họng,đau tai,nghẹt mũi,khàn tiếng,mệt mỏi,đau họng,,,
Viêm tâm vị cấp,chán ăn,sốt,đau thượng vị,đầy hơi,,,,
Viêm vòm họng mạn,đau họng,đau tai,mệt mỏi,khàn tiếng,,,,
Hẹp động mạch chủ,khó nuốt,mệt mỏi,,,,,,
Viêm võng mạc,sốt,mắt đỏ,cộm mắt,chảy nước mắt,,,,
Viêm cổ tử cung cấp,đau khi quan hệ,sốt,đau bụng dưới,,,,,
Viêm tinh hoàn mạn,sốt,ra khí hư,đau khi quan hệ,đau bụng dưới,mệt mỏi,,,
Viêm tai ngoài mạn,ho,khàn tiếng,đau tai,,,,,
Viêm tá tràng,ợ chua,sốt,đầy hơi,buồn nôn,đau thượng vị,chán ăn,,
Nhiễm trùng âm đạo,rối loạn kinh nguyệt,ra khí hư,đau bụng dưới,sốt,,,,
Viêm nội tâm mạc mạn,sốt,khó thở,kéo dài,đau ngực,hồi hộp,mệt mỏi,,
Nhồi máu cơ tim,đổ mồ hôi lạnh,khó thở,đau lan cánh tay,đau ngực,,,,
Sỏi mật,sốt,buồn nôn,đau hạ sườn phải,,,,,
Viêm họng cấp,đau dữ dội,ho,đau họng,,,,,
Sỏi mật,buồn nôn,đau hạ sườn phải,vàng da,sốt,,,,
Lao cột sống,hạn chế vận động,cứng khớp,đau xương,sụt cân,sưng khớp,đổ mồ hôi đêm,đau khớp,
Viêm da cấp,ngứa,sốt,bong tróc da,đau thượng vị,,,,
Thủy đậu,mụn nước,phát ban,chán ăn,ngứa,,,,
Viêm nang lông mạn,chảy mủ tai,da đỏ,ngứa,mệt mỏi,phát ban,mụn nước,sốt,
Viêm động mạch chủ,phù chân,hồi hộp,mệt mỏi,,,,,
Viêm tai ngoài mạn,kéo dài,sốt,đau tai,khàn tiếng,ho,,,
Áp xe gan,sưng,sốt,đau hạ sườn phải,chán ăn,buồn nôn,,,
Tăng huyết áp,chóng mặt,đau đầu,,,,,,
U lành tính amidan,khàn tiếng,ho,nghẹt mũi,đau tai,,,,
Viêm thận,đau lưng,tiểu nhiều lần,tiểu rắt,,,,,
Lao khớp háng,cứng khớp,đau xương,sốt nhẹ,sụt cân,hạn chế vận động,,,
Viêm thực quản,sốt,đầy hơi,chán ăn,ợ chua,,,,
Nhiễm trùng tuyến tiền liệt,sốt,đau bụng dưới,rối loạn kinh nguyệt,ra khí hư,đau khi quan hệ,,,
Viêm tai giữa,đau tai,đi lại khó,giảm thính lực,,,,,
COVID-19,sốt,đau họng,mệt mỏi,khó thở,,,,
Nhiễm trùng đại tràng,ớn lạnh,đi ngoài ra máu,sốt,,,,,
Phình màng ngoài tim,phù chân,mệt mỏi,khó thở,hồi hộp,,,,
Viêm tai ngoài cấp,sốt,ho,đau họng,,,,,
U lành tính giác mạc,chảy nước mắt,đau mắt,cộm mắt,,,,,
Polyp đại tràng,đau bụng,đầy hơi,tiêu chảy,đi ngoài ra máu,,,,
Áp xe trung thất,sưng,ho có đờm,khó thở,đau,sốt,đau ngực,,
Đau nửa đầu,nhạy cảm ánh sáng,,,,,,,
Ung thư thận,tiểu buốt,tiểu nhiều lần,sụt cân,tiểu ra máu,,,,
U lành tính tinh hoàn,đau bụng dưới,ra khí hư,đau khi quan hệ,,,,,
Viêm cơ tim cấp,đau dữ dội,mệt mỏi,khó thở,phù chân,hồi hộp,sốt,,
Viêm móng,mụn nước,phát ban,ngứa,,,,,
Ung thư trung thất,ho,đau ngực,chán ăn,ho có đờm,sụt cân,thở khò khè,,
Nhiễm trùng đại tràng,ớn lạnh,đi ngoài ra máu,đau bụng,đầy hơi,,,,
Viêm động mạch chủ cấp,hồi hộp,đau dữ dội,khó thở,mệt mỏi,sốt,đau ngực,phù chân,
Ung thư lách,đau hạ sườn phải,vàng da,sụt cân,chán ăn,,,,
Viêm tuyến tiền liệt,đau khi quan hệ,đau bụng dưới,,,,,,
Viêm dây thần kinh,co giật,tê tay chân,yếu liệt tay chân,đau đầu,,,,
Ung thư vòi trứng,sụt cân,ra khí hư,đau bụng dưới,đau khi quan hệ,rối loạn kinh nguyệt,,,
Cảm cúm,đau nhức cơ,đau đầu,mệt mỏi,đau họng,sốt cao,,,
Viêm trực tràng cấp,sốt,đầy hơi,táo bón,tiêu chảy,,,,
Hẹp nội tâm mạc,đau ngực,mệt mỏi,,,,,,
Viêm niệu quản cấp,tiểu buốt,đau lưng,tiểu rắt,tiểu nhiều lần,,,,
Viêm amidan,sưng amidan,đau họng,khó nuốt,,,,,
Lao khớp vai,cứng khớp,hạn chế vận động,đau khớp,đổ mồ hôi đêm,sụt cân,sốt nhẹ,,
Nhiễm trùng mào tinh hoàn,ra khí hư,rối loạn kinh nguyệt,đau bụng dưới,,,,,
Viêm hậu môn,tiêu chảy,táo bón,đầy hơi,đi ngoài ra máu,đau bụng,,,
Áp xe tụy,sốt,vàng da,chán ăn,đau hạ sườn phải,sưng,buồn nôn,,
Nhiễm trùng buồng trứng,sốt,ra khí hư,rối loạn kinh nguyệt,đau bụng dưới,ớn lạnh,,,
Nhiễm trùng tử cung,rối loạn kinh nguyệt,đau khi quan hệ,ra khí hư,sốt,ớn lạnh,,,
Viêm màng não mạn,kéo dài,co giật,chóng mặt,mệt mỏi,tê tay chân,,,
Sỏi thận,đau lưng,đau quặn thận,tiểu ra máu,,,,,
Nhiễm trùng móng,phát ban,ớn lạnh,mụn nước,bong tróc da,da đỏ,,,
Viêm niệu quản,tiểu rắt,tiểu buốt,đau lưng,,,,,
Viêm tuyến lệ mạn,mắt đỏ,mờ mắt,đau mắt,kéo dài,cộm mắt,mệt mỏi,sốt,
Phình cơ tim,mệt mỏi,khó thở,đau ngực,,,,,
Viêm sụn khớp cấp,sưng khớp,cứng khớp,đau dữ dội,đau khớp,sốt,hạn chế vận động,,
Viêm màng phổi mạn,kéo dài,ho,ho có đờm,,,,,
U lành tính tử cung,đau bụng dưới,đau khi quan hệ,ra khí hư,rối loạn kinh nguyệt,,,,
Viêm hậu môn cấp,tiêu chảy,đau dữ dội,đi ngoài ra máu,sốt,,,,
Viêm động mạch chủ,khó thở,phù chân,hồi hộp,mệt mỏi,,,,
Viêm nội tâm mạc mạn,mệt mỏi,đau ngực,khó thở,hồi hộp,,,,
Viêm gân gót mạn,sốt,đau khớp,hạn chế vận động,cứng khớp,sưng khớp,đau xương,,
Viêm tuyến lệ cấp,đau dữ dội,sốt,đau mắt,mờ mắt,cộm mắt,,,
Áp xe tụy,đau hạ sườn phải,đau,mệt mỏi,chán ăn,sốt,,,
Viêm bể thận,sốt,đau lưng,tiểu rắt,tiểu nhiều lần,,,,
Viêm thận,tiểu nhiều lần,tiểu buốt,đau lưng,sốt,tiểu rắt,,,
Viêm giác mạc,cộm mắt,chảy nước mắt,,,,,,
Viêm màng phổi cấp,thở khò khè,đau dữ dội,ho,khó thở,ho có đờm,sốt,,
Ung thư dây thần kinh,đau đầu,yếu liệt tay chân,chán ăn,chóng mặt,sụt cân,,,
Viêm đường mật cấp,chán ăn,đau hạ sườn phải,,,,,,
Ung thư màng phổi,ho có đờm,sụt cân,đau ngực,khó thở,,,,
Nhiễm trùng móng,chảy nước mắt,phát ban,mụn nước,,,,,
Viêm gan mạn,đau hạ sườn phải,mệt mỏi,kéo dài,vàng da,,,,
Thoái hóa gân gót,đau khớp,cứng khớp,,,,,,
Ung thư tiểu phế quản,khó thở,thở khò khè,sụt cân,ho có đờm,ho,chán ăn,,
Dị ứng,hắt hơi,chảy nước mắt,phát ban,ngứa,,,,
Viêm giác mạc cấp,mắt đỏ,mờ mắt,sốt,cộm mắt,,,,
Viêm tử cung cấp,sốt,rối loạn kinh nguyệt,,,,,,
Ung thư trực tràng,đầy hơi,chán ăn,táo bón,đi ngoài ra máu,mệt mỏi,sụt cân,,
U lành tính vòi trứng,đau bụng dưới,ra khí hư,rối loạn kinh nguyệt,,,,,
Viêm nang lông,phát ban,ngứa,da đỏ,mụn nước,tê tay chân,sốt,,
Phình nội tâm mạc,hồi hộp,mệt mỏi,,,,,,
U lành tính kết mạc,chảy nước mắt,mắt đỏ,cộm mắt,mờ mắt,,,,
Cảm lạnh,sổ mũi,nghẹt mũi,hắt hơi,,,,,
Ung thư manh tràng,sụt cân,rụng tóc,tiêu chảy,mệt mỏi,đầy hơi,chán ăn,,
Nhiễm trùng ruột non,đau bụng,ớn lạnh,táo bón,tiêu chảy,,,,
Ung thư âm đạo,đau khi quan hệ,rối loạn kinh nguyệt,ra khí hư,đau bụng dưới,sụt cân,,,
Viêm khớp gối cấp,sưng khớp,cứng khớp,,,,,,
Hẹp nội tâm mạc,khó thở,mệt mỏi,đau ngực,,,,,
Viêm trực tràng mạn,đầy hơi,táo bón,tiêu chảy,sốt,kéo dài,,,
Ung thư trung thất,thở khò khè,sụt cân,khó thở,đau ngực,ho,,,
Viêm cổ tử cung,ra khí hư,rối loạn kinh nguyệt,đau khi quan hệ,,,,,
Viêm màng phổi mạn,ho,sốt,kéo dài,ho có đờm,khó thở,đau ngực,,
Viêm dây thanh,đau tai,đau họng,ho,,,,,
Ung thư tai ngoài,đau họng,sụt cân,nghẹt mũi,ho,mệt mỏi,khàn tiếng,,
Lao sụn khớp,đau xương,hạn chế vận động,sụt cân,đau khớp,đổ mồ hôi đêm,,,
Polyp ruột non,đi ngoài ra máu,táo bón,tiêu chảy,,,,,
Động kinh,co giật,đau đầu,mất ý thức,,,,,
Viêm cơ tim,mệt mỏi,phù chân,khó thở,đau ngực,,,,
Viêm túi mật mạn,vàng da,đau hạ sườn phải,tiểu buốt,mệt mỏi,,,,
Viêm bể thận cấp,tiểu rắt,tiểu nhiều lần,tiểu buốt,đau dữ dội,đau lưng,sốt,,
U lành tính mào tinh hoàn,ra khí hư,đau bụng dưới,đau khi quan hệ,rối loạn kinh nguyệt,,,,
Viêm thận,sốt,đau lưng,tiểu rắt,tiểu ra máu,,,,
Viêm van tim mạn,mệt mỏi,sốt,hồi hộp,khó thở,,,,
Viêm cột sống cấp,nói khó,đau khớp,hạn chế vận động,đau xương,cứng khớp,đau dữ dội,,
Lao phổi,ho kéo dài,sốt nhẹ,mệt mỏi,sụt cân,ho ra máu,,,
Viêm đường mật,chán ăn,vàng da,mệt mỏi,buồn nôn,,,,
Viêm kết mạc mạn,mệt mỏi,sốt,kéo dài,đau mắt,mắt đỏ,,,
Viêm đường mật,chán ăn,mệt mỏi,buồn nôn,vàng da,sốt,,,
Nhiễm trùng trực tràng,táo bón,đầy hơi,ớn lạnh,,,,,
Viêm dây thanh,ho,đau họng,,,,,,
Viêm vòm họng mạn,sốt,mệt mỏi,khàn tiếng,đau họng,,,,
Viêm cột sống mạn,cứng khớp,đau bụng dưới,đau xương,kéo dài,hạn chế vận động,đau khớp,,
Lao gân gót,sụt cân,đau xương,sốt nhẹ,sưng khớp,đau khớp,cứng khớp,hạn chế vận động,
Viêm nang lông mạn,mệt mỏi,ngứa,mụn nước,bong tróc da,,,,
Viêm hồi tràng mạn,đi ngoài ra máu,đau bụng,táo bón,đầy hơi,tiêu chảy,,,
Viêm niệu quản mạn,sốt,mệt mỏi,tiểu buốt,đau lưng,,,,
Ung thư tai ngoài,ho,mệt mỏi,khàn tiếng,chán ăn,sụt cân,đau họng,,
Nhiễm trùng tuyến bã,mụn nước,bong tróc da,da đỏ,ngứa,,,,
Ung thư trung thất,thở khò khè,sụt cân,khó thở,đau ngực,chán ăn,ho,,
Ung thư ruột non,tiêu chảy,sụt cân,mệt mỏi,đau bụng,đi ngoài ra máu,đầy hơi,chán ăn,táo bón
Viêm phế quản mạn,khó thở,đau ngực,ho,ho có đờm,mệt mỏi,,,
Nhiễm trùng đại tràng,tiêu chảy,đầy hơi,đi ngoài ra máu,ớn lạnh,đau bụng,,,
Viêm bao hoạt dịch mạn,sưng khớp,đau khớp,mệt mỏi,hạn chế vận động,sốt,,,
Polyp hậu môn,đau bụng,đi ngoài ra máu,đầy hơi,táo bón,,,,
Viêm niệu đạo cấp,tiểu rắt,sốt,tiểu buốt,đau lưng,,,,
Viêm tá tràng,đầy hơi,đau thượng vị,ợ chua,chán ăn,,,,
Ung thư hậu môn,chán ăn,đầy hơi,sụt cân,đi ngoài ra máu,tiêu chảy,mệt mỏi,,
Ung thư nang lông,phát ban,bong tróc da,sụt cân,mệt mỏi,da đỏ,,,
U lành tính nang lông,da đỏ,bong tróc da,ngứa,,,,,
Lao phổi,sụt cân,ho kéo dài,sốt nhẹ,ho ra máu,,,,
Viêm xoang mạn,mệt mỏi,đau họng,ho,nghẹt mũi,kéo dài,,,
Viêm võng mạc cấp,mắt đỏ,đau đầu,chảy nước mắt,sốt,,,,
Ung thư vòi trứng,ra khí hư,đau khi quan hệ,rối loạn kinh nguyệt,sụt cân,,,,
U lành tính tử cung,đi lại khó,đau bụng dưới,đau khi quan hệ,ra khí hư,,,,
Viêm tuyến tiền liệt,đau bụng dưới,đau khi quan hệ,sốt,,,,,
Viêm ruột thừa,chán ăn,đau hố chậu phải,buồn nôn,đau bụng,,,,
Sốt xuất huyết,chảy máu cam,sốt cao,phát ban,đau sau hốc mắt,đỏ khớp,,,
Ung thư thực quản,sụt cân,đau thượng vị,ợ chua,đầy hơi,mệt mỏi,chán ăn,buồn nôn,
U lành tính màng não,co giật,đau đầu,chóng mặt,yếu liệt tay chân,,,,
Viêm ruột thừa cấp,đầy hơi,tiêu chảy,đi ngoài ra máu,táo bón,sốt,,,
Polyp đại tràng,đi ngoài ra máu,đầy hơi,đau bụng,,,,,
Viêm hậu môn,sốt,đau bụng,đầy hơi,tiêu chảy,khát nước nhiều,,,
Ung thư ruột thừa,mệt mỏi,đau bụng,đầy hơi,tiêu chảy,sụt cân,táo bón,,
U lành tính tinh hoàn,ra khí hư,đau lưng,đau khi quan hệ,,,,,
Sởi,ho,chảy nước mắt,sốt cao,ho có đờm,phát ban,,,
Ung thư niệu đạo,chán ăn,sụt cân,mệt mỏi,đau lưng,tiểu rắt,,,
Viêm amidan,đau họng,khó nuốt,ho ra máu,sưng hạch,sưng amidan,,,
U lành tính tinh hoàn,rối loạn kinh nguyệt,ra khí hư,đau khi quan hệ,,,,,
Sốt rét,đổ mồ hôi,buồn nôn,sốt cao,mệt mỏi,đau đầu,ớn lạnh,,
Viêm thực quản mạn,đầy hơi,buồn nôn,kéo dài,ợ chua,sốt,,,
Viêm tai ngoài mạn,khàn tiếng,kéo dài,mệt mỏi,đau tai,ho,,,
Ung thư màng não,tê tay chân,sụt cân,co giật,yếu liệt tay chân,chóng mặt,chán ăn,,
Viêm bể thận mạn,đau lưng,tiểu buốt,tiểu nhiều lần,tiểu rắt,,,,
Suy thận,phù chân,tiểu ít,mệt mỏi,,,,,
Nhiễm trùng tinh hoàn,ra khí hư,đau khi quan hệ,rối loạn kinh nguyệt,đau bụng dưới,,,,
Viêm niệu quản cấp,tiểu rắt,đau lưng,tiểu nhiều lần,tiểu buốt,đau dữ dội,,,
Viêm trực tràng,sốt,tiêu chảy,,,,,,
Viêm vòi trứng cấp,lồi mắt,đau dữ dội,ra khí hư,rối loạn kinh nguyệt,sốt,đau bụng dưới,,
Viêm âm đạo mạn,mệt mỏi,đau bụng dưới,kéo dài,đau khi quan hệ,ra khí hư,,,
Viêm âm đạo cấp,sốt,đau bụng dưới,rối loạn kinh nguyệt,ra khí hư,,,,
Sỏi niệu quản,đau quặn thận,đau lưng,tiểu nhiều lần,tiểu rắt,tiểu buốt,tiểu ra máu,,
U lành tính võng mạc,cộm mắt,mắt đỏ,đau mắt,,,,,
Viêm tinh hoàn cấp,đau khi quan hệ,đau bụng dưới,đau dữ dội,rối loạn kinh nguyệt,,,,
Viêm tuyến lệ,cộm mắt,mắt đỏ,đau mắt,,,,,
U lành tính cổ tử cung,đau khi quan hệ,rối loạn kinh nguyệt,,,,,,
Viêm dây thanh cấp,đau dữ dội,đau họng,khàn tiếng,đau tai,,,,
Quai bị,sưng tuyến mang tai,sốt,,,,,,
Zona thần kinh,mụn nước,sốt nhẹ,phát ban,đau rát da,,,,
Suy thận,da xanh xao,mệt mỏi,tiểu ít,phù chân,khó thở,,,
Viêm vòm họng cấp,sốt,đau tai,đau họng,nghẹt mũi,,,,
Ung thư khí quản,ho có đờm,sụt cân,ho,đau ngực,,,,
Ung thư tâm vị,ợ chua,buồn nôn,đầy hơi,chán ăn,sụt cân,mệt mỏi,đau thượng vị,
Thoái hóa gân gót,đau khớp,cứng khớp,,,,,,
Viêm tuyến bã,sốt,mụn nước,da đỏ,bong tróc da,,,,
Viêm võng mạc cấp,mờ mắt,mắt đỏ,sốt,cộm mắt,chảy nước mắt,,,
Nhiễm trùng tử cung,đau bụng dưới,sốt,ớn lạnh,ra khí hư,đau khi quan hệ,,,
Viêm nội tâm mạc mạn,hồi hộp,khó thở,đau ngực,sốt,,,,
Viêm bể thận mạn,mất ngủ,kéo dài,tiểu rắt,tiểu ra máu,mệt mỏi,tiểu buốt,tiểu nhiều lần,
Viêm cổ tử cung cấp,đau bụng dưới,đau khi quan hệ,đau dữ dội,rối loạn kinh nguyệt,,,,
Viêm cột sống,đau xương,sưng khớp,,,,,,
Viêm niệu quản mạn,sốt,kéo dài,tiểu buốt,đau lưng,,,,
Viêm bàng quang,tiểu rắt,tiểu nhiều lần,tiểu buốt,đau bụng dưới,,,,
Viêm gan cấp,sốt,mệt mỏi,,,,,,
Hen suyễn,đau ngực,khó thở,thở khò khè,,,,,
Viêm trung thất cấp,đau dữ dội,đau ngực,thở khò khè,sốt,,,,
Gout,đau khớp,nóng khớp,đỏ khớp,sưng khớp,đau dữ dội về đêm,,,
Viêm móng cấp,da đỏ,sốt,bong tróc da,đau dữ dội,mụn nước,,,
Nhiễm trùng tinh hoàn,đau bụng dưới,sốt,rối loạn kinh nguyệt,đau khi quan hệ,,,,
Đau nửa đầu,nhạy cảm ánh sáng,đau đầu,,,,,,
Viêm cổ tử cung cấp,đau khi quan hệ,đau bụng dưới,ra khí hư,đau dữ dội,mắt đỏ,,,
U lành tính dây thanh,đau họng,nghẹt mũi,ho,,,,,
Sỏi niệu đạo,tiểu ra máu,đau quặn thận,tiểu buốt,hạn chế vận động,đau lưng,,,
Viêm tuyến tiền liệt,đau khi quan hệ,rối loạn kinh nguyệt,đau bụng dưới,,,,,
Viêm đường mật,chán ăn,buồn nôn,đau hạ sườn phải,mệt mỏi,sốt,,,
Viêm bể thận mạn,tiểu ra máu,tiểu nhiều lần,tiểu rắt,kéo dài,,,,
U lành tính nang lông,bong tróc da,da đỏ,kéo dài,phát ban,ngứa,,,
Viêm vòi trứng mạn,đau khi quan hệ,rối loạn kinh nguyệt,đau bụng dưới,sốt,mệt mỏi,,,
Lao sụn khớp,sưng khớp,hạn chế vận động,đổ mồ hôi đêm,sụt cân,đau xương,cứng khớp,,
Viêm màng phổi,ho có đờm,ho,thở khò khè,khó thở,,,,
Thoái hóa khớp vai,sưng khớp,,,,,,,
Loét dạ dày,ợ chua,đau,nôn ra máu,đau thượng vị,,,,
Viêm móng cấp,phát ban,da đỏ,bong tróc da,ngứa,,,,
Viêm móng mạn,mụn nước,bong tróc da,sốt,phát ban,kéo dài,,,
Viêm tinh hoàn cấp,đau bụng dưới,ra khí hư,đau khi quan hệ,sốt,đau dữ dội,,,
Viêm tinh hoàn mạn,sốt,mệt mỏi,ra khí hư,rối loạn kinh nguyệt,đau khi quan hệ,,,
Viêm tuyến lệ,cộm mắt,sốt,chảy nước mắt,mắt đỏ,đau mắt,,,
Viêm cơ tim mạn,mệt mỏi,hồi hộp,chảy máu cam,kéo dài,khó thở,,,
Viêm cột sống cổ mạn,đau xương,hạn chế vận động,cứng khớp,,,,,
Polyp ruột thừa,đi ngoài ra máu,đau bụng,đầy hơi,,,,,
Viêm manh tràng mạn,đau bụng,đầy hơi,kéo dài,mệt mỏi,,,,
Ung thư lách,đau hạ sườn phải,sụt cân,chán ăn,mệt mỏi,,,,
Hẹp cơ tim,phù chân,đau ngực,mệt mỏi,,,,,
Áp xe phổi,khó thở,thở khò khè,ho,sốt,ho có đờm,đau ngực,sưng,
Viêm khớp gối,cứng khớp,sưng khớp,đau xương,,,,,
Ung thư amidan,chán ăn,sụt cân,khàn tiếng,ho,nghẹt mũi,mệt mỏi,,
Viêm khí quản mạn,thở khò khè,khó thở,mệt mỏi,sốt,kéo dài,ho có đờm,ho,
Viêm động mạch chủ mạn,đau ngực,khó thở,,,,,,
Cảm lạnh,ho,mệt mỏi,hắt hơi,sổ mũi,nghẹt mũi,,,
Viêm tuyến lệ,cộm mắt,đau mắt,,,,,,
Viêm da cấp,bong tróc da,sốt,da đỏ,ngứa,,,,
Sốt xuất huyết,phát ban,buồn nôn,đau khớp,sốt cao,đau sau hốc mắt,đau đầu,chảy máu cam,
Viêm âm đạo mạn,ra khí hư,sốt,đau bụng dưới,rối loạn kinh nguyệt,kéo dài,đau khi quan hệ,,
Viêm vòi trứng mạn,ra khí hư,rối loạn kinh nguyệt,đau bụng dưới,,,,,
Ung thư thận,tiểu rắt,tiểu ra máu,sụt cân,tiểu buốt,đau lưng,,,
Viêm gan,nước tiểu sẫm màu,vàng da,chán ăn,mệt mỏi,,,,
Thoái hóa bao hoạt dịch,đau khớp,đau dữ dội,cứng khớp,đau xương,,,,
Viêm họng mạn,đau họng,mệt mỏi,đau tai,kéo dài,khàn tiếng,,,
Hẹp van tim,phù chân,khó thở,mệt mỏi,,,,,
Áp xe phế quản,sốt,ho có đờm,đau ngực,thở khò khè,đau,sưng,,
Sốt xuất huyết,đau sau hốc mắt,buồn nôn,phát ban,chảy máu cam,sốt cao,đau khớp,,
Viêm khí quản mạn,kéo dài,ho có đờm,ho,khó thở,mệt mỏi,thở khò khè,,
Viêm dây thanh mạn,sốt,đau tai,khàn tiếng,ho,đau họng,nghẹt mũi,kéo dài,
Ung thư mào tinh hoàn,đau khi quan hệ,mệt mỏi,ra khí hư,rối loạn kinh nguyệt,đau bụng dưới,sụt cân,,
Viêm tai ngoài,mất hứng thú,sốt,nghẹt mũi,đau tai,,,,
Cảm lạnh,ho,nghẹt mũi,sổ mũi,mệt mỏi,,,,
Ung thư màng phổi,chán ăn,mệt mỏi,sụt cân,khó thở,ho có đờm,,,
Viêm động mạch chủ mạn,đau ngực,phù chân,mệt mỏi,kéo dài,,,,
Viêm nang lông cấp,bong tróc da,da đỏ,run tay,mụn nước,sốt,,,
Viêm cổ tử cung,sốt,đau bụng dưới,đau khi quan hệ,ra khí hư,rối loạn kinh nguyệt,,,
Viêm phế quản cấp,thở khò khè,ho có đờm,ho,khó thở,sốt,đau dữ dội,,
Xơ gan,phù chân,chán ăn,mệt mỏi,vàng da,,,,
Lao cột sống cổ,đau đầu,sụt cân,đau khớp,hạn chế vận động,đổ mồ hôi đêm,,,
Thoái hóa khớp gối,đau khớp,cứng khớp,hạn chế vận động,sưng khớp,,,,
Viêm hậu môn cấp,đầy hơi,sốt,tiêu chảy,đau bụng,đi ngoài ra máu,,,
Viêm vòm họng cấp,đau tai,đau họng,khàn tiếng,nghẹt mũi,,,,
Polyp tâm vị,đầy hơi,đau thượng vị,chán ăn,buồn nôn,đi ngoài ra máu,,,
Ung thư xoang,khàn tiếng,mệt mỏi,chán ăn,sụt cân,ho,nghẹt mũi,đau tai,đau họng
Viêm bao hoạt dịch cấp,hạn chế vận động,đau khớp,cứng khớp,,,,,
Viêm cổ tử cung mạn,mệt mỏi,rối loạn kinh nguyệt,đau khi quan hệ,đau bụng dưới,,,,
Hen suyễn,khó thở,thở khò khè,,,,,,
Thoái hóa khớp háng,đau xương,cứng khớp,hạn chế vận động,đau khớp,sưng khớp,,,
Viêm màng phổi cấp,sốt,ho,đau dữ dội,thở khò khè,,,,
Viêm màng phổi,thở khò khè,ho có đờm,khó thở,ho,,,,
Viêm khớp vai,cứng khớp,sưng khớp,đau xương,,,,,
Nhiễm trùng tử cung,ra khí hư,ớn lạnh,mất hứng thú,đau khi quan hệ,đau bụng dưới,,,
Viêm phế quản cấp,ho,đau ngực,ho có đờm,thở khò khè,sốt,đau dữ dội,,
Viêm tụy cấp,đau dữ dội,chán ăn,đau hạ sườn phải,buồn nôn,vàng da,sốt,nói khó,
Viêm cơ tim,đau ngực,mệt mỏi,sốt,hồi hộp,khó thở,,,
Thoái hóa cột sống,cứng khớp,sưng khớp,đau xương,đau khớp,,,,
U lành tính đường mật,lồi mắt,buồn nôn,,,,,,
U lành tính gan,đau hạ sườn phải,mệt mỏi,buồn nôn,vàng da,chán ăn,,,
U lành tính lách,buồn nôn,vàng da,mệt mỏi,,,,,
Viêm cột sống cổ,hạn chế vận động,cứng khớp,sốt,đau khớp,,,,
Ung thư tiểu phế quản,sụt cân,ho,đau ngực,chán ăn,thở khò khè,ho có đờm,,
Ung thư tử cung,ra khí hư,đau khi quan hệ,sụt cân,đau bụng dưới,chán ăn,,,
Polyp tâm vị,chán ăn,đầy hơi,ợ chua,buồn nôn,,,,
Nhiễm trùng manh tràng,sốt,đi ngoài ra máu,táo bón,đau bụng,,,,
Thoái hóa sụn khớp,đau xương,sưng khớp,đau khớp,,,,,
U lành tính võng mạc,mắt đỏ,đau mắt,cộm mắt,,,,,
Lao bao hoạt dịch,hạn chế vận động,sụt cân,đau khớp,sưng khớp,cứng khớp,,,
Viêm tai ngoài cấp,đau họng,ho,đau tai,,,,,
Nhiễm trùng vòi trứng,ra khí hư,ớn lạnh,đau khi quan hệ,rối loạn kinh nguyệt,đau bụng dưới,,,
Viêm tinh hoàn mạn,đau khi quan hệ,kéo dài,rối loạn kinh nguyệt,,,,,
Zona thần kinh,mụn nước,phát ban,,,,,,
U lành tính vòm họng,đau tai,ho,đau họng,nghẹt mũi,,,,
Viêm lách,sốt,vàng da,,,,,,
Quai bị,sốt,sưng tuyến mang tai,,,,,,
Thoái hóa bao hoạt dịch,sưng khớp,đau xương,đau khớp,hạn chế vận động,cứng khớp,,,
Loét thực quản,buồn nôn,ợ chua,nôn ra máu,đau thượng vị,chán ăn,,,
Viêm amidan cấp,đau tai,nghẹt mũi,khàn tiếng,,,,,
Cường giáp,hồi hộp,sụt cân,,,,,,
Viêm trực tràng cấp,táo bón,đi ngoài ra máu,tiêu chảy,đau dữ dội,,,,
Viêm thanh quản cấp,sốt,khó thở,ho có đờm,thở khò khè,ho,,,
Viêm kết mạc,ngứa mắt,,,,,,,
Ung thư ruột non,đi ngoài ra máu,táo bón,đau bụng,đầy hơi,,,,
Ung thư đường mật,vàng da,sụt cân,chán ăn,đau hạ sườn phải,buồn nôn,,,
Viêm mống mắt,mờ mắt,mắt đỏ,đau mắt,,,,,
Viêm buồng trứng,đau khi quan hệ,đau bụng dưới,rối loạn kinh nguyệt,,,,,
Viêm võng mạc mạn,đau mắt,mắt đỏ,kéo dài,cộm mắt,,,,
Viêm nội tâm mạc,đau ngực,mệt mỏi,sốt,phù chân,khó thở,hồi hộp,,
Mề đay,ngứa,nổi mẩn,,,,,,
Ung thư xoang,đau khớp,đau họng,nghẹt mũi,khàn tiếng,sụt cân,chán ăn,,
U lành tính tụy,chán ăn,đau hạ sườn phải,,,,,,
Viêm túi mật,mệt mỏi,chán ăn,,,,,,
Loét tá tràng,buồn nôn,chán ăn,ợ chua,đầy hơi,,,,
Viêm hồi tràng mạn,sốt,kéo dài,đầy hơi,ngứa,mệt mỏi,đau bụng,táo bón,
Viêm tinh hoàn,đau khi quan hệ,rối loạn kinh nguyệt,,,,,,
Viêm niệu quản,tiểu rắt,đau lưng,tiểu buốt,,,,,
Nhiễm trùng manh tràng,ớn lạnh,đầy hơi,sốt,đi ngoài ra máu,táo bón,đau bụng,,
Viêm bờ mi mạn,cộm mắt,mệt mỏi,đau mắt,chảy nước mắt,kéo dài,mờ mắt,,
Viêm trực tràng,đau bụng,đầy hơi,táo bón,tiêu chảy,,,,
Ung thư thực quản,đầy hơi,ợ chua,sụt cân,mệt mỏi,,,,
Áp xe trung thất,ho có đờm,khó thở,thở khò khè,sốt,đau,,,
Nhiễm trùng cổ tử cung,ra khí hư,rối loạn kinh nguyệt,ớn lạnh,đau khi quan hệ,,,,
Viêm gân gót,đau khớp,sưng khớp,sốt,hạn chế vận động,đau xương,,,
U lành tính họng,đau tai,đau họng,nghẹt mũi,ho,,,,
Cảm cúm,đau họng,sốt cao,đau đầu,mệt mỏi,ớn lạnh,đau nhức cơ,,
Viêm trung thất,thở khò khè,ho,khó thở,,,,,
Viêm manh tràng cấp,đau bụng,đau dữ dội,sốt,đầy hơi,,,,
U lành tính mào tinh hoàn,đau bụng dưới,ra khí hư,rối loạn kinh nguyệt,,,,,
Viêm van tim,mệt mỏi,phù chân,,,,,,
Ung thư khí quản,đau ngực,ho,sụt cân,khó thở,,,,
Viêm giác mạc cấp,sốt,mắt đỏ,cộm mắt,chảy nước mắt,,,,
Viêm kết mạc cấp,mờ mắt,chảy nước mắt,đau dữ dội,đau mắt,mắt đỏ,,,
Ung thư họng,đau tai,mệt mỏi,sụt cân,đau họng,khàn tiếng,,,
U lành tính đường mật,buồn nôn,vàng da,đau hạ sườn phải,,,,,
U lành tính mào tinh hoàn,ra khí hư,đau bụng dưới,,,,,,
U lành tính tuyến bã,ngứa,da đỏ,,,,,,
Ung thư xoang,nghẹt mũi,khàn tiếng,mệt mỏi,đau họng,sụt cân,,,
Ung thư xoang,đau tai,sụt cân,nghẹt mũi,khàn tiếng,,,,
Viêm sụn khớp mạn,đau xương,hạn chế vận động,sốt,sưng khớp,đau khớp,,,
Viêm thanh quản mạn,đau ngực,kéo dài,khó thở,thở khò khè,mệt mỏi,,,
Thủy đậu,sốt,mụn nước,ngứa,buồn bã kéo dài,phát ban,,,
Viêm phế quản,đau ngực,khó thở,ho có đờm,,,,,
Sốt rét,đổ mồ hôi,đau đầu,sốt cao,buồn nôn,ớn lạnh,,,
Viêm đại tràng mạn,sốt,đầy hơi,táo bón,đi ngoài ra máu,đau bụng,tiêu chảy,,
Viêm mào tinh hoàn,đau bụng dưới,rối loạn kinh nguyệt,đau khi quan hệ,ra khí hư,,,,
Viêm cột sống,sốt,sưng khớp,đau xương,đau khớp,,,,
U lành tính tuyến tiền liệt,đau khi quan hệ,rối loạn kinh nguyệt,đau bụng dưới,,,,,
Viêm sụn khớp mạn,đau khớp,sưng khớp,mệt mỏi,hạn chế vận động,sốt,,,
Ung thư phổi,đau ngực,thở khò khè,khó thở,mệt mỏi,chán ăn,sụt cân,,
Viêm khớp gối,sưng khớp,sốt,cứng khớp,,,,,
Viêm tá tràng cấp,đau dữ dội,buồn nôn,đầy hơi,chán ăn,ợ chua,,,
Ung thư lách,sụt cân,chán ăn,đau hạ sườn phải,,,,,
Viêm thanh quản,thở khò khè,ho,ho có đờm,,,,,
Viêm móng,da đỏ,ngứa,bong tróc da,mụn nước,phát ban,sốt,,
Ung thư trực tràng,đầy hơi,đi ngoài ra máu,sụt cân,,,,,
Viêm trung thất,thở khò khè,đau ngực,khó thở,ho,,,,
Viêm lách mạn,vàng da,buồn nôn,đau hạ sườn phải,kéo dài,,,,
Nhiễm trùng bể thận,ớn lạnh,tiểu nhiều lần,tiểu buốt,tiểu rắt,tiểu ra máu,,,
Viêm amidan,mất ngủ,sưng amidan,đau họng,hôi miệng,sưng hạch,khó nuốt,,
Viêm khớp vai mạn,khó nuốt,cứng khớp,đau xương,hạn chế vận động,đau khớp,,,
Ung thư vòi trứng,sụt cân,ra khí hư,đau khi quan hệ,rối loạn kinh nguyệt,đau bụng dưới,chán ăn,,
Thiếu máu,da xanh xao,đau đầu,khó thở,mệt mỏi,,,,
Trào ngược dạ dày,ợ chua,ợ nóng,đau ngực,khó nuốt,ho khan,,,
Viêm võng mạc cấp,cộm mắt,sốt,đổ mồ hôi đêm,mắt đỏ,chảy nước mắt,,,
Ung thư tai ngoài,ho,đau họng,sụt cân,nghẹt mũi,mệt mỏi,,,
Viêm tuyến bã mạn,mụn nước,sốt,ngứa,phát ban,,,,
Hẹp nội tâm mạc,mệt mỏi,hồi hộp,phù chân,khó thở,đau ngực,,,
Ung thư phổi,thở khò khè,ho có đờm,mệt mỏi,khó thở,đau ngực,chán ăn,sụt cân,
Áp xe túi mật,đi lại khó,vàng da,đau hạ sườn phải,sốt,sưng,,,
Áp xe túi mật,đau hạ sườn phải,sốt,vàng da,buồn nôn,chán ăn,,,
Viêm tuyến bã mạn,phát ban,kéo dài,da đỏ,mụn nước,,,,
Ung thư tâm vị,sụt cân,buồn nôn,đầy hơi,đau thượng vị,chán ăn,,,
Viêm sụn khớp,hạn chế vận động,sốt,đau xương,cứng khớp,,,,
Viêm bao hoạt dịch,hạn chế vận động,sưng khớp,cứng khớp,,,,,
Viêm tụy,đau hạ sườn phải,chán ăn,buồn nôn,sốt,,,,
Viêm cột sống cấp,đau dữ dội,cứng khớp,đau khớp,đau xương,ngứa mắt,sưng khớp,hạn chế vận động,
Ung thư tai giữa,đau họng,khàn tiếng,ho,đau tai,nghẹt mũi,mệt mỏi,sụt cân,chán ăn
Sốt xuất huyết,đau dữ dội,đau sau hốc mắt,phát ban,sốt cao,đau đầu,,,
Viêm dây thần kinh,sốt,đau đầu,tê tay chân,chóng mặt,,,,
Viêm tụy mạn,buồn nôn,,,,,,,
Tiểu đường,sụt cân,tiểu nhiều,khát nước nhiều,,,,,
Viêm trực tràng cấp,sốt,đau bụng,táo bón,tiêu chảy,đầy hơi,đi ngoài ra máu,,
Thoái hóa khớp vai,cứng khớp,sưng khớp,đau khớp,,,,,
Ung thư tuyến bã,sụt cân,bong tróc da,mụn nước,phát ban,,,,
Viêm tai ngoài mạn,mệt mỏi,khàn tiếng,sưng,đau họng,ho,,,
Nhiễm trùng ruột non,đi ngoài ra máu,tiêu chảy,ù tai,sốt,đau bụng,ớn lạnh,,
Cường giáp,run tay,hồi hộp,sụt cân,đổ mồ hôi,,,,
Viêm hậu môn cấp,đau bụng,đầy hơi,táo bón,,,,,
Viêm tụy,chán ăn,sốt,buồn nôn,đau hạ sườn phải,,,,
Trĩ,đi ngoài ra máu,đau hậu môn,,,,,,
Viêm cột sống cổ mạn,mệt mỏi,kéo dài,cứng khớp,hạn chế vận động,đau khớp,đau xương,,
Viêm tiểu phế quản mạn,khó thở,thở khò khè,ho,ho có đờm,sốt,đau ngực,,
Ung thư thanh quản,thở khò khè,khó thở,ho có đờm,sụt cân,đau ngực,,,
Ung thư âm đạo,sụt cân,đau khi quan hệ,rối loạn kinh nguyệt,chán ăn,đau bụng dưới,,,
Polyp ruột thừa,đầy hơi,đi ngoài ra máu,đau bụng,,,,,
Áp xe gan,chán ăn,đau hạ sườn phải,sốt,đau,,,,
Viêm phổi mạn,thở khò khè,ho có đờm,sốt,khó thở,,,,
Ung thư gan,sụt cân,vàng da,đau hạ sườn phải,,,,,
Đột quỵ,mờ mắt,chóng mặt,nói khó,đau đầu dữ dội,yếu liệt tay chân,méo miệng,,
Viêm gân gót cấp,đau dữ dội,sốt,hạn chế vận động,đau khớp,cứng khớp,,,
Ung thư ruột thừa,chán ăn,sụt cân,tiêu chảy,táo bón,,,,
Nhiễm trùng nang lông,bong tróc da,ớn lạnh,phát ban,,,,,
Viêm tá tràng,buồn nôn,ợ chua,chán ăn,,,,,
Viêm nội tâm mạc,khó thở,hồi hộp,phù chân,mệt mỏi,,,,
Viêm cơ tim,phù chân,mệt mỏi,sốt,,,,,
Viêm tử cung mạn,mệt mỏi,rối loạn kinh nguyệt,ra khí hư,kéo dài,đau bụng dưới,đau khi quan hệ,,
Thoái hóa cột sống cổ,đau khớp,hạn chế vận động,đau xương,,,,,
Viêm bờ mi,cộm mắt,chảy nước mắt,mắt đỏ,,,,,
U lành tính móng,bong tróc da,da đỏ,ngứa,mụn nước,,,,
Ung thư nang lông,phát ban,sụt cân,ngứa,mụn nước,bong tróc da,da đỏ,chán ăn,
Ung thư bàng quang,tiểu ra máu,sụt cân,đau lưng,tiểu buốt,,,,
Viêm thực quản cấp,sốt,chán ăn,,,,,,
Phình nội tâm mạc,phù chân,hồi hộp,,,,,,
Nhiễm trùng tinh hoàn,đau khi quan hệ,đau bụng dưới,rối loạn kinh nguyệt,,,,,
Sỏi niệu quản,đau lưng,tiểu ra máu,tiểu nhiều lần,,,,,
Viêm ruột thừa cấp,táo bón,sốt,tiêu chảy,đầy hơi,,,,
Phình động mạch chủ,đau ngực,khó thở,mệt mỏi,,,,,
Viêm võng mạc,mắt đỏ,cộm mắt,chảy nước mắt,,,,,
Ung thư đường mật,chán ăn,đau hạ sườn phải,sụt cân,,,,,
Viêm tâm vị cấp,buồn nôn,đầy hơi,sốt,đau dữ dội,chán ăn,,,
Nhiễm trùng mào tinh hoàn,ra khí hư,đau bụng dưới,,,,,,
Suy giáp,tăng cân,ợ nóng,rụng tóc,mệt mỏi,da khô,táo bón,sợ lạnh,
Viêm hồi tràng,táo bón,đau bụng,đi ngoài ra máu,tiêu chảy,,,,
Nhiễm trùng da,mụn nước,,,,,,,
Sỏi thận,đau lưng,buồn nôn,đau quặn thận,,,,,
Viêm cơ tim cấp,đau dữ dội,mệt mỏi,phù chân,sốt,khó thở,hồi hộp,,
Lao sụn khớp,sụt cân,đau xương,hạn chế vận động,sưng khớp,,,,
Trầm cảm,mất hứng thú,buồn bã kéo dài,mất ngủ,chán ăn,,,,
Trào ngược dạ dày,ợ nóng,đau ngực,ợ chua,,,,,
Viêm túi mật,mệt mỏi,chán ăn,buồn nôn,,,,,
Suy giáp,tăng cân,sợ lạnh,mệt mỏi,rụng tóc,táo bón,,,
Viêm móng,ngứa,mụn nước,da đỏ,,,,,
Nhiễm trùng vòi trứng,đau bụng dưới,đau khi quan hệ,,,,,,
Viêm bao hoạt dịch mạn,cứng khớp,mệt mỏi,đau khớp,hạn chế vận động,,,,
Áp xe khí quản,đau ngực,ho có đờm,khó thở,sốt,ho,sưng,,
Ung thư hồi tràng,đi ngoài ra máu,sụt cân,táo bón,đầy hơi,,,,
U lành tính amidan,nghẹt mũi,khàn tiếng,đau tai,ho,,,,
Viêm bàng quang cấp,tiểu buốt,tiểu rắt,tiểu nhiều lần,tiểu ra máu,,,,
Viêm tiểu phế quản,ho có đờm,ho,khó thở,,,,,
Ung thư tai ngoài,sụt cân,đau họng,khàn tiếng,đau tai,nghẹt mũi,ho,mệt mỏi,
U lành tính dây thanh,đau tai,ho,khàn tiếng,,,,,
Viêm phổi mạn,khó thở,thở khò khè,kéo dài,khó tập trung,,,,
Viêm xoang mạn,khàn tiếng,ho,đau tai,sốt,kéo dài,,,
Hẹp động mạch chủ,đau ngực,mệt mỏi,khó thở,,,,,
Viêm ruột non cấp,táo bón,đau bụng,đau dữ dội,,,,,
Viêm phổi cấp,ho có đờm,thở khò khè,ho,,,,,
Viêm mào tinh hoàn,rối loạn kinh nguyệt,đau bụng dưới,,,,,,
Viêm dây thần kinh,tê tay chân,đau đầu,chóng mặt,sốt,,,,
Viêm tụy,chán ăn,đau hạ sườn phải,sốt,,,,,
Viêm móng mạn,kéo dài,da đỏ,sốt,phát ban,mụn nước,,,
Viêm khớp vai mạn,cứng khớp,sốt,kéo dài,đau khớp,đau xương,hạn chế vận động,,
Ung thư trực tràng,mệt mỏi,đầy hơi,sụt cân,táo bón,tiêu chảy,đi ngoài ra máu,,
Ung thư buồng trứng,mệt mỏi,rối loạn kinh nguyệt,sụt cân,ra khí hư,đau bụng dưới,,,
Tăng huyết áp,chóng mặt,mờ mắt,đau đầu,,,,,
Viêm lách,vàng da,chán ăn,sốt,đau hạ sườn phải,buồn nôn,,,
Viêm mào tinh hoàn cấp,rối loạn kinh nguyệt,sốt,ra khí hư,đau bụng dưới,,,,
Nhiễm trùng đại tràng,đi ngoài ra máu,đau bụng,ớn lạnh,,,,,
Ung thư tai ngoài,nghẹt mũi,sụt cân,đau họng,khàn tiếng,,,,
U lành tính đường mật,vàng da,buồn nôn,đau hạ sườn phải,mệt mỏi,,,,
Viêm sụn khớp mạn,sưng khớp,kéo dài,khát nước nhiều,sốt,đau khớp,hạn chế vận động,mệt mỏi,
Viêm trực tràng mạn,đầy hơi,sốt,tiêu chảy,đau bụng,táo bón,kéo dài,đi ngoài ra máu,
Nhiễm trùng tuyến tiền liệt,rối loạn kinh nguyệt,đau bụng dưới,ớn lạnh,ra khí hư,,,,
Viêm niệu quản cấp,đau dữ dội,tiểu rắt,đau tai,tiểu buốt,tiểu nhiều lần,,,
Ung thư nang lông,sụt cân,da đỏ,mụn nước,chán ăn,mệt mỏi,,,
Viêm màng não mạn,đau đầu,co giật,yếu liệt tay chân,,,,,
U lành tính cổ tử cung,đau bụng dưới,đau khi quan hệ,rối loạn kinh nguyệt,,,,,
Viêm niệu quản,đau lưng,tiểu nhiều lần,tiểu rắt,,,,,
Viêm bàng quang mạn,kéo dài,tiểu rắt,mệt mỏi,tiểu nhiều lần,tiểu buốt,đau lưng,,
Áp xe thanh quản,ho,ho có đờm,khó thở,sốt,đau,,,
Áp xe phế quản,khó thở,ho có đờm,sưng,thở khò khè,sốt,ho,đau,
Lao khớp háng,đau xương,cứng khớp,sụt cân,đổ mồ hôi đêm,đau khớp,hạn chế vận động,sưng khớp,
Nhiễm trùng trực tràng,hắt hơi,đầy hơi,sốt,táo bón,,,,
U lành tính da,phát ban,bong tróc da,da đỏ,ngứa,,,,
Ung thư dây thanh,ho,khàn tiếng,sụt cân,đau họng,đau tai,chán ăn,mệt mỏi,
Ung thư ruột thừa,đau bụng,mệt mỏi,sụt cân,tiêu chảy,đầy hơi,táo bón,đi ngoài ra máu,chán ăn
Viêm niệu quản mạn,đau lưng,tiểu rắt,sốt,mệt mỏi,kéo dài,tiểu buốt,,
Viêm khí quản,ho có đờm,thở khò khè,đau ngực,ho,sốt,mắt đỏ,,
Viêm hồi tràng,tiêu chảy,sốt,đi ngoài ra máu,,,,,
Lao cột sống cổ,cứng khớp,hạn chế vận động,đau xương,sưng khớp,sốt nhẹ,đau khớp,sụt cân,đổ mồ hôi đêm
Nhiễm trùng bể thận,ớn lạnh,sốt,đau lưng,tiểu ra máu,tiểu nhiều lần,,,
Loét tá tràng,chán ăn,buồn nôn,ợ chua,,,,,
Nhiễm trùng ruột non,đau bụng,sốt,ớn lạnh,đầy hơi,tiêu chảy,,,
Viêm tinh hoàn,đau khi quan hệ,rối loạn kinh nguyệt,đau bụng dưới,,,,,
Viêm bờ mi mạn,sốt,mệt mỏi,đau mắt,cộm mắt,mờ mắt,,,
Viêm tá tràng cấp,đau dữ dội,buồn nôn,đầy hơi,ợ chua,chán ăn,,,
U lành tính tụy,đau hạ sườn phải,chán ăn,vàng da,buồn nôn,,,,
Ung thư vòm họng,đau họng,chán ăn,khàn tiếng,đau tai,sụt cân,ho,mệt mỏi,
Áp xe tiểu phế quản,khó thở,ho có đờm,thở khò khè,đau,đau ngực,ho,sốt,
Viêm da,bong tróc da,phát ban,da đỏ,sốt,,,,
Polyp dạ dày,đi ngoài ra máu,chán ăn,đầy hơi,đau thượng vị,,,,
Viêm tuyến bã,phát ban,da đỏ,bong tróc da,,,,,
Ung thư ruột thừa,sụt cân,táo bón,đi ngoài ra máu,sưng,mệt mỏi,,,
U lành tính mào tinh hoàn,đau bụng dưới,ra khí hư,đau khi quan hệ,,,,,
Nhiễm trùng hậu môn,ớn lạnh,sốt,đầy hơi,đau bụng,táo bón,,,
Nhiễm trùng tuyến bã,bong tróc da,ngứa,sốt,da đỏ,phát ban,ớn lạnh,,
Viêm hậu môn mạn,đi ngoài ra máu,sốt,táo bón,mệt mỏi,đau bụng,,,
COVID-19,đau nhức cơ,ho khan,sốt,khó thở,mệt mỏi,mất khứu giác,,
Viêm màng phổi cấp,ho,ho có đờm,sốt,,,,,
Viêm amidan mạn,mệt mỏi,nghẹt mũi,ho,đau tai,kéo dài,,,
Nhiễm trùng hậu môn,đau bụng,ớn lạnh,táo bón,đầy hơi,tiêu chảy,,,
Sỏi niệu đạo,đau lưng,tiểu buốt,tiểu ra máu,,,,,
Viêm tuyến tiền liệt mạn,ra khí hư,kéo dài,đau khi quan hệ,,,,,
Sỏi bể thận,tiểu buốt,tiểu rắt,tiểu nhiều lần,,,,,
Ung thư phổi,khó thở,đau ngực,ho,thở khò khè,sụt cân,mệt mỏi,,
U lành tính cổ tử cung,rối loạn kinh nguyệt,đau bụng dưới,,,,,,
Viêm bao hoạt dịch,hạn chế vận động,cứng khớp,đau khớp,sốt,,,,
Ung thư phế quản,ho có đờm,chán ăn,thở khò khè,đau ngực,sụt cân,,,
Viêm trực tràng cấp,sốt,tiêu chảy,đầy hơi,đau dữ dội,đi ngoài ra máu,,,
Thủy đậu,chán ăn,mệt mỏi,ngứa,mụn nước,sốt,phát ban,phân cứng,
Ung thư dạ dày,buồn nôn,đầy hơi,sụt cân,,,,,
U lành tính buồng trứng,ra khí hư,đau khi quan hệ,rối loạn kinh nguyệt,,,,,
Viêm ruột thừa,đau hố chậu phải,buồn nôn,đau bụng,,,,,
Cường giáp,mất ngủ,sụt cân,lồi mắt,run tay,hồi hộp,,,
Polyp dạ dày,đi ngoài ra máu,buồn nôn,đau thượng vị,,,,,
Viêm vòi trứng cấp,ra khí hư,đau bụng dưới,,,,,,
Ung thư dây thanh,mệt mỏi,khàn tiếng,đau họng,ho,nghẹt mũi,sụt cân,đau tai,chảy nước mắt
Nhiễm trùng niệu quản,tiểu rắt,tiểu nhiều lần,tiểu ra máu,đau lưng,ớn lạnh,sốt,,
Sỏi mật,vàng da,đau hạ sườn phải,buồn nôn,,,,,
Viêm cột sống,đau xương,đau khớp,sốt,,,,,
Viêm khớp háng mạn,mệt mỏi,sưng khớp,hạn chế vận động,đau xương,,,,
Viêm trực tràng cấp,đi ngoài ra máu,táo bón,đau bụng,đau dữ dội,tiêu chảy,,,
Ung thư vòi trứng,đau khi quan hệ,sụt cân,đau bụng dưới,ra khí hư,,,,
U lành tính vòi trứng,rối loạn kinh nguyệt,đau bụng dưới,ra khí hư,,,,,
U lành tính giác mạc,chảy nước mắt,cộm mắt,mắt đỏ,đau mắt,,,,
Áp xe tiểu phế quản,đau ngực,đau,sưng,sốt,khó thở,ho,ho có đờm,
Nhiễm trùng niệu quản,ớn lạnh,đau lưng,sốt,tiểu rắt,tiểu ra máu,,,
Sởi,sổ mũi,sốt cao,chảy nước mắt,ho,phát ban,,,
Viêm nang lông mạn,mệt mỏi,bong tróc da,mụn nước,kéo dài,da đỏ,phát ban,,
Viêm tâm vị cấp,đầy hơi,đau dữ dội,đau thượng vị,ợ chua,tiểu nhiều lần,,,
Viêm xoang,đau mặt,đau đầu,nghẹt mũi,,,,,
Ung thư da,phát ban,da đỏ,sụt cân,mụn nước,,,,
U lành tính tai ngoài,đau tai,đau họng,khàn tiếng,nghẹt mũi,,,,
Ung thư buồng trứng,ra khí hư,rối loạn kinh nguyệt,đau bụng dưới,,,,,
Nhiễm trùng manh tràng,táo bón,đau bụng,,,,,,
Viêm hồi tràng mạn,đầy hơi,đau bụng,đi ngoài ra máu,,,,,
Rối loạn lo âu,sưng hạch,chóng mặt,hồi hộp,mất ngủ,lo lắng quá mức,,,
Ung thư hậu môn,đầy hơi,sụt cân,mệt mỏi,chán ăn,đau bụng,,,
Tay chân miệng,sốt,loét miệng,chán ăn,phát ban,mệt mỏi,,,
Viêm vòi trứng,ra khí hư,đau bụng dưới,sốt,,,,,
Phình động mạch chủ,đau ngực,mệt mỏi,khó thở,,,,,
U lành tính tử cung,đau khi quan hệ,đau bụng dưới,rối loạn kinh nguyệt,ra khí hư,,,,
Viêm xoang mạn,ho,nghẹt mũi,sốt,khàn tiếng,,,,
Viêm sụn khớp cấp,đau khớp,đau xương,hạn chế vận động,cứng khớp,đau dữ dội,,,
Áp xe tiểu phế quản,sốt,sưng,đau,ho,khó thở,,,
Gout,đỏ khớp,đau khớp,sưng khớp,nóng khớp,,,,
Viêm thanh quản,đau ngực,ho,thở khò khè,ho có đờm,,,,
Ung thư âm đạo,đau khi quan hệ,sụt cân,đau bụng dưới,mệt mỏi,,,,
Ung thư mào tinh hoàn,rối loạn kinh nguyệt,sụt cân,mệt mỏi,đau khi quan hệ,ra khí hư,chán ăn,,
U lành tính xoang,đau họng,nghẹt mũi,ho,,,,,
Viêm trung thất cấp,thở khò khè,sốt,ho có đờm,đau ngực,,,,
Phình cơ tim,hồi hộp,mệt mỏi,khó thở,,,,,
Tay chân miệng,sốt,loét miệng,phát ban,,,,,
Loét tâm vị,đau thượng vị,đầy hơi,nôn ra máu,buồn nôn,,,,
Viêm bao hoạt dịch cấp,sưng khớp,hạn chế vận động,đau khớp,,,,,
Viêm kết mạc cấp,mắt đỏ,đau dữ dội,chảy nước mắt,sốt,đau mắt,mờ mắt,,
Viêm tâm vị,đầy hơi,ợ chua,đau thượng vị,,,,,
Nhiễm trùng hậu môn,đầy hơi,ớn lạnh,sốt,,,,,
Viêm mào tinh hoàn cấp,đau bụng dưới,đau khi quan hệ,sốt,đau dữ dội,rối loạn kinh nguyệt,,,
U lành tính kết mạc,mờ mắt,chảy nước mắt,mắt đỏ,đau mắt,,,,
Viêm giác mạc cấp,cộm mắt,đau dữ dội,đau mắt,sốt,,,,
Viêm mống mắt mạn,mắt đỏ,mờ mắt,kéo dài,chảy nước mắt,sốt,mệt mỏi,,
Viêm gan,mệt mỏi,chán ăn,vàng da,đau hạ sườn phải,,,,
Viêm cột sống,đau khớp,đau xương,sưng khớp,sốt,,,,
Lao cột sống,đổ mồ hôi đêm,đau khớp,hạn chế vận động,sốt nhẹ,sụt cân,sưng khớp,,
Viêm tuyến tiền liệt cấp,ra khí hư,đau khi quan hệ,đau dữ dội,đau bụng dưới,,,,
Viêm cổ tử cung,đau bụng dưới,sốt,rối loạn kinh nguyệt,,,,,
Viêm màng não cấp,tê tay chân,chóng mặt,yếu liệt tay chân,sốt,,,,
Viêm đường mật cấp,vàng da,chán ăn,mệt mỏi,,,,,
Viêm tử cung,đau bụng dưới,rối loạn kinh nguyệt,đau khi quan hệ,sốt,ra khí hư,,,
Viêm van tim cấp,khó thở,phù chân,mệt mỏi,sốt,,,,
U lành tính âm đạo,rối loạn kinh nguyệt,đau khi quan hệ,đau bụng dưới,,,,,
Ung thư hồi tràng,chán ăn,đi ngoài ra máu,mệt mỏi,đau bụng,sụt cân,táo bón,đầy hơi,
Ung thư ruột non,đi ngoài ra máu,tiêu chảy,táo bón,mệt mỏi,chán ăn,đau bụng,sụt cân,
Viêm buồng trứng mạn,đau khi quan hệ,rối loạn kinh nguyệt,ho,mệt mỏi,sốt,,,
Ung thư lách,chán ăn,loét miệng,mệt mỏi,đau hạ sườn phải,vàng da,sụt cân,,
Viêm dạ dày mạn,buồn nôn,đầy hơi,ợ chua,đau thượng vị,sốt,chán ăn,,
Cường giáp,run tay,hồi hộp,,,,,,
Sỏi thận,đau quặn thận,đau lưng,run tay,tiểu buốt,buồn nôn,,,
Viêm ruột non,đi ngoài ra máu,sốt,đầy hơi,táo bón,tiêu chảy,,,
Ung thư thực quản,sụt cân,đầy hơi,buồn nôn,,,,,
Zona thần kinh,đau rát da,sốt nhẹ,phát ban,mụn nước,,,,
U lành tính tụy,chán ăn,đau hạ sườn phải,mệt mỏi,,,,,
Viêm bàng quang cấp,tiểu ra máu,tiểu nhiều lần,tiểu rắt,,,,,
Viêm âm đạo mạn,sốt,đau khi quan hệ,kéo dài,đau bụng dưới,,,,
Suy giáp,rụng tóc,mệt mỏi,tăng cân,sợ lạnh,táo bón,da khô,,
Viêm hồi tràng,sốt,táo bón,đầy hơi,tiêu chảy,đau bụng,,,
Loét tá tràng,đau,chán ăn,đầy hơi,đau thượng vị,,,,
Viêm tụy mạn,vàng da,sốt,buồn nôn,kéo dài,,,,
Polyp ruột non,đi ngoài ra máu,táo bón,,,,,,
Viêm âm đạo,đau khi quan hệ,rối loạn kinh nguyệt,,,,,,
U lành tính tuyến lệ,mắt đỏ,đau mắt,,,,,,
Viêm khớp háng cấp,sốt,đau xương,sưng khớp,đau khớp,,,,
Viêm họng,đau họng,sưng hạch,khó nuốt,,,,,
Sỏi bể thận,đau quặn thận,tiểu buốt,tiểu nhiều lần,đau lưng,,,,
Viêm tử cung cấp,rối loạn kinh nguyệt,đau dữ dội,đau bụng dưới,đau mặt,đau khi quan hệ,,,
Viêm phổi,ho có đờm,sốt cao,khó thở,mệt mỏi,ớn lạnh,,,
Viêm đại tràng,tiêu chảy,đầy hơi,đi ngoài ra máu,,,,,
Ung thư họng,sụt cân,nghẹt mũi,khàn tiếng,đau họng,,,,
Viêm lách mạn,sốt,vàng da,kéo dài,đau hạ sườn phải,,,,
U lành tính túi mật,vàng da,buồn nôn,,,,,,
Viêm tai ngoài,đau tai,đau họng,nghẹt mũi,sốt,ho,,,
Ung thư khí quản,sụt cân,đau ngực,mệt mỏi,ho,khó thở,chán ăn,thở khò khè,
Viêm màng ngoài tim cấp,mệt mỏi,phù chân,khó thở,sốt,hồi hộp,,,
Viêm cột sống cổ cấp,đau khớp,hạn chế vận động,đau dữ dội,sưng khớp,đau xương,cứng khớp,,
Viêm mào tinh hoàn mạn,ra khí hư,rối loạn kinh nguyệt,,,,,,
Nhiễm trùng âm đạo,đau khi quan hệ,đau bụng dưới,sốt,rối loạn kinh nguyệt,da khô,,,
U lành tính mống mắt,đau mắt,mờ mắt,chảy nước mắt,cộm mắt,,,,
Áp xe trung thất,ho có đờm,đau ngực,đau,sốt,ho,thở khò khè,khó thở,
Quai bị,đau khi nhai,sưng tuyến mang tai,sốt,mệt mỏi,,,,
Viêm vòi trứng cấp,rối loạn kinh nguyệt,đau bụng dưới,ra khí hư,sốt,,,,
Ung thư dây thanh,mệt mỏi,sụt cân,đau tai,đau họng,khàn tiếng,ho,nghẹt mũi,
Viêm móng mạn,mụn nước,phát ban,da đỏ,sốt,,,,
Viêm màng ngoài tim,khó thở,mệt mỏi,phù chân,sốt,đau ngực,,,
Thoái hóa khớp vai,đau xương,sưng khớp,,,,,,
Viêm họng cấp,ho,đau tai,đau họng,đau dữ dội,,,,
Viêm phổi cấp,đau ngực,ho,ho có đờm,thở khò khè,sốt,đau dữ dội,,
Viêm tai ngoài cấp,đau họng,nghẹt mũi,đau tai,ho,,,,
Ung thư đại tràng,sụt cân,đau dữ dội,tiêu chảy,mệt mỏi,táo bón,đi ngoài ra máu,,
Ung thư dây thần kinh,sụt cân,chóng mặt,đau đầu,,,,,
Viêm thực quản,buồn nôn,sốt,ợ chua,đầy hơi,chán ăn,,,
Loét thực quản,chán ăn,ợ chua,đau thượng vị,,,,,
Nhiễm trùng hậu môn,táo bón,đầy hơi,đau bụng,,,,,
Tay chân miệng,đầy hơi,loét miệng,phát ban,sốt,,,,
Ung thư bàng quang,mệt mỏi,sụt cân,tiểu buốt,đau lưng,,,,
Hẹp màng ngoài tim,phù chân,đau ngực,hồi hộp,,,,,
Viêm lách,vàng da,mệt mỏi,đau hạ sườn phải,buồn nôn,,,,
Viêm tinh hoàn cấp,sốt,rối loạn kinh nguyệt,đau bụng dưới,,,,,
Viêm ruột non mạn,ngứa,tiêu chảy,đầy hơi,mệt mỏi,đau bụng,,,
Viêm cột sống cấp,cứng khớp,đau dữ dội,đau khớp,đau xương,sốt,,,
Ung thư niệu quản,tiểu buốt,tiểu ra máu,tiểu rắt,sụt cân,,,,
Viêm khớp háng cấp,đau dữ dội,cứng khớp,đau khớp,sưng khớp,sốt,hạn chế vận động,,
Loét dạ dày,buồn nôn,đau,ợ chua,đau thượng vị,,,,
Viêm bể thận mạn,sốt,đi lại khó,tiểu nhiều lần,tiểu rắt,tiểu ra máu,tiểu buốt,,
Thoái hóa cột sống,cứng khớp,sưng khớp,,,,,,
Viêm khí quản,tiểu nhiều lần,đau ngực,ho,,,,,
U lành tính nang lông,da đỏ,phát ban,ngứa,,,,,
Ung thư ruột thừa,đi ngoài ra máu,sụt cân,tiêu chảy,mệt mỏi,đau bụng,táo bón,,
Hẹp van tim,mệt mỏi,khó thở,phù chân,,,,,
Polyp thực quản,đầy hơi,buồn nôn,,,,,,
Viêm móng cấp,da đỏ,ngứa,bong tróc da,phát ban,,,,
Viêm trung thất mạn,kéo dài,khó thở,mệt mỏi,ho có đờm,ho,,,
Polyp hồi tràng,táo bón,tiêu chảy,đầy hơi,,,,,
Viêm màng phổi mạn,khó thở,ho có đờm,đau ngực,mệt mỏi,ho,,,
Suy giáp,mệt mỏi,sợ lạnh,tăng cân,,,,,
Ung thư tiểu phế quản,sụt cân,ho,chán ăn,rụng tóc,mệt mỏi,ho có đờm,,
U lành tính bờ mi,chảy nước mắt,cộm mắt,,,,,,
U lành tính cổ tử cung,rối loạn kinh nguyệt,ra khí hư,,,,,,
Viêm trung thất,sốt,ho,khó thở,thở khò khè,,,,
Táo bón,phân cứng,đi ngoài khó,,,,,,
Viêm trực tràng,sốt,tiêu chảy,táo bón,,,,,
Viêm tai giữa mạn,mệt mỏi,nghẹt mũi,khàn tiếng,ho,kéo dài,đau tai,sốt,đau họng
Nhiễm trùng cổ tử cung,ớn lạnh,rối loạn kinh nguyệt,sốt,đau khi quan hệ,,,,
Ung thư niệu đạo,chán ăn,tiểu nhiều lần,sụt cân,đau lưng,tiểu buốt,,,
Viêm hậu môn mạn,mệt mỏi,đầy hơi,đi ngoài ra máu,đau bụng,kéo dài,,,
Viêm màng ngoài tim mạn,hồi hộp,,,,,,,
Viêm van tim cấp,phù chân,mệt mỏi,,,,,,
Viêm van tim mạn,kéo dài,khó thở,mệt mỏi,phù chân,,,,
Tay chân miệng,phát ban,mệt mỏi,sốt,loét miệng,chán ăn,,,
Viêm tụy,da đỏ,sốt,chán ăn,,,,,
Viêm âm đạo cấp,rối loạn kinh nguyệt,sốt,đau dữ dội,ra khí hư,đau bụng dưới,,,
Viêm tuyến bã mạn,da đỏ,phát ban,ngứa,mụn nước,kéo dài,sốt,mệt mỏi,
Ung thư màng phổi,mệt mỏi,khó thở,ho có đờm,chán ăn,thở khò khè,sụt cân,đau ngực,
Viêm tai ngoài mạn,kéo dài,nghẹt mũi,ho,khàn tiếng,,,,
Hen suyễn,đau ngực,thở khò khè,khó thở,,,,,
Viêm bể thận,tiểu nhiều lần,sốt,đau lưng,tiểu ra máu,tiểu rắt,nhạy cảm ánh sáng,,
Tiểu đường,sụt cân,khát nước nhiều,tiểu nhiều,,,,,
Thoái hóa cột sống,sưng khớp,đau xương,hạn chế vận động,,,,,
Đột quỵ,nói khó,yếu liệt tay chân,mờ mắt,méo miệng,,,,
Ung thư cổ tử cung,đau bụng dưới,sụt cân,đau khi quan hệ,ra khí hư,rối loạn kinh nguyệt,chán ăn,,
Viêm sụn khớp cấp,cứng khớp,hạn chế vận động,sưng khớp,đau xương,,,,
Lao phổi,ho kéo dài,mệt mỏi,ho ra máu,sụt cân,sốt nhẹ,,,
Viêm cột sống cổ cấp,hạn chế vận động,sốt,đau xương,sưng khớp,,,,
Viêm đường mật,sốt,buồn nôn,chán ăn,mệt mỏi,,,,
Hẹp van tim,phù chân,mệt mỏi,đau ngực,hồi hộp,,,,
Ung thư vòm họng,sụt cân,ho,khàn tiếng,nghẹt mũi,đau tai,mệt mỏi,,
Viêm mào tinh hoàn,đau bụng dưới,rối loạn kinh nguyệt,đau khi quan hệ,sốt,,,,
Viêm khớp háng mạn,hạn chế vận động,kéo dài,đau khớp,mệt mỏi,đau xương,,,
Loét dạ dày,ợ chua,đau,đau thượng vị,chán ăn,buồn nôn,,,
Viêm màng ngoài tim,khó thở,phù chân,đau ngực,,,,,
Viêm dạ dày mạn,chán ăn,buồn nôn,đầy hơi,mệt mỏi,,,,
Viêm cột sống mạn,hạn chế vận động,đau xương,cứng khớp,,,,,
Thoái hóa khớp gối,cứng khớp,hạn chế vận động,,,,,,
Viêm niệu quản cấp,tiểu nhiều lần,sốt,tiểu ra máu,tiểu buốt,,,,
Viêm dây thần kinh,sốt,tê tay chân,co giật,đau đầu,,,,
Áp xe thanh quản,thở khò khè,đau,ho,ho có đờm,,,,
Áp xe khí quản,sốt,ho có đờm,khó thở,đau,thở khò khè,,,
Áp xe thanh quản,ho,sốt,khó thở,đau ngực,cộm mắt,,,
Viêm khớp gối,sốt,cứng khớp,,,,,,
Viêm trung thất,ho,khó thở,thở khò khè,sốt,,,,
Viêm đường mật cấp,chán ăn,vàng da,buồn nôn,đau hạ sườn phải,sốt,,,
Viêm dây thanh mạn,mệt mỏi,đau họng,đau tai,khàn tiếng,đau thượng vị,,,
Viêm ruột non cấp,táo bón,đau bụng,đau dữ dội,tiêu chảy,,,,
Loét thực quản,nôn ra máu,đau thượng vị,buồn nôn,đầy hơi,,,,
Ung thư màng não,tê tay chân,co giật,sụt cân,yếu liệt tay chân,,,,
Áp xe phế quản,sốt,sưng,ho có đờm,thở khò khè,,,,
Ung thư amidan,đau tai,sụt cân,đau họng,ho,khàn tiếng,chán ăn,nghẹt mũi,
Viêm niệu đạo cấp,sốt,tiểu rắt,đau dữ dội,,,,,
U lành tính vòm họng,nghẹt mũi,ho,đau tai,,,,,
Ung thư túi mật,chán ăn,vàng da,đau hạ sườn phải,sụt cân,,,,
Lao cột sống cổ,đau xương,hạn chế vận động,cứng khớp,đau khớp,đổ mồ hôi đêm,sụt cân,,
Suy tim,mệt mỏi,khó thở,hồi hộp,ho,,,,
Viêm bao hoạt dịch,sưng khớp,đau xương,hạn chế vận động,,,,,
Polyp đại tràng,đi ngoài ra máu,đầy hơi,đau bụng,tiêu chảy,,,,
Viêm nang lông,mụn nước,phát ban,,,,,,
Nhiễm trùng mào tinh hoàn,ra khí hư,đau bụng dưới,ớn lạnh,rối loạn kinh nguyệt,,,,
Polyp ruột thừa,tiêu chảy,đau bụng,đi ngoài ra máu,đầy hơi,táo bón,,,
U lành tính lách,vàng da,mệt mỏi,,,,,,
Viêm ruột thừa,đau hố chậu phải,đau bụng,chán ăn,sốt,,,,
Ngộ độc thực phẩm,đau bụng,tiêu chảy,nôn,,,,,
Ung thư thận,tiểu ra máu,đau lưng,chán ăn,tiểu buốt,sụt cân,tiểu nhiều lần,mệt mỏi,
Viêm van tim mạn,khó thở,mệt mỏi,đau ngực,,,,,
Viêm khớp gối cấp,đau khớp,hạn chế vận động,sốt,,,,,
Viêm khớp vai,cứng khớp,sưng khớp,hạn chế vận động,sốt,đau khớp,đau xương,,
Phình van tim,khó thở,hồi hộp,đau ngực,,,,,
Viêm mào tinh hoàn mạn,sốt,mệt mỏi,rối loạn kinh nguyệt,ra khí hư,đau bụng dưới,,,
Viêm tá tràng cấp,đầy hơi,buồn nôn,đau thượng vị,chán ăn,đau dữ dội,,,
Viêm bao hoạt dịch,sưng khớp,hạn chế vận động,đau khớp,sốt,,,,
Ung thư tâm vị,đầy hơi,mệt mỏi,chán ăn,sụt cân,đau thượng vị,,,
Nhiễm trùng nang lông,mụn nước,ngứa,ớn lạnh,da đỏ,bong tróc da,sốt,phát ban,
Polyp manh tràng,đi ngoài ra máu,đau bụng,,,,,,
Viêm bao hoạt dịch,hạn chế vận động,sốt,đau khớp,sưng khớp,bong tróc da,cứng khớp,,
Viêm tinh hoàn mạn,ra khí hư,đau khi quan hệ,kéo dài,rối loạn kinh nguyệt,mệt mỏi,,,
Viêm giác mạc,mờ mắt,cộm mắt,chảy nước mắt,,,,,
Nhiễm trùng niệu đạo,ớn lạnh,tiểu nhiều lần,tiểu rắt,tiểu buốt,,,,
Ung thư tuyến bã,sụt cân,phát ban,mụn nước,,,,,
Viêm gan,chán ăn,mệt mỏi,đau hạ sườn phải,vàng da,buồn nôn,,,
Viêm ruột non mạn,kéo dài,mệt mỏi,tiêu chảy,đầy hơi,sốt,đau bụng,,
Thiếu máu,khó thở,mệt mỏi,da xanh xao,hồi hộp,chóng mặt,,,
Nhiễm trùng bể thận,tiểu nhiều lần,tiểu buốt,tiểu ra máu,méo miệng,,,,
Thủy đậu,mụn nước,ngứa,phát ban,,,,,
Viêm tinh hoàn,đau bụng dưới,đau khi quan hệ,,,,,,
Lao gân gót,sưng khớp,sụt cân,hạn chế vận động,đổ mồ hôi đêm,sốt nhẹ,cứng khớp,đau khớp,
Ung thư đường mật,sụt cân,đau hạ sườn phải,vàng da,,,,,
Ung thư thanh quản,ho,chán ăn,ho có đờm,thở khò khè,đau ngực,,,
Viêm âm đạo,đau bụng dưới,rối loạn kinh nguyệt,đau khi quan hệ,,,,,
Ung thư bể thận,chán ăn,tiểu nhiều lần,tiểu rắt,tiểu ra máu,sụt cân,,,
Thoái hóa cột sống,cứng khớp,hạn chế vận động,sưng khớp,đau xương,,,,
Viêm võng mạc cấp,đau thượng vị,đau dữ dội,mắt đỏ,,,,,
Ung thư buồng trứng,sụt cân,đau bụng dưới,mệt mỏi,rối loạn kinh nguyệt,,,,
Viêm họng cấp,ho,đau tai,đau dữ dội,sốt,nghẹt mũi,khàn tiếng,đau họng,
Sỏi niệu quản,tiểu ra máu,tiểu buốt,tiểu nhiều lần,,,,,
Viêm bàng quang mạn,kéo dài,tiểu ra máu,đau lưng,tiểu buốt,tiểu nhiều lần,tiểu rắt,,
Viêm gan,chán ăn,mệt mỏi,đau hạ sườn phải,vàng da,buồn nôn,,,
Ung thư niệu quản,mệt mỏi,đau lưng,tiểu buốt,tiểu ra máu,tiểu rắt,mắt đỏ,sụt cân,
Viêm túi mật mạn,đau hạ sườn phải,mệt mỏi,kéo dài,vàng da,chán ăn,,,
Viêm khớp háng cấp,đau xương,đau khớp,sốt,đau dữ dội,sưng khớp,cứng khớp,,
Viêm xoang cấp,khàn tiếng,nghẹt mũi,sốt,đau dữ dội,đau tai,,,
Táo bón,đầy hơi,phân cứng,đi ngoài khó,,,,,
Áp xe phổi,thở khò khè,ho có đờm,đau,sốt,ho,,,
Viêm khớp dạng thấp,mệt mỏi,cứng khớp,sưng khớp,,,,,
Viêm lách,đau hạ sườn phải,chán ăn,vàng da,,,,,
Viêm đại tràng mạn,đầy hơi,táo bón,mất hứng thú,tiêu chảy,mệt mỏi,sốt,,
Viêm thực quản mạn,đau bụng,buồn nôn,đầy hơi,ợ chua,chán ăn,,,
Ung thư phế quản,sụt cân,đau ngực,ho có đờm,ho,khó thở,mệt mỏi,,
Ung thư móng,sụt cân,mụn nước,bong tróc da,ngứa,,,,
Ung thư ruột thừa,táo bón,mệt mỏi,đau bụng,đi ngoài ra máu,sụt cân,,,
Viêm màng não cấp,chóng mặt,tê tay chân,co giật,yếu liệt tay chân,,,,
Viêm giác mạc,mờ mắt,đau mắt,cộm mắt,mắt đỏ,chảy nước mắt,,,
Viêm sụn khớp cấp,cứng khớp,hạn chế vận động,sưng khớp,đau khớp,,,,
Táo bón,phân cứng,đầy hơi,đi ngoài khó,,,,,
U lành tính dây thanh,ho,,,,,,,
Viêm cột sống mạn,cứng khớp,hạn chế vận động,đau xương,kéo dài,,,,
Viêm khí quản mạn,ho,khó thở,mệt mỏi,khàn tiếng,,,,
Viêm tiểu phế quản,khó thở,ho,,,,,,
Viêm bàng quang mạn,mệt mỏi,đau lưng,tiểu rắt,tiểu nhiều lần,tiểu ra máu,tiểu buốt,,
Ung thư nang lông,da đỏ,bong tróc da,sụt cân,mệt mỏi,chán ăn,,,
Viêm màng phổi,khó thở,thở khò khè,ho,sốt,,,,
Ung thư tuyến tiền liệt,đau khi quan hệ,ra khí hư,sụt cân,chán ăn,đau bụng dưới,rối loạn kinh nguyệt,,
Lao khớp háng,đổ mồ hôi đêm,sốt nhẹ,hạn chế vận động,đau xương,sưng khớp,sụt cân,đau khớp,
Ung thư tụy,chán ăn,mệt mỏi,sụt cân,đau hạ sườn phải,,,,
Viêm tử cung cấp,đau khi quan hệ,đau dữ dội,rối loạn kinh nguyệt,đau bụng dưới,,,,
Viêm ruột non mạn,tiêu chảy,đi ngoài ra máu,kéo dài,đầy hơi,đau bụng,,,
Áp xe phổi,ho có đờm,ho,sốt,thở khò khè,đau ngực,,,
Viêm bàng quang mạn,đau lưng,tiểu rắt,tiểu nhiều lần,mệt mỏi,đỏ khớp,tiểu buốt,,
Áp xe khí quản,sốt,khó thở,ho có đờm,đau ngực,,,,
COVID-19,sốt,ho khan,đau họng,mệt mỏi,,,,
Sỏi thận,đau lưng,tiểu buốt,đau quặn thận,,,,,
Viêm bờ mi cấp,chảy nước mắt,sốt,cộm mắt,,,,,
Viêm cơ tim mạn,khó thở,mệt mỏi,đau ngực,hồi hộp,phù chân,,,
Trĩ,đi ngoài ra máu,ngứa hậu môn,sa búi trĩ,đau hậu môn,,,,
Áp xe thanh quản,sưng,khó thở,ho,ho có đờm,sốt,,,
Viêm manh tràng cấp,sốt,táo bón,đầy hơi,đau bụng,,,,
U lành tính tai giữa,đau họng,đau tai,khàn tiếng,nghẹt mũi,,,,
Viêm khớp vai mạn,đau khớp,hạn chế vận động,đau xương,,,,,
U lành tính tuyến lệ,mờ mắt,mắt đỏ,cộm mắt,đau mắt,,,,
Viêm niệu quản cấp,đau dữ dội,tiểu buốt,tiểu rắt,tiểu nhiều lần,sốt,,,
Ung thư hồi tràng,sụt cân,đầy hơi,mệt mỏi,tiêu chảy,táo bón,,,
Tiểu đường,khát nước nhiều,mệt mỏi,tiểu nhiều,,,,,
Sỏi niệu quản,tiểu ra máu,đau quặn thận,tiểu nhiều lần,,,,,
Táo bón,đầy hơi,phân cứng,đi ngoài khó,chán ăn,,,,
Viêm màng phổi cấp,ho có đờm,ho,thở khò khè,,,,,
Viêm kết mạc mạn,cộm mắt,kéo dài,đau mắt,mờ mắt,sốt,chảy nước mắt,,
Lao khớp gối,sốt nhẹ,sụt cân,đổ mồ hôi đêm,đau xương,,,,
Viêm buồng trứng,rối loạn kinh nguyệt,đau bụng dưới,sốt,,,,,
Áp xe màng phổi,thở khò khè,đau,ho,khó thở,đau ngực,sốt,,
Ung thư lách,buồn nôn,chán ăn,sụt cân,đau hạ sườn phải,,,,
Thoái hóa cột sống cổ,hạn chế vận động,đau xương,đau khớp,,,,,
Ung thư da,mụn nước,chán ăn,sụt cân,ngứa,da đỏ,,,
Viêm cột sống cổ mạn,cứng khớp,sưng khớp,kéo dài,mệt mỏi,đau khớp,sốt,đau xương,hạn chế vận động
U lành tính buồng trứng,đau khi quan hệ,ra khí hư,rối loạn kinh nguyệt,,,,,
Viêm ruột thừa mạn,kéo dài,đi ngoài ra máu,sốt,,,,,
Viêm khí quản,thở khò khè,sốt,đau ngực,ho,,,,
Viêm dạ dày,đau thượng vị,chán ăn,ợ chua,buồn nôn,,,,
Áp xe đường mật,đau hạ sườn phải,sốt,buồn nôn,nôn ra máu,đau,mệt mỏi,,
Viêm thận,đau lưng,tiểu nhiều lần,sốt,,,,,
U lành tính tụy,đau hạ sườn phải,chán ăn,buồn nôn,,,,,
Viêm tuyến bã mạn,mất hứng thú,phát ban,mệt mỏi,da đỏ,mụn nước,,,
Viêm màng não,lơ mơ,buồn nôn,sốt cao,đau đầu dữ dội,,,,
Viêm tụy cấp,chán ăn,vàng da,buồn nôn,đau hạ sườn phải,,,,
